# Resource object code (Python 3)
# Created by: object code
# Created by: The Resource Compiler for Qt version 6.11.1
# WARNING! All changes made in this file will be lost!

from PySide6 import QtCore

qt_resource_data = b"\
\x00\x02q\x84\
\x89\
PNG\x0d\x0a\x1a\x0a\x00\x00\x00\x0dIHDR\x00\
\x00\x04\xb0\x00\x00\x04\xb0\x08\x06\x00\x00\x00\xeb!\xb3\xcf\
\x00\x00\x00\x04sBIT\x08\x08\x08\x08|\x08d\x88\
\x00\x00 \x00IDATx\x9c\xec\xddy\x98fg\
]\xe7\xff\xf7\xf7\xd9\xea\xa9\xea\xee\xec\x1b!\x81\x84\xb0\
$\x98\x00\x83@@\x16Q\x14\x97Ad\xfc\x81,\xfa\
C\x9c\x19qXgq\x03\x1cgq\xc3m~\x8e\x80\
(8\x8e\xe2\x08\x09\xcb8(*\x0c\x0e*;Ap\
\xd8C\x80\x84\x84\x84\x84\x84,\xbd\xd4\xf2\xac\xe7\xfb\xfb\
\xe3<\xdd\xa9@\x96^\xaa\xea~\x96\xf7\xeb\xba\xee>\
\xa7\xaa\xba;\x9f\xeb\xea\xea>\xe7|r\xdf\xf7\x09$\
I\x92\xe6@f.\x01\xc7M\xc6\x9eMc7\xb0k\
\xd3qe\xd3X\x9e\x8c\xeed,m\x1a\x9dM\xa3\x0d\
\xb4\x80\xd3\xb78\xf6\x8d\xc0p\xd3\x18LF\x7f\xd3\xe8\
\x01\x1b\x9b\x8e\xeb\x93\xb169\xaeN\xceW\x81\x03\x9b\
\xc6~`\x7fD\xf4\xb78\xb3$I\xd2\x8e\x8b\xd2\x01\
$I\x926\xcb\xcc\x93\x80S&\xe3\xe4\xc98i\xd3\
8q2N\xd84\x8e\xa7.\xa0\xf4\xcdz\xc0^`\
\xdf\xe4\xb8\x17\xb8m2n\xdd4n\x99\x8c\x9b\x81\x9b\
#\xe2\xd6\x22i%I\x92\xee\x84\x05\x96$I\xdav\
\x99y:p/\xe0\x8c\xc98}\xd38m\xd38\xa3\
TF\xdd\xa9\x1b\x80\xaf\x037M\xc6\x8d\x9b\xc6\xd7&\
\xe3\x86\x88\xb8\xb1XBI\x92\xb4\x10,\xb0$I\xd2\
Q\xcb\xcc\x0ep6p\xd6\xa6q\xef\xc9\xf1\xcc\xc9\xb8\
\x17\xf5\xf2;\xcd\xaf\x11u\xd9u\xfdd\x5c\x07|u\
r<8\xae\x8d\x88A\xb1\x84\x92$i\xa6Y`I\
\x92\xa4\xbb\x94\x99\xbb\x81s&\xe3\xbe\x93\xe3}&\xe3\
a\xb8lOG\xa6\x07|\x12\xb8\x06\xf8\x0ap\xf5\xe4\
\xfcj\xe0\xea\x88X-\x96L\x92$M5\x0b,I\
\x92\x16\x5cf\x9e\x09\x9c\xb7i\xdc\x0f8wr\xdc\xea\
M\xcb\xa5\xbbs#p\x15\xf0\xe5\xc9\xf1\xca\x83#\x22\
\xae/\x19L\x92$\x95e\x81%I\xd2\x02\xc8\xcc\x93\
\x81\x07N\xc6\x036\x8d\xfbS\xbf\xa9O\x9av\x07\x80\
/\x01_\xdc4\xbe\x00|!\x22n)\x19L\x92$\
m?\x0b,I\x92\xe6Hf\x9e\x03\x9c\x0f\x5c09\
\x9e\x0f<\x08gRi\xbe\xdd\x08\x5c\x01|~2.\
\x07>\x1f\x11W\x97\x0c%I\x92\xb6\x8e\x05\x96$I\
3(3\xcf\x06\xbee\xd3x\xf0d8\x9bJ\xba\xdd\
\x01\xe0s\x93\xf1\xd9\x83#\x22\xae-\x9aJ\x92$\x1d\
1\x0b,I\x92\xa6Xf\xae\x00\x0f\x01.\x9a\x1c/\
\x9c\x9c\x9f\x5c2\x974\xe3n\x01>\x0d|fr\xfc\
\x14\xf0\xa9\x88X/\x9aJ\x92$\xdd%\x0b,I\x92\
\xa6Df\x9eA\xfdf\xbf\x87\x01\x0f\x9d\x8c\x0b\x8a\x86\
\x92\x16\xcb\xe5\xd4oI\xfc$\xf0\x09\xe0\x13\x11\xf1\xb5\
\xb2\x91$I\x12X`I\x92TDf\xde\x1bx\xf8\
\xa6q1\xeeS%M\xa3\x1b\x81\xcb\x80\x7f<8\x22\
\xe2\xabe#I\x92\xb4x,\xb0$I\xdaf\x99\xd9\
\x06\x1e=\x19\x17\x03\x8f\x02\xce.\x1aJ\xd2\xb1\xb8\x16\
\xf8(u\xb1\xf5\x11\xe0#\x111,\x1bI\x92\xa4\xf9\
f\x81%I\xd2\x16\xcb\xcc3\x81\xc7L\xc6\xe3\xa8K\
+I\xf3\xed2\xe0\x03\xc0\x87\x81\x0fG\xc4\xf5\x85\xf3\
H\x924W,\xb0$I:F\x99\xf9`\xe0\xb1\xc0\
\xb7\x01\xdf\x0d\xdc\xbbl\x22IS\xe0\xab\xc0\xdf\x00\x1f\
\x02>\x18\x11\x9f+\x9cG\x92\xa4\x99f\x81%I\xd2\
\x11\xca\xccGQ\xcf\xacz,\xf0C\x85\xe3H\x9a\x1d\
\x7fF=K\xeb\x83\x11\xf1\xd1\xd2a$I\x9a%\x16\
X\x92$\xdd\x83\xcc|<ua\xf5x\xe0\xfb\x0a\xc7\
\x914?\xde\x09\xbc\x1f\xf8@D\xbc\xbft\x18I\x92\
\xa6\x99\x05\x96$I\x9bdf\x00O\x98\x8c\xc7S/\
\x09\x94\xa4\x9d\xf07\xc0\xfb\x80\xf7G\xc4{K\x87\x91\
$i\x9aX`I\x92\x16^f>\x0e\xf8\xf6\xc9x\
\x02\xb0T6\x91$\xd1\x07\xdeK]h\xbd7\x22>\
P8\x8f$IEY`I\x92\x16Nf>\x02x\
\xe2\xa6\xb1\xab`\x1cI:\x1c\xab\xd4\x85\xd6\xdf\x03\x7f\
\x1f\x11\x1f+\x1bG\x92\xa4\x9de\x81%I\x9a{\x99\
y>\xf0\x1d\x93\xf1D\xe0\xd4\xa2\x81$\xe9\xd8}\x9d\
\xba\xcc\xfa;\xe0o#\xe2\x8a\xb2q$I\xda^\x16\
X\x92\xa4\xb9\x93\x99\xa7\x01\xdf\x09<\x89\xba\xb4:\xaf\
l\x22I\xdavW\x02\x7f{pD\xc4M\x85\xf3H\
\x92\xb4\xa5,\xb0$Is!3\x9fD]X=\x09\
xT\xe18\x92T\xdaG\x81\xf7\x00\xef\x89\x88\xf7\x94\
\x0e#I\xd2\xb1\xb2\xc0\x92$\xcd\xa4\xcc\xbc\x80\xfa\x0d\
\x81\xdf\x05\xfc@\xe18\x924\xed\xdeA\xfd\x96\xc3\xff\
\x13\x11\x97\x97\x0e#I\xd2\x91\xb2\xc0\x92$\xcd\x84\xcc\
\x5c\x01\x9eL]Z=\x1d8\xadl\x22I\x9aY7\
\x01o\xa3.\xb4\xde\x1d\x11\xeb\x85\xf3H\x92t\x8f,\
\xb0$IS+3/\xa2.\xad\x9eB\xbd\xf9\xba$\
i\xeb\xfd=\xf0\x97\xd4e\xd6\xa7\x0bg\x91$\xe9N\
Y`I\x92\xa6Ff\xb6\x81\xef\x9d\x8c\xef\xc1\xcd\xd7\
%i\xa7]\x09\xfco\xe0]\xc0\xbb\x22bX8\x8f\
$I\x80\x05\x96$\xa9\xb0\xcc\xec\x02O\xdb4\x96\xca\
&\x92$M\xf4\x81\xb7\x1f\x1c\x11\xd1+\x9cG\x92\xb4\
\xc0,\xb0$I;.3;\xc0\x0f\x01\xff\x0fui\
\xd5*\x9bH\x92t\x0fF\xd4E\xd6\xff\x04\xfe,\x22\
\x06\x85\xf3H\x92\x16\x8c\x05\x96$iGdf\x83\xba\
\xb4\xfa!\xe0Yx\x0d\x92\xa4Y\x95\xc0\xa5\xc0\x9fQ\
\x97YU\xe1<\x92\xa4\x05\xe0\xc3\x83$i[e\xe6\
S\xa9gZ=\xb7t\x16I\xd2\xb6\xf8\x13\xe0\x7fF\
\xc4_\x94\x0e\x22I\x9a_\x16X\x92\xa4-\x97\x99O\
\xa6.\xad\x9e_:\x8b$iG\xbd\x9e\xba\xcczw\
\xe9 \x92\xa4\xf9b\x81%I\xda\x12\x99\xf9m\xc0\xd3\
\x81\x7f[:\x8b$i*\xfc6\xf0\xb6\x88\xf8P\xe9\
 \x92\xa4\xd9g\x81%I:j\x99\xf9-\xc0\x0f\x03\
\xcf\x00.(\x1cG\x924\x9d.\x07\xde\x0a\xbc%\x22\
>[:\x8c$i6Y`I\x92\x8eHf\x9eI\
]Z\xfd0\xf0\x98\xc2q$I\xb3\xe5\xc3\xc0[\xa8\
\xcb\xac\xebK\x87\x91$\xcd\x0e\x0b,I\xd2=\xca\xcc\
\x0e\xf0L\xea\xd2\xea)\x85\xe3H\x92\xe6\xc3_\x01o\
\x06\xde\x1c\x11\x83\xd2a$I\xd3\xcd\x02K\x92t\x97\
&\x9b\xb1?\x8b\xba\xbcZ)\x1cG\x924\x9f\xd6\xb9\
\xbd\xc8\xfa\xdf\xa5\xc3H\x92\xa6\x93\x05\x96$\xe9\x0e2\
\xf3\x22\xe0\xd9\xd4\xc5\xd5\xb9\x85\xe3H\x92\x16\xcb\x97\x81\
K\x81K\x22\xe2\xd3\xa5\xc3H\x92\xa6\x87\x05\x96$\x89\
\xcc<\x11x\x0euq\xf5\xd8\xc2q$I\x02\xf8 \
p\x09\xf0\xa6\x88\xb8\xadt\x18IRY\x16X\x92\xb4\
\xc02\xf3\x07\xa8\x8b\xabg\x95\xce\x22I\xd2\xdd\xb8\x94\
\xba\xc8zG\xe9 \x92\xa42,\xb0$i\xc1d\xe6\
\x85\xc0\x8fP\x17W\xf7)\x1cG\x92\xa4#\xf1\x15\xe0\
M\xc0\x1b#\xe23\xa5\xc3H\x92v\x8e\x05\x96$-\
\x80\xcc\xec\x02?J]\x5c=\xb1l\x1aI\x92\xb6\xc4\
\xdf\x03o\x04\xfe4\x22z\x85\xb3H\x92\xb6\x99\x05\x96\
$\xcd\xb1\xcc|\x02uq\xf5\x13\xa5\xb3H\x92\xb4\x8d\
\xfe\x80\xba\xc8z_\xe9 \x92\xa4\xeda\x81%Is\
&3O\x05\xfe_\xe0%\xc09e\xd3H\x92\xb4\xa3\
\xae\x06^\x0d\xfc\x8f\x88\xf8z\xe1,\x92\xa4-d\x81\
%Is\x223\xbf\x97\xba\xb8zN\xe9,\x92$M\
\x817Q\x17Y\xef*\x1dD\x92t\xec,\xb0$i\
\x86e\xe6\x99\xc0\x8f\x01\xff\x1c\xb8\x7f\xe18\x92$M\
\xa3/\x01\xff\x1dxCD\x5c_:\x8c$\xe9\xe8X\
`I\xd2\x0c\xca\xcc\xef\x03\x9e\x07\xfcp\xe1(\x92$\
\xcd\x92\xb7\x00\x7f\x1c\x11\xef,\x1dD\x92td,\xb0\
$iFd\xe6q\xc0\xbf\x9c\x8c\x0b\x0a\xc7\x91$i\
\x96]\x0e\xfc7\xe0\xbfE\xc4\xfe\xd2a$I\xf7\xcc\
\x02K\x92\xa6\x5cf>\x8c\xfa-\x82?\x01\xb4\x0b\xc7\
\x91$i\x9e\x0c\xa9\xdf`\xf8\x07\x11\xf1\x89\xd2a$\
Iw\xcd\x02K\x92\xa6Tf\xfe \xf0|\xe0\xfbK\
g\x91$i\x01\xfc5\xf0\xfa\x88\xf8\xf3\xd2A$I\
\xdf\xcc\x02K\x92\xa6Hf\xb6\x81\x9f\x9c\x8c\x0b\x0b\xc7\
\x91$i\x11}\x06x\x1d\xf0\xba\x88\x18\x96\x0e#I\
\xaaY`I\xd2\x14\xc8\xcc\xfb\x02\xffj2N(\x1c\
G\x92$\xc1^\xe0\xf7\x81\xdf\x8f\x88kJ\x87\x91\xa4\
Eg\x81%I\x05e\xe6\xc5\xc0\x0b\x80\x1f+\x9dE\
\x92$\xdd\xa57\x00\xbf\x17\x11\x97\x95\x0e\x22I\x8b\xca\
\x02K\x92\x0a\xc8\xcc\x1f\x00^\x08|o\xe9,\x92$\
\xe9\xb0\xbd\x0bxmD\xbc\xa3t\x10IZ4\x16X\
\x92\xb4\x832\xf3\xc7\xa9\x8b\xabG\x94\xce\x22I\x92\x8e\
\xda\xc7\xa8\x8b\xac?*\x1dD\x92\x16\x85\x05\x96$m\
\xb3\xcc\x5c\x02^\x0c\xbc\x088\xb7p\x1cI\x92\xb4u\
\xbe\x0c\xfc.\xf0\x9a\x88\xe8\x97\x0e#I\xf3\xcc\x02K\
\x92\xb6If\x9eF]\x5c\xbd\x188\xb1p\x1cI\x92\
\xb4}n\x03^C]d\xddT:\x8c$\xcd#\x0b\
,I\xdab\x99y?\xe0%\x93\xd1,\x1cG\x92$\
\xed\x9c1\xf0j\xe0\xd5\x11qU\xe90\x924O,\
\xb0$i\x8bd\xe6\x85\xc0K\x81\x9f(\x9dE\x92$\
\x15\xf7\xdf\x80\xdf\x89\x88\xcf\x94\x0e\x22I\xf3\xc0\x02K\
\x92\x8eQf>\x12\xf8\xd7\xc0\x8f\x94\xce\x22I\x92\xa6\
\xce\x1b\xa9\x8b\xac\x7f(\x1dD\x92f\x99\x05\x96$\x1d\
\xa5\xcc|,uq\xf5\x8c\xd2Y$I\xd2\xd4{\x1b\
\xf0_#\xe2\x83\xa5\x83H\xd2,\xb2\xc0\x92\xa4#\x94\
\x99\xdf\x0e\xfc\x1b\xe0i\xa5\xb3H\x92\xa4\x99\xf3v\xea\
\x22\xeb\xbd\xa5\x83H\xd2,\xb1\xc0\x92\xa4\xc3\x94\x99O\
\x04\xfe\x1d\xf0\x03\x85\xa3H\x92\xa4\xd9\xf7\x0e\xe0\xff\x8b\
\x88\xbf/\x1dD\x92f\x81\x05\x96$\xdd\x03\x8b+I\
\x92\xb4\x8d,\xb2$\xe90X`I\xd2]\xc8\xcc\xc7\
\x03?\x0d<\xb5t\x16I\x924\xf7\xfe\x02\xf8/\x11\
\xf1\xbe\xd2A$i\x1aY`I\xd27\xc8\xcc\xc7P\
\x17W?T:\x8b$IZ8\x7f\x06\xfcVD|\
\xb8t\x10I\x9a&\x16X\x924\x91\x99\x0f\x07~\x06\
xV\xe9,\x92$i\xe1]\x0a\xfcfD\xfcc\xe9\
 \x924\x0d,\xb0$-\xbc\xcc\xbc\x00\xf8Y\xe0y\
\x85\xa3H\x92$}\xa3?\x06~#\x22./\x1dD\
\x92J\xb2\xc0\x92\xb4\xb02\xf3>\xc0\xcf\x01/,\x9d\
E\x92$\xe9\x1e\xbc\x16\xf8\xf5\x88\xf8J\xe9 \x92T\
\x82\x05\x96\xa4\x85\x93\x99'R\x17W?W:\x8b$\
I\xd2\x11\xfa\x0d\xe0\xd7\x22\xe2\xb6\xd2A$i'Y\
`IZ\x18\x99\xd9\x00^6\x19{\x0a\xc7\x91$I\
:Z\x07\x80_\xa3.\xb2\xaa\xd2a$i'X`\
IZ\x08\x99\xf9\x02\xe0\xe5\xc0\xd9\xa5\xb3H\x92$m\
\x91k\x81WF\xc4\xef\x95\x0e\x22I\xdb\xcd\x02K\xd2\
\x5c\xcb\xccgR\x17W\x0f-\x9dE\x92$i\x9b|\
\x92\xba\xc8zs\xe9 \x92\xb4],\xb0$\xcd\xa5\xcc\
\xfcN\xe0\x15\xc0\x93Jg\x91$I\xda!\xef\x01~\
5\x22\xfe\xb6t\x10I\xdaj\x16X\x92\xe6Jf~\
\x0b\xf0\xf3\xc0\xb3Kg\x91$I*\xe4\x12\xe0W\x22\
\xe2\xb3\xa5\x83H\xd2V\xb1\xc0\x924\x17&o\x16\xfc\
\x05\xe0\xdf\x96\xce\x22I\x924%~\x1b\xf8\xe5\x88\xb8\
\xb5t\x10I:V\x16X\x92f^f\xfe\x14uy\
u|\xe9,\x92$ISf\x1f\xf0K\x11\xf1_J\
\x07\x91\xa4ca\x81%ifM6h\xff\x05\xe0[\
Jg\x91$I\x9ar\x9f\xa5.\xb2\xdc\xe8]\xd2L\
\xb2\xc0\x924s2\xf3\xd1\xc0\x7f\x00\xbe\xaft\x16I\
\x92\xa4\x19\xf3N\xe0\x17#\xe2#\xa5\x83H\xd2\x91\xb0\
\xc0\x92432\xf3t\xe0?\x02/(\x9dE\x92$\
i\xc6\xfd\x1e\xf0\x9f#\xe2\xc6\xd2A$\xe9pX`\
I\x9a\x09\x99\xf9\xd3\xc0\x7f\x02v\x15\x8e\x22I\x924\
/\xd6\x80\xff\x14\x11\xbfU:\x88$\xdd\x13\x0b,I\
S-3\x9fF]\x5c=\xb4p\x14I\x92\xa4y\xf5\
)\xe0?F\xc4\xdbK\x07\x91\xa4\xbbb\x81%i*\
e\xe6\x05\xc0/\x02O/\x9dE\x92$iA\xbc\x8d\
\xba\xc8\xfa\x5c\xe9 \x92\xf4\x8d,\xb0$M\x95\xcc\x0c\
\xea\xe2\xea\xdf\x97\xce\x22I\x92\xb4\xa0~\x19\xf8\x0f\x11\
\x91\xa5\x83H\xd2A\x16X\x92\xa6Ff>\x1b\xf8%\
\xe0\xbc\xd2Y$I\x92\x16\xdc\x95\xc0/D\xc4%\xa5\
\x83H\x12X`I\x9a\x02\x99y\x11\xf5\xff\xe9{j\
\xe9,\x92$I\xba\x83\xbf\xa0.\xb2>U:\x88\xa4\
\xc5f\x81%\xa9\xa8\xcc\xfce\xe0\xe7K\xe7\x90$I\
\xd2\xdd\xfa\x95\x88p\x8b\x07I\xc5X`I*\x223\
\x9f\x0e\xfc\x0a\xf0\xc0\xd2Y$I\x92tX\xbe\x00\xfc\
|D\xbc\xadt\x10I\x8b\xc7\x02K\xd2\x8e\xca\xcc\xf3\
\x80_\x05~\xb8t\x16I\x92$\x1d\x95\xb7\x00\xaf\x88\
\x88+K\x07\x91\xb48,\xb0$\xed\x98\xcc\xfcY\xea\
\xf2\xaaY:\x8b$I\x92\x8e\xc9\x98\xba\xc4\xfa\x8d\xd2\
A$-\x06\x0b,I\xdb.3\xbf\x03x%pq\
\xe9,\x92$I\xdaR\x97\x01/\x8f\x88\xbf+\x1dD\
\xd2|\xb3\xc0\x92\xb4m2s\x05\xf85\xe0%\xa5\xb3\
H\x92$i[\xbd\x1axYD\xac\x97\x0e\x22i>\
Y`I\xda\x16\x99\xf9l\xe0\xd7\x81\xb3Kg\x91$\
I\xd2\x8e\xb8\x16\xf8\xb9\x88\xb8\xa4t\x10I\xf3\xc7\x02\
K\xd2\x96\xca\xcc\xfbR\x17W\xcf,\x9dE\x92$I\
E\xbc\x99\xba\xc8\xba\xa6t\x10I\xf3\xc3\x02K\xd2\x96\
\xc9\xcc\x17\x03\xbf\x01,\x97\xce\x22I\x92\xa4\xa26\x80\
\x9f\x8d\x88\xd7\x94\x0e\x22i>X`I:f\x99\xf9\
P\xea\xe2\xea\xc9\xa5\xb3H\x92$i\xaa\xbc\x9b\xba\xc8\
\xfad\xe9 \x92f[\xa3t\x00I\xb3-3_\x01\
|\x02\xcb+I\x92$}\xb3'\x03\x9f\x98\xdc3J\
\xd2Qs\x06\x96\xa4\xa3\x92\x99\x8f\x01~\x13xl\xe9\
,\x92$I\x9a\x09\x1f\x04~&\x22>\x5c:\x88\xa4\
\xd9\xe3\x0c,IG,3\x7f\x11\xf8\x10\x96W\x92$\
I:|\x8f\x05>4\xb9\x97\x94\xa4#\xe2\x0c,I\
\x87-3\x1f\x0f\xfc\x17\xe0\x91\xa5\xb3H\x92$i\xa6\
\xfd\x03\xf0S\x11\xf1\xfe\xd2A$\xcd\x06g`I:\
,\x99\xf9\xcb\xc0\xfb\xb0\xbc\x92$I\xd2\xb1{$\xf0\
\xbe\xc9=\xa6$\xdd#g`I\xba[\x99\xf98\xe0\
\xb7\x81G\x94\xce\x22I\x92\xa4\xb9\xf41\xe0\xdfF\xc4\
\x07J\x07\x914\xbd\x9c\x81%\xe9.e\xe6\x7f\x06\xde\
\x8f\xe5\x95$I\x92\xb6\xcf#\x80\xf7O\xee=%\xe9\
N9\x03K\xd27\xc9\xccGQ\xcf\xba\xfa\xb6\xd2Y\
$I\x92\xb4P>D=\x1b\xeb\xa3\xa5\x83H\x9a.\
\xce\xc0\x92t\x07\x99\xf92\xe02,\xaf$I\x92\xb4\
\xf3\xbe\x0d\xb8lrO*I\x878\x03K\x12\x00\x99\
y\x01\xf0;\xc0w\x97\xce\x22I\x92$\x01\x7f\x03\xfc\
\x9b\x88\xf8\x5c\xe9 \x92\xca\xb3\xc0\x92Df\xbe\x90\xba\
\xbcj\x95\xce\x22I\x92$m2\x02\xfeuD\xbc\xb6\
t\x10IeY`I\x0b,3\xcf\x00^\x05<\xa3\
t\x16I\x92$\xe9n\xbc\x15xiD|\xadt\x10\
IeX`I\x0b*3\x9fI]^\x9dV:\x8b\
$I\x92t\x18n\xa2.\xb1\xde\x5c:\x88\xa4\x9dg\
\x81%-\x98\xcc\x0c\xe0\xd5\xc0\x8bJg\x91$I\x92\
\x8e\xc2\xef\x02/\x89\x88,\x1dD\xd2\xce\xb1\xc0\x92\x16\
Hf>\x1ex\x0d\xf0\x90\xd2Y$I\x92\xa4c\xf0\
)\xe0\xc5\x11\xf1\xfe\xd2A$\xed\x8cF\xe9\x00\x92v\
Ff\xbe\x1cx\x1f\x96W\x92$I\x9a}\x0f\x01\xde\
7\xb9\xc7\x95\xb4\x00\x9c\x81%\xcd\xb9\xcc\xbc/\xf54\
\xeb\x7fZ:\x8b$I\x92\xb4\x0d\xfe\x0axQD\x5c\
S:\x88\xa4\xedc\x81%\xcd\xb1\xcc|\x16\xf0Z\xe0\
\xc4\xd2Y$I\x92\xa4mt\x1b\xf0\xc2\x88\xb8\xb4t\
\x10I\xdb\xc3%\x84\xd2\x9c\xca\xcc\xdf\x01.\xc1\xf2J\
\x92$I\xf3\xefD\xe0\x92\xc9=\xb0\xa49\xe4\x0c,\
i\xced\xe6\xc3\x81\xdf\x03\x1eU:\x8b$I\x92T\
\xc0G\x81\x17D\xc4?\x96\x0e\x22i\xeb8\x03K\x9a\
#\x99\xf9\x02\xe0\xe3X^I\x92$iq=\x0a\xf8\
\xf8\xe4\xdeX\xd2\x9cp\x06\x964\x072\xb3\x03\xfc>\
\xf0\xe3\xa5\xb3H\x92$IS\xe4\x8f\x80\x7f\x15\x11\x83\
\xd2A$\x1d\x1b\x0b,i\xc6e\xe6c\xa9\xcb\xab\x0b\
Kg\x91$I\x92\xa6\xd0g\xa8K\xac\x0f\x96\x0e\x22\
\xe9\xe8\xb9\x84P\x9aa\x99\xf9R\xe0\x03X^I\x92\
$Iw\xe5B\xe0\x03\x93{gI3\xca\x19X\xd2\
\x0c\xca\xcc.\xf0:\xe0\xb9\xa5\xb3H\x92$I3\xe4\
O\x80\x9f\x8c\x88^\xe9 \x92\x8e\x8c\x05\x964c2\
\xf31\xc0\xebq\xd6\x95$I\x92t4>\x03<?\
\x22>\x5c:\x88\xa4\xc3\xe7\x12Bi\x86d\xe6\x0b\x81\
\x0fay%I\x92$\x1d\xad\x0b\x81\x0fM\xee\xad%\
\xcd\x08g`I3\x223_\x07<\xbft\x0eI\x92\
$i\x8e\xbc>\x22~\xb2t\x08I\xf7\xcc\x02K\x9a\
r\x99y\x11\xf0\x07\xc0\xc5\xa5\xb3H\x92$Is\xe8\
2\xe0'\x22\xe2\xd3\xa5\x83H\xbak\x16X\xd2\x14\xcb\
\xcc\xe7\x00\x7f\x08tKg\x91$I\x92\xe6X\x0f\xf8\
\x17\x11\xf1\xa6\xd2A$\xdd9\xf7\xc0\x92\xa6Tf\xbe\
\x12x#\x96W\x92$I\xd2v\xeb\x02o\x9c\xdc\x83\
K\x9aB\xce\xc0\x92\xa6Lf\x9eF=\xeb\xea)\xa5\
\xb3H\x92$I\x0b\xe8/\xa9gc\xddT:\x88\xa4\
\xdbY`IS$3\xbf\x83\xba\xbc:\xb7t\x16I\
\x92$i\x81}\x99\xba\xc4\xfa\xbb\xd2A$\xd5\x5cB\
(M\x89\xcc|\x11\xf0\xb7X^I\x92$I\xa5\x9d\
\x0b\xfc\xed\xe4\x1e]\xd2\x14p\x06\x964\x052\xf35\
\x80\x17GI\x92$i\xfa\xfcnD\xbc\xb8t\x08i\
\xd1Y`I\x05e\xe6Y\xc0\x1f\x03O*\x1cE\x92\
$I\xd2]{\x0f\xf0\xbc\x88\xb8\xaet\x10iQY\
`I\x85d\xe6\x93\xa8\xcb\xab\xb3\x0aG\x91$I\x92\
t\xcf\xae\xa3.\xb1\xdeS:\x88\xb4\x88\xdc\x03K*\
 3_\x00\xfc\x1f,\xaf$I\x92\xa4Yq\x16\xf0\
\x7f&\xf7\xf2\x92v\x98\x05\x96\xb4\xc32\xf3\xb7\x81\xd7\
\x96\xce!I\x92$\xe9\xa8\xbcvrO/i\x07\xb9\
\x84P\xda!\x99y\x22\xf0'\xc0SJg\x91$I\
\x92t\xcc\xfe\x12xnD\xdcV:\x88\xb4\x08,\xb0\
\xa4\x1d\x90\x99\x8f\xa0.\xaf.(\x9dE\x92$I\xd2\
\x96\xb9\x9c\xba\xc4\xfaX\xe9 \xd2\xbc\xb3\xc0\x92\xb6Y\
f>\x93\xba\xbc\xea\x94\xce\x22I\x92$i\xcb\x0d\xa8\
K\xac7\x97\x0e\x22\xcd3\xf7\xc0\x92\xb6Qf\xbe\x0c\
\xb8\x14\xcb+I\x92$i^u\x80K'\xf7\xfe\x92\
\xb6\x893\xb0\xa4m\x92\x99\xaf\x03\x9e_:\x87$I\
\x92\xa4\x1d\xf3\xfa\x88\xf8\xc9\xd2!\xa4yd\x81%m\
\xb1\xcc<\x05\xf8S\xe0{Jg\x91$I\x92\xb4\xe3\
\xfe7\xf0\xa3\x11qs\xe9 \xd2<\xb1\xc0\x92\xb6P\
f~+uyu~\xe9,\x92$I\x92\x8a\xf9<\
u\x89\xf5\xf1\xd2A\xa4ya\x81%m\x91\xcc|\x1a\
\xf0F`\xa5t\x16I\x92$I\xc5\xad\x03?\x12\x11\
o/\x1dD\x9a\x07n\xe2.m\x81\xcc|\x09\xf0\xbf\
\xb0\xbc\x92$I\x92T[\x01\xfe\xd7\xe4YA\xd21\
\xb2\xc0\x92\x8eQf\xfe:\xf0\xaa\xd29$I\x92$\
M\xa5WM\x9e\x19$\x1d\x03\x97\x10J\xc7 3\xff\
\x14\xf8\x91\xd29$I\x92$M\xbd7F\xc4\x8f\x96\
\x0e!\xcd*\x0b,\xe9(d\xe6\xe9\xc0%\xc0w\x94\
\xce\x22I\x92$if\xfc\x1d\xf0\xec\x88\xb8\xb1t\x10\
i\xd6X`IG(3\x1f\x06\x5c\x0a<\xa8t\x16\
I\x92$I3\xe7\x0a\xe0Y\x11\xf1\x89\xd2A\xa4Y\
b\x81%\x1d\x81\xcc\xfc^\xea\xf2\xea\xf8\xd2Y$I\
\x92$\xcd\xac}\xd4%\xd6\xbbJ\x07\x91f\x85\x9b\xb8\
K\x87)3\x9f\x07\xbc\x13\xcb+I\x92$I\xc7\xe6\
x\xe0\x9d\x93g\x0cI\x87\xc1\x02K:\x0c\x99\xf9\xb3\
\xc0\x1f\x95\xce!I\x92$i\xae\xfc\xd1\xe4YC\xd2\
=p\x09\xa1t\x0f2\xf37\x81\x9f.\x9dC\x92$\
I\xd2\xdc\xfa\xad\x88\xf8\x99\xd2!\xa4if\x81%\xdd\
\x8d\xcc\xfcc\xe0\xc7J\xe7\x90$I\x924\xf7\xde\x10\
\x11\xcf+\x1dB\x9aV\x16X\xd2\x9d\xc8\xcc\x15\xe0-\
\xc0?-\x9dE\x92$I\xd2\xc2\xf8+\xe0\x87#b\
\xbdt\x10i\xdaX`I\xdf 3\xcf\x02\xde\x0a<\
\xbat\x16I\x92$I\x0b\xe7#\xc03\x22\xe2\xba\xd2\
A\xa4ib\x81%m\x92\x99\x0f\xa1.\xaf\x1eX:\
\x8b$I\x92\xa4\x85\xf5\x05\xea\x12\xebS\xa5\x83H\xd3\
\xc2\x02K\x9a\xc8\xcco\x07\xde\x06\x9cR:\x8b$I\
\x92\xa4\x85w3\xf0\xf4\x88xo\xe9 \xd24\xb0\xc0\
\x92\x80\xcc\xfcA\xea\xf2\xaaU:\x8b$I\x92$M\
\x8c\xa8K\xac?/\x1dD*\xadQ:\x80TZf\
>\x17x;\x96W\x92$I\x92\xa6K\x0bx\xfb\xe4\
\x99EZh\x16XZh\x99\xf9b\xe0\x0d\xa5sH\
\x92$I\xd2\xddx\xc3\xe4\xd9EZX\x16XZX\
\x99\xf9\x0a\xe0\xd5\xa5sH\x92$I\xd2ax\xf5\xe4\
\x19FZH\xee\x81\xa5\x85\x94\x99\xaf\x04^V:\x87\
$I\x92$\x1d\xa1_\x8b\x88\x97\x97\x0e!\xed4\x0b\
,-\x9c\xcc|\x15\xf0\x92\xd29$I\x92$\xe9(\
\xbd:\x22^Z:\x84\xb4\x93,\xb0\xb4P2\xf3\x0f\
\x81\x7f^:\x87$I\x92$\x1d\xa3\xff\x1e\x11\xff\xa2\
t\x08i\xa7X`iad\xe6%\xc0\xb3J\xe7\x90\
$I\x92\xa4-riD<\xbbt\x08i'X`\
i\xeeef\x00o\x07\x9eZ:\x8b$I\x92$m\
\xb1\xbf\x00\x9e\x16\x11Y:\x88\xb4\x9d,\xb04\xd72\
s\x99\xba\xbczr\xe9,\x92$I\x92\xb4M\xdeM\
]bm\x94\x0e\x22m\x17\x0b,\xcd\xad\xcc<\x01\xf8\
s\xe0\x09\xa5\xb3H\x92$I\xd26{\x1f\xf0\x83\x11\
\xb1\xb7t\x10i;X`i.e\xe6i\xd4Si\
/.\x9dE\x92$I\x92v\xc8e\xc0S#\xe2\xa6\
\xd2A\xa4\xad\xd6(\x1d@\xdaj\x99y\x16\xf0N,\
\xaf$I\x92$-\x96\x8b\x81wN\x9e\x89\xa4\xb9\xe2\
\x0c,\xcd\x95\xcc<\x97z\xe6\xd5\x85\xa5\xb3H\x92$\
IR!\x9f\x01~ \x22\xae.\x1dD\xda*\x16X\
\x9a\x1b\x99y\x7f\xe0\x1d\xc0\xf9\xa5\xb3H\x92$IR\
a\x9f\xa7.\xb1\xbeT:\x88\xb4\x15,\xb04\x172\
\xf3A\xd4\xe5\xd5\x03Jg\x91$I\x92\xa4)\xf1E\
\xea\x12\xeb\x8a\xd2A\xa4ce\x81\xa5\x99\x97\x99\x17\x00\
\x7f\x0d\x9cS8\x8a$I\x92$M\x9b\xab\x81\xef\x8f\
\x88\xcbK\x07\x91\x8e\x85\x9b\xb8k\xa6e\xe6\xb7`y\
%I\x92$Iw\xe5\x1c\xe0\xaf'\xcfN\xd2\xccr\
\x06\x96f\xd6\xe4\x1f\xe0\xbf\xc4\xf2J\x92$I\x92\xee\
\xc9\xd5\xc0S\x22\xe2\xb3\xa5\x83HG\xc3\x02K3\xc9\
\xf2J\x92$I\x92\x8e\xd8\xd5XbiFY`i\
\xe6\xb8\xe7\x95$I\x92$\x1d\xb5\xabqO,\xcd \
\x0b,\xcd\x94\xc9\xdb\x06\xdf\x85\xe5\x95$I\x92$\x1d\
\xad\xab\x81\xef\xf5\xed\x84\x9a%n\xe2\xae\x99\x91\x99\xf7\
\x07\xde\x81\xe5\x95$I\x92$\x1d\x8bs\x80wL\x9e\
\xb1\xa4\x99\xe0\x0c,\xcd\x84\xcc<\x07x'p~\xe1\
(\x92$I\x924/>\x0f|_D\x5c]:\x88\
tO\x9c\x81\xa5\xa9\x97\x99gQ\xcf\xbc\xb2\xbc\x92$\
I\x92\xa4\xads>\xf0\x17\x93g.i\xaa9\x03K\
S-3O\xa3\x9ey\xf5\xf0\xd2Y$I\x92$i\
N\xfd#\xf5L\xac\x9bJ\x07\x91\xee\x8a\x05\x96\xa6V\
f\x9e@\xbda\xfb\xc5\xa5\xb3H\x92$I\xd2\x9c\xbb\
\x8czc\xf7\xbd\xa5\x83Hw\xc6\x02KS)3\x97\
\xa9\xcb\xab'\x94\xce\x22I\x92$I\x0b\xe2}\xd4%\
\xd6F\xe9 \xd27\xb2\xc0\xd2\xd4\xc9\xcc\xa0.\xaf\x9e\
\x5c:\x8b$I\x92$-\x98wS\x97XY:\x88\
\xb4\x99\x9b\xb8k\x1a\xbd\x1d\xcb+I\x92$I*\xe1\
\xc9\xd4\xcfd\xd2T\xb1\xc0\xd2T\xc9\xccK\x81\xa7\x96\
\xce!I\x92$I\x0b\xec\xa9\x99yI\xe9\x10\xd2f\
\x16X\x9a\x1a\x99\xf9\xdf\x81g\x96\xce!I\x92$I\
\xe2Y\x99\xf9\x87\xa5CH\x07Y`i*d\xe6\xab\
\x81\x1f/\x9dC\x92$I\x92t\xc8?\xcf\xccW\x95\
\x0e!\x81\x05\x96\xa6@f\xbe\x12xq\xe9\x1c\x92$\
I\x92\xa4o\xf2\x92\xc93\x9bT\x94\x05\x96\x8a\xca\xcc\
W\x00/+\x9dC\x92$I\x92t\x97^6yv\
\x93\x8a\x89\xd2\x01\xb4\xb82\xf3%\x80\xd3Q%I\x92\
$i6\xbc$\x22^S:\x84\x16\x93\x05\x96\x8a\xc8\
\xcc\xe7\x02o(\x9dC\x92$I\x92tD~,\x22\
\xfe\xa4t\x08-\x1e\x0b,\xed\xb8\xcc\xfcA\xe0\xed\xa5\
sH\x92$I\x92\x8e\xca\xd3\x22\xe2\xcfK\x87\xd0b\
\xb1\xc0\xd2\x8e\xca\xcco\x07\xde\x034Kg\x91$I\
\x92$\x1d\x95\x11\xf0]\x11\xf1\xde\xd2A\xb48,\xb0\
\xb4c2\xf3!\xd4\xe5\xd5)\xa5\xb3H\x92$I\x92\
\x8e\xc9\xcd\xc0\x93\x22\xe2S\xa5\x83h1X`iG\
d\xe6\xd9\xd4\xe5\xd5\x03Jg\x91$I\x92$m\x89\
/P\x97X\xd7\x95\x0e\xa2\xf9g\x81\xa5m\x97\x99+\
\xc0\xdf\x02\x17\x97\xce\x22I\x92$I\xdaR\x1f\xa1.\
\xb1\xd6K\x07\xd1|k\x94\x0e\xa0\x85\xf0V,\xaf$\
I\x92$i\x1e=\x1axK\xe9\x10\x9a\x7f\x16X\xda\
V\x99\xf9\x06\xe0\xfbK\xe7\x90$I\x92$m\x9b\x7f\
\x9a\x99\x7f\x5c:\x84\xe6\x9b\x05\x96\xb6Mf\xfe\x16\xf0\
\xdc\xd29$I\x92$I\xdb\xee\xc72\xf37K\x87\
\xd0\xfc\xb2\xc0\xd2\xb6\xc8\xcc\x9f\x03~\xaat\x0eI\x92\
$I\xd2\x8e\xf9\xe9\xcc\xfc\xd9\xd2!4\x9f\xdc\xc4]\
[.3\x9f\x07\xfcQ\xe9\x1c\x92$I\x92\xa4\x22\x9e\
\x17\x11o(\x1dB\xf3\xc5\x02K[*3\xbf\x0f\xf8\
\xeb\xd29$I\x92$IE}_D\xbc\xabt\x08\
\xcd\x0f\x0b,m\x99\xcc\xfc'\xc0\xdf\x03\xc7\x15\x8e\x22\
I\x92$I*k\x1f\xf0\xc4\x88\xf8D\xe9 \x9a\x0f\
\x16X\xda\x12\x99y\x06\xf0^\xe0\x81\xa5\xb3H\x92$\
I\x92\xa6\xc2\x15\xc0\xb7G\xc4\x8d\xa5\x83h\xf6\xb9\x89\
\xbb\xb6\xca%X^I\x92$I\x92n\xf7 \xeag\
E\xe9\x98Y`\xe9\x98e\xe6\x1b\x81'\x96\xce!I\
\x92$I\x9a:\xdf\x91\x99\x7fZ:\x84f\x9f\x05\x96\
\x8eIf\xfe\x06\xf0\x9c\xd29$I\x92$IS\xeb\
G2\xf3\xd7K\x87\xd0ls\x0f,\x1d\xb5\xcc|)\
\xf0;\xa5sH\x92$I\x92f\xc2K#\xe2\xd5\xa5\
Ch6Y`\xe9\xa8d\xe6\x0f\x01\xff\xb3t\x0eI\
\x92$I\xd2L\xf9g\x11\xf1\xf6\xd2!4{,\xb0\
t\xc42\xf3\x11\xc0\xfb\x81n\xe9,\x92$I\x92\xa4\
\x99\xb2\x0e<!\x22>^:\x88f\x8b\x05\x96\x8eH\
f\x9eF]^\xf9\xc6AI\x92$I\xd2\xd1\xf8<\
\xf0\xf8\x88\xb8\xb9t\x10\xcd\x0e7q\xd7\x91\xfaS,\
\xaf$I\x92$IG\xef|\xeagK\xe9\xb0Y`\
\xe9\xb0e\xe6\xeb\x81\xef.\x9dC\x92$I\x924\xf3\
\xbe'3_W:\x84f\x87\x05\x96\x0eKf\xbe\x02\
\xf8\x89\xd29$I\x92$Is\xe3\xf9\x99\xf9\xb2\xd2\
!4\x1b\xdc\x03K\xf7(3\x9f\x05\x5cR:\x87$\
I\x92$i.=+\x22\xde\x5c:\x84\xa6\x9b\x05\x96\
\xeeVf>\x0a\xf8 \xd0*\x9dE\x92$I\x924\
\x97\x06\xc0c#\xe2c\xa5\x83hzY`\xe9.e\
\xe6\xc9\xd4\xe5\xd5\x83Jg\x91$I\x92$\xcd\xb5\xcb\
\xa9K\xac\xdbJ\x07\xd1tr\x0f,\xdd\x9d?\xc1\xf2\
J\x92$I\x92\xb4\xfd.\xa0~\x06\x95\xee\x94\x05\x96\
\xeeTf\xfeW\xe0\xfbK\xe7\x90$I\x92$-\x8c\
\xa7d\xe6o\x97\x0e\xa1\xe9\xe4\x12B}\x93\xcc|\x11\
\xf0\x9a\xd29$I\x92$I\x0b\xe9\x85\x11\xf1{\xa5\
Ch\xbaX`\xe9\x0e2\xf3\xbb\x81w\x97\xce!I\
\x92$IZh\xdf\x15\x11\xef)\x1dB\xd3\xc3\x02K\
\x87d\xe6}\x80\x0f\x03g\x96\xce\x22I\x92$IZ\
h\xd7\x01\x8f\x89\x88\xebJ\x07\xd1tp\x0f,m\xf6\
GX^I\x92$I\x92\xca;\x0b\xf8\xe3\xd2!4\
=,\xb0\x04@f\xfe.\xf0\x9d\xa5sH\x92$I\
\x924\xf1\xa4\xcct\x7ff\x01\x16X\x022\xf3\xc5\xc0\
\x0bK\xe7\x90$I\x92$\xe9\x1b\xbch\xf2\xa21-\
8\xf7\xc0Zp\x99\xf9\x9d\x80\x1b\xe3I\x92$I\x92\
\xa6\xd9wF\xc4\xdf\x95\x0e\xa1r,\xb0\x16Xf\x9e\
\x01|\x04\xb8o\xe9,\x92$I\x92$\xdd\x8d/\x03\
\x8f\x8e\x88\x9bJ\x07Q\x19.!\x5cl\x7f\x88\xe5\x95\
$I\x92$i\xfa\x9dK\xfd\x0c\xab\x05e\x81\xb5\xa0\
2\xf3\xd7\x81\xef/\x9dC\x92$I\x92\xa4\xc3\xf4\x94\
\xcc|e\xe9\x10*\xc3%\x84\x0b(3\x7f\x14\xf8\x1f\
\xa5sH\x92$I\x92t\x14~$\x22\xdeT:\x84\
v\x96\x05\xd6\x82\xc9\xcc\x87\x02\x97\x01K\xa5\xb3H\x92\
$I\x92t\x14z\xc0\xa3\x22\xe2\xd3\xa5\x83h\xe7\xb8\
\x84p\xf1\xfc\x01\x96W\x92$I\x92\xa4\xd9\xd5\xa5~\
\xb6\xd5\x02\xb1\xc0Z \x99\xf9\x07\xc0#K\xe7\x90$\
I\x92$\xe9\x18]\x9c\x99\xaf+\x1dB;\xc7\x02k\
Ad\xe6\x8b\x80\x7fY:\x87$I\x92$I[\xe4\
\xf9\x99\xf9\xc2\xd2!\xb43\xdc\x03k\x01d\xe6c\x81\
\x0f\x94\xce!I\x92$I\xd26\xf8\xb6\x88\xf8p\xe9\
\x10\xda^\x16Xs.3\x97\x81\x8f\x01\x0f.\x9dE\
\x92$I\x92\xa4m\xf0\x19\xe0\x91\x11\xd1+\x1dD\xdb\
\xc7%\x84\xf3\xef\xf5X^I\x92$I\x92\xe6\xd7\x85\
\x80\xfba\xcd9\x0b\xac9\x96\x99\xff\x06\xf8\xd1\xd29\
$I\x92$I\xdaf\xcf\xcd\xcc\x97\x96\x0e\xa1\xed\xe3\
\x12\xc29\x95\x99\x8f\x03\xde_:\x87$I\x92$I\
;\xe8q\x11\xf1\xc1\xd2!\xb4\xf5,\xb0\xe6Pfv\
\x81\x8f\xe3\xd2AI\x92$I\xd2b\xf9\x0c\xf0\xad\x11\
1(\x1dD[\xcb%\x84\xf3\xe9\xf7\xb1\xbc\x92$I\
\x92$-\x9e\x0b\xa9\x9f\x895g,\xb0\xe6Lf\xbe\
\x10\xf8\xb1\xd29$I\x92$I*\xe4\xc73\xf3\x05\
\xa5Chk\xb9\x84p\x8ed\xe6\xb7\x02\x1f+\x9dC\
\x92$I\x92\xa4)\xf0\xad\x11\xf1\x8f\xa5ChkX\
`\xcd\x91\xcc\xfc(\xf0\xc8\xd29$I\x9af\xc3*\
\xa9H\xc6\x09\xa3L\xc6\x99T\xc0h\xd3\xe7\xab\xc9\xcf\
\xad&_\xab\xcfa\x9cI\x1e\xc6\x7f#\x80f@#\
\x82\x06\xf51\x80V\xd4\xb7^\xad\x08\x22\xa0I\xd0\x8a\
\xfa\xe3V#hN~\xbe$I\xda\x12\x1f\x8d\x88\x8b\
K\x87\xd0\xd6\xb0\xc0\x9a\x13\x99\xf9*\xe0%\xa5sH\
\x92\xb4\x13\x12\x18f2\xa8\x92AU\xd5\xc7\xac\x18e\
]P\x0d\xabd\xc4\xe4\x98\xc90\xeb\xf3*\xeb\x8f\x0f\
\x96Q\xa3\x83\x85U\xc2(\xabo*\xa9\xc6\xd4_\x83\
\x83e\xd6\xe1\x15X\x00-\x82\x88\xa0\x11\xd0\x04\x22\x82\
\xe6\xc1\xafE\xfd\xb5f\xd4?\xaf\xd9\x98\x94XQ\x97\
Xu\xa9\xd5\xa8\xbf\x1eA\xa7\x11\xb4\x1b\x0d\xda\x01\xed\
\x08:\x8d\x06\xed\x08\xda\x8d\xb8\xc3Q\x92$}\x93W\
E\xc4\xbf.\x1dB\xc7\xce;\x9d9\x90\x99\xcf\x06\xde\
T:\x87$I[aX%\xbdL\xfa\xe3\x8a\xde\xc1\
r\xaa\xaa\xe8OJ\xa8A\xde^Z\xf5\xab\xa4_U\
\xf4'\x05\xd6\xb0\xba\xbd\xac\x1a\xe67\x9cW\xf5l\xab\
iw\xb0\xc0jF\x83V#h\x07t\xa2Q\x97X\
\x932\xab\xd3\x08:\xd1\xa0\xdd\x08:\x93\xcfu\x1b\x0d\
:\xcd\x06\x9d\x08\x96&?g\xa91\xf9\xb8\xd9`i\
\xf2\xf9\x86E\x97$i\xf1<;\x22.-\x1dB\xc7\
\xc6;\x98\x19\x97\x99\xe7\x00\xff\x178\xa1p\x14I\x92\
\xeeQR/\xd5\xebU\x15\x1bUEoR@m.\
\xa36\xc6\xf5\xd76\xc6\x15\xeb\x93\xf3\xba\xcc\x9a\x94U\
\x93\x99W\xd5\x0c\x94Q;\xa9\x19\xc1r\xb3A\xb7\xd1\
\xa0\xdb\x88zL>^n6Xn\xd4\xa3\xfe\x5c]\
n-5\x1at\x9b\x07\xcf\xeb2\xaci\xc1%I\x9a\
?\xb7\x01\xff$\x22\xae)\x1dDG\xcf;\x94\x19\x97\
\x99\x7f\x05|\x7f\xe9\x1c\x92$\x1dt\xb0\xa4\xda\xa8*\
\xfa\x93\x92\xaaWU\xf4\xc7\xf5q}\x5c\xb1:\x1e\xb3\
:\x1a\xb36\xf9x\xf3\x98\x85YR\xb3*\x80n\xb3\
\xc1\xaef\x83\x95fsrl\xb0k\xd3\xf9\xca\xe6\x12\
\xec`\x01\xd6\xa8g{y\xe3(I\x9aa\x7f\x15\x11\
O)\x1dBG\xcf\xfb\x90\x19\x96\x99\xaf\x00~\xa5t\
\x0eI\xd2b\xda<\x9b\xaaWUl\x8co?_\x1d\
W\xec\x1f\x8e90)\xaa\x0e\x8c+\x0e\x8c\xc6\xac\x8d\
+\x06Uu\x8f\xbf\xb7\xcahF\xb0\xd2l\xb0\xa7\xd5\
\xe4\xb8V\x83=\xad\x16\xc75\x9b\xeci5\xd8\xddl\
\x1e\x9a\xbd\xd5\xdd4\x9b\xabc\xb1%I\x9a\x1d\xaf\x88\
\x88W\x96\x0e\xa1\xa3\xe3\xfd\xc6\x8c\xca\xcc'\x00\xef-\
\x9dC\x92\xb4\x18*\xa07\xd9\x93\xaaW%\xbd\xc9\xd2\
\xbe\xd5Q\xc5\xbe\xd1\x88\xbd\xc31{'\xc7\xfd\xe31\
\xbd\xb1%\xd5\xbci7\x82=\xcd&\xc7\xb7\x9a\x9c\xd0\
nqb\xab\xc9\x09\x9d\x16\xc75\x1b\x87fju'\
\xa5\xd6r\xc3\xa5\x88\x92\xa4\xa9\xf5\x84\x88x\x7f\xe9\x10\
:r\xdeY\xcc\xa0\xccl\x00\x9f\x00.*\x9dE\x92\
4\x7f\xc6\x99\x87\xf6\x9b:\x8c\xbfE\xaa\x00\x00 \x00\
IDATx\x5c\x1bW\xdc6\x18q\xcb\xb0\x1e\xb7\
N\x0a\xab\xc1\xb8:\xec\xb7\xf2i>\xb5\x1b\x0dNh\
58\xb1\xdd\xe6\xc4v\x93\x93\xda-N\xe9\xb4\xd9\xbd\
i\xb6V\xb7Y\xef\xb1\xd5\x0cgkI\x92\x8a\xfb\x14\
\xf0\xb0\x88\xf0\x16f\xc6x\x0f1\x832\xf3w\x81\x17\
\x96\xce!I\x9a}\x09\x0c6\x15U\xbd*90\x1c\
q\xf3p\xc4\xcd\x83\x11\xb7\x0c\xc7\xdc<\x18\xb2o4\
vo*\x1d\xb6\x88`O\xab\xc1\xc9\xed\x16\xa7\xb6\xdb\
\x9c\xba\xd4\xe2\x94v\x9b=\xadz\x96\xd6\xd2\xc1\xb7&\
:SK\x92T\xc6\xefF\xc4\x8bK\x87\xd0\x91\xf1\x8e\
a\xc6d\xe63\x01_\xff)I:bI=\xbb\xaa\
_%\x83\xaa\xa2?\xd9h\xfd\xe6\xc1\x90\x1b\xfaCn\
\x1a\x8c\xb8\xa1?`\xffp\xec\xac*m\xb9\x88`O\
\xb3\xc1)\x9d6\xa7wZ\x9c\xb1\xd4\xe6\xd4\xa56{\
\x9aM\x96&oE\xec4\x82\x96\xb3\xb4$I;\xe3\
Y\x11\xf1\xe6\xd2!t\xf8\xbc?\x98!\x99y\x06\xf0\
I\xe0\xb4\xd2Y$I\xd3/\x81Q&\xc3*\x19L\
6[\xdf;\x1aq}o\xc0\x0d\xfd\x11_\x1b\x0c\xf9\
z\x7f\xc8\xc8\x99U*\xa4\x15\xc1\x89\xed\x16\xf7Z\xea\
p\xafn\x8b{-\xb59\xa9\xdd\xa6\xdb\x08:\x8d\x06\
\x9d\x08\xdf~(I\xda.7\x01\x0f\x8d\x88\xaf\x95\x0e\
\xa2\xc3\xe3\xfd\xc0\x0c\xc9\xcc\xb7\x00\xcf(\x9dC\x924\
\x9d\x0e\x16V\xa3*\x19f=\xbb\xea\x96\xc1\x88\xebz\
\x03\xae\xeb\x0f\xf8jo\xc8\xfe\xd1\x08\xfb*M\xab\x00\
\x96\x9b\x0d\xee\xb5\xd4\xe6\xac\xee\x12gw;\x9c\xb1\xd4\
f\xb9\xd9\xa0=)\xb3\x9c\xa1%I\xdaBo\x8d\x88\
\x1f.\x1dB\x87\xc7\xeb\xff\x8c\xc8\xcc\x17\x01\xaf)\x9d\
C\x924]\xc6\x99\x8c\xb2.\xae6\xaa17\xf6G\
|ec\xc0Wz}n\xe8\x0fY\x1bW\xa4\x8d\x95\
fXwRh\xdd\xb7\xbb\xc4}\x97;\x9c\xd9\xed\xd0\
m4h\x06\xb4\xc3=\xb4$I\xc7\xecE\x11\xf1\xda\
\xd2!t\xcf\xbc\xe2\xcf\x80\xcc|0\xf5\x9b\x12\x9a\xa5\
\xb3H\x92\xca:\xb8\x8fU\x950\xc8\x8a\x1b\xfb#\xae\
\xde\xe8s\xe5z\x8f\xaf\xf6\x87\xac\x8d\xc6\xa5#J\xdb\
\xaa\xd3\x08\xee\xbd\xd4\xe1\xdc\x95%\xee\xbf\xd2\xe5^K\
\xedC\x9b\xc17\x22h\x94\x0e(I\x9a5#\xe0!\
\x11qy\xe9 \xba{\x16X3 3\xff\x06\xf8\xae\
\xd29$Ie$PeR\x01\xfb\x86c\xae\xde\xe8\
s\xd5\xa4\xb4\xda;\xf4\xed\x80Zl\xcb\xcd\x06\xf7[\
\xe9r\xbf\xe5%\x1e\xb0\xab\xcb\xc9\xed\x16\xad\x80 h\
x\xa7+I:<\x7f\x13\x11O.\x1dBw\xcf\xcb\
\xfa\x94\xcb\xcc\x97\x03\xbfZ:\x87$\xa9\x8ca\x95\x5c\
\xb5\xd1\xe7\x8a\xd5\x0d._\xdb\xe0V\x0b+\xe9.E\
\x04\xa7vZ\x9c\xb7\xb2\xc4\x83V\x969w\xb9\xc3J\
\xab\xe9\x0d\xaf$\xe9p\xbc<\x22~\xadt\x08\xdd5\
\xaf\xe7S,3\x1f\x05\x5cV:\x87$i\xe7$p\
`8\xe6\x8b\xeb=\xaeX\xef\xf3\xc5\xf5\x0d6F\x15\
\x15If\xfduIw-\x80\x98\xcc\xc0\xea6\x1a\x9c\
\xd5\xed\xf0\x80]]\xce\xdf\xd5\xe5\xd4N\xcb=\xb3$\
Iw\xe7\xe2\x88\xf8h\xe9\x10\xbas^\xc1\xa7Xf\
~\x08xL\xe9\x1c\x92\xa4\xed5\xca\xe4k\xfd!\x97\
\xaf\xf5\xf8\xe2\xda\x067\xf4G\x8c\xb3b\x9c\xf5\xd2A\
K+\xe9\xe85\x22h\x02\xedFpz\xa7\xcd\x03v\
uy\xd0\xae\xe5C{gI\x92\xb4\xc9\x87\x22\xe2\xb1\
\xa5C\xe8\xcey\xd5\x9eR\x99\xf9\x9f\x81\xffP:\x87\
$i{\xf4\xab\x8a\xaf\xf6\x07\x5c\xb1\xda\xe3\x8b\xeb}\
n\x19\x0c\x0f\xbdM\xd0%\x82\xd2\xf6hF\xd0\x0ah\
5\x82\x13Z-\xce]^\xe2\x82\xdd]\xee\xb3\xbc\xc4\
r\xc3\xed\xdf%I\x00\xfcbD\xfc\xc7\xd2!\xf4\xcd\
,\xb0\xa6Pf>\x0ex\x7f\xe9\x1c\x92\xa4\xad\xd5\xab\
*\xbe\xda\x1bp\xc5z\x8f+\xd7\xfa\xdc6\x1c1\xa8\
\x92\xa1\xa5\x95\xb4\xe3\x1a\x01\xed\x08:\x8d\x06\xbb\x9b\x0d\
\xceZ\xeep\xfe\xaee\xce[Ybw\xd3\x17?K\
\xd2\x82{|D|\xa0t\x08\xdd\x91\x05\xd6\x14\xca\xcc\
\x7f\x00\x1eQ:\x87$\xe9\xd8\xad\x8f+\xae\xed\xd53\
\xad\xae\xe9\xf5\xd9?\x1a\xd3\xab*\x06\x95\xa5\x954-\
\x02\xe84\x82n\xb3\xc1q\xad\x16\xf7\x9d\xec\x9bu\xee\
\xf2\x12+MgfI\xd2\x02\xfaXD<\xb2t\x08\
\xdd\x91\x05\xd6\x94\xc9\xcc_\x06~\xbet\x0eI\xd2\xd1\
\xebW\xc9\xf5\xfd\x01_Z\xebq\xf5F\x9f\x9b\x07#\
\xd6\xab\x8a~UQ\xd9YIS\xad\x11\xc1R#X\
n4\xd8\xd3jrv\xb7\xc3\x83vu9o\xa5\xeb\
\x9eY\x92\xb4X~%\x22\xfe}\xe9\x10\xba\x9dW\xe1\
)\x92\x99\x8f\x07\xdeW:\x87$\xe9\xc8\x0d3\xf9j\
\xaf.\xad\xbe\xd2\x1bp\xebp\xc4\xda\xb8bc\x5c1\
r\xa6\x954\x93\x22\xa0\xdbh\xb0\xa7\xd9\xe4\x84v\x8b\
sW\xea\x99Ygw\x97p\x91\xa1$-\x84'D\
\x84\xdb\xfbL\x09\x0b\xac)\x92\x99\x1f\x05\x9c\xa6(I\
3\x223\xb9q0\xe2\xca\x8d>_^\xefq\xf3`\
\xc4\xfe\xd1\x98uK+i\xee4\x22\xd8\xdd\xacge\
\x9d\xdc\xa97\x80\xbf\xffJ\x97\xd3:-\x9a\xe1-\xb5\
$\xcd\xa9\x7f\x88\x88G\x95\x0e\xa1\x9aW\xdb)\xe1[\
\x07%iv\x1c\x18\x8d\xf9Jo\xc0\x97\xd6{\xdc\xd0\
\x1br\xebp\xc4\x81\xd1\x98\xa1\xa5\x95\xb4\x10Z\x11\x1c\
\xd7jr|\xab\xc9\xe9Km\xce]\xe9r\xde\xca\x12\
\xc75\x9b\xb8\xcaP\x92\xe6\xce/E\x84\xcf\xeaS\xc0\
K\xec\x14\xc8\xccG\x03\x1f.\x9dC\x92t\xd7\x86\x99\
\x5c\xdb\x1b\xf0\xe5\xf5>\xd7M\x96\x08\xde:\x1c\xd1\x1b\
WX[I\x8bk\xa9\x11\x9c\xd0nqJ\xbb\xc5\xd9\
\xcb\x1d\xee\xb7\xdc\xe5\xccn\x87\xaeM\x96$\xcd\x93o\
\x8b\x08\x9f\xd9\x0b\xf3\xca:\x052\xf3\x03\xc0cK\xe7\
\x90$\xddQ\x05\xec\x1d\x8e\xb8j\xbd\xcf\xd5\x1b}n\
\x1a\x0c\xb9y0bu\x5cQ9\xdbjnD\x04\xad\
\x80&A3\x82V#h\x02\xcd\x08\x1a\x01\x8d\xc9y\
lZ&\x16\x1c\xfc<$0\x86;l\xd0\x9f\x09\xc3\
\xac\x0e}<\xa8\x92*aL2\xcc\xa4\xcadT\xa5\
\xe5\xe7\x1c\x09`O\xab\xc9)\x9d\x16\xa7/u8\xbb\
\xdb\xe1\x9c\xe5\x0e'\xb5[\xb4\x5cb(I\xb3\xee\x83\
\x11\xf1\xb8\xd2!\x16\x9dW\xd3\xc22\xf3\xe5\xc0\xaf\x96\
\xce!I\xba]\xbf\xaa\xf8jo\xc8\xd5\x1b\xf5l\xab\
\x9b\x06C\xbe>\x181\xb6\xb4\x9aZA\xbd\xack\xa9\
\x11t\x9bM\x96\x1a\xf5y;\x82v\xa3A\xe7\xe0y\
\xc4\xed\xe7\x8d\xa0\x15A#\xea\xc2\xaa1)\xac\x9aL\
\x8a\xab\x08b\xf2{\x1f<\xdf\xfc\xdf\x8bI\xb9\x95\x93\
q\x87\x02\x0b\xee\xf0\xfd2\xca$\xb3.EG\x99$\
\xc98\xeb\x9f3\xaa\xeaRk\x98\xc9\xb0\xba\xfd88\
t\xac\x18TIo\x9c\xf4\xab\x8a~V\x0c}\x9d\xe5\
Tk7\x82\x13[-N_js\xefI\x91u\xe6\
R\x87\x95f\xa3t4I\xd2\xd1\xfb\xf9\x88\xf0\xd9\xbd\
 \x0b\xac\x822\xf3!\xc0'K\xe7\x90$\xd5E\xc2\
\xbe\xd1\x98\xafl\x0c\xb8\xb67\xe0\xfa\xde\x80\xaf\x0d\x86\
\x1c\x18\x8dKG[x\xcd\x08\xba\x8d\x06\xddf\xb0\xdc\
h\xb0\xdcl\xb0\xdch\xb0\xd4\x0c\x96\xa21)\xab\xea\
\x92\xaa\x1e\x8d\xba\xa8\x9a\xcc\xa6j\xc5\xe6\xc1\xa1\xe2\xaa\
\x15\xf5\x8c\xab\x927C\x15\x93\x12+\x93Q\xc2\xa8\xaa\
\xea\xe3\xa1\xcf\xd5\x05\xd7`S\xa95\xa8\xaa\xfa8\xae\
\xe8g\xd2\x1f'\xbd\xaab\xa3\xaa\xea\xe3\xb8\xa2W%\
\x1b\xe3\xca\xd2\xb5\xb0\x00v\xb5\x9a\x9c\xdeiq\xefn\
\x87\xb3\xbbK\x9c\xbd\xdc\xe1\xa4V\x93\x86\xb3\xb2$i\
\x16=,\x22|\x86/\xc4+gA\x99\xf9.\xe0{\
J\xe7\x90\xa4E\xd6\xaf\x92\x9b\x06C\xbe2\x99m\xf5\
\xd5\xde\x90\x9b\x86CF\xcep\xd91A\xbd\x8f\xd0J\
\xb3\xc9J\xb3qh,7\x1at\x9b\x8d\xba\xbc\x9a\x14\
X\x07\xcf\x0f\x96VK\x8d\xba\xa8j7b\xa1\xde\x04\
W%\x87ff\x0d\xaazfV\xaf\xaa\x8b\xab~U\
\xd1\x9f\x14X\xfd\xac\xe8\x8d\x93\xf5q]p\xad\x8f\xc7\
l\x8c+\xd6'\xa5\x97\x05\xd7\xce\xe94\x82\x93\xdbm\
\xee\xddmsV\xb7^bx\xfaR\x9bn\xc3YY\
\x924C\xde\x1d\x11>\xc3\x17\xb28wzS&3\
_\x0c\xbc\xbat\x0eIZD\x09\xac\x8e\xc7\xdc\xd0\x1b\
rmoP\x97W\xfd\x01\xfb\x86\xce\xb6\xdaN\xcd\x08\
v5\x1b\xf5h5Yn\xdc\xb1\xac\xda\xb5\xa9\xbc\xda\
\xd5l\xb2\xdc\x0c\xba\x8d&\x9dF\xd9YR\xb3l\x98\
I\xaf\xcaM\xc5\xd5dT\xf5\xf1\x8e\x9f\x1b\xb36\xaa\
\xcf\xfbYa\xb7\xb5=\x1a\x01\xbb\x9bM\xee\xdd\xedp\
\x9fn\x87\xb3'\xcb\x0b\x8fk5KG\x93$\x1d\x9e\
\x97D\xc4kJ\x87XD\xde\x0f\x16\x90\x99\xf7\x05>\
\x07\xac\x94\xce\x22I\x8bd\x9c\xc9\xde\xe1\x98\xeb\xfb\xf5\
2\xc1\xab7\xfa\x5c\xdf\x1f\xd2\x1bW\xf7\xfc\x8bu\xd8\
Z\x11t\x9b\xb7\x17R\xbb\x9a\x0dV\x1aMv\xb5\x1a\
\xeci5\xd9\xd3\xac\x8f\xbb\x9a\xcdC\x85\xd6\x22\xcd\x9e\
\x9a\x16\x15\xd0\x9b\x94W\xab\xe31\xab\xe3\x8a\x03\xa31\
\xab\xa3\xfa\xbc.\xb6\xc6\x87\xca\xae\xb5qE\xdf\xb7n\
n\xa9\xa5Fp\xc6R\x87sW\x96\xb8O\xb7\xc3\x99\
\xddz\xd3w\xe7dI\xd2T\xdb\x00.\x88\x88kJ\
\x07Y4\xde-\x16\x90\x99\x97\x02\xcf,\x9dC\x92\x16\
\xc5\xa0Jn\x19\x8e\xb8\xbe7\xe0\x9a\x8d>Wm\xf4\
\xdd\x94}\x8b\xb4\x22\x0e\x95T\xbb\x9auI\xb5\xbb\xd9\
\xe4\xf8V\x93\xe36\x8d=\xadzy\xa07\x1e\xb3a\
X%\xab\xe31\x07F\x15\xfb\xc7c\xf6\x8f\xc6\xec\x1b\
\x8d90\x1c\xb36)\xb5\x0e\xce\xd6\xdap)\xe21\
kEpR\xa7\xc5y+]\xce]\xeep\xc6R\x9b\
S;m\xda\x16\xbb\x924\xad\xde\x1c\x11\xcf*\x1db\
\xd1xU\xdca\x99\xf9l\xe0M\xa5sH\xd2\x22\xd8\
\x18W\xdc<\x1c\xf1\xd5\xde\x80+\xd7\xfb|y\xa3\xcf\
\xbe\xe1\xc8\x19$G\xa9\x19\xf5&\xea\xbbZuY\xb5\
\xd2l\xb0\xa7\xd5\xe0\x84V\x8b\x13\xdbMNl\xb78\
\xa9\xddb\xb73\xaa\xe6RR\x17[{G#\xf6\x8e\
\xc6\xec\x1d\x8e\xd8;\xac\x8b\xad\xd5\xd1\xf8\xd0,\xad\xb5\
\xc9F\xf2\x95\xa5\xd6\x11\x0b`w\xab\xc9y+K\xdc\
\x7f\xa5\xcb\xbd\x96\x0e\xee\x93\xe5\xdf'I\x9aB\xcf\x89\
\x88KJ\x87X$^\x0dwPf.\x03\x9f\x07\xee\
S:\x8b$\xcd\xb3\xb5q\xc5\xcd\x83\x11\xd7\xf6\xfa\x5c\
\xb1\xd6\xe3\x9a\x8d>\xeb.\x13<bK\x9b\xf6\xa8Z\
i6\xd8\xd3lrr\xa7\xc5)\xed\x16'w\xda\x9c\
\xdci\xb2\xd2\xb0\xacZt\x15\xb0\x7f8\xe6\x96\xe1\x88\
[\x86Cn\x19\x8e\xb9u0\xaagjM\xf6\xd9Z\
\x1bW\x0c\xaa\x0a\xff\x16\x1e\xbev#8wy\x89\x07\
\xef^\xe6\xacn\x87\xd3:m\x96\x9d\xc5(I\xd3\xe4\
Z\xe0\xfc\x88X/\x1ddQx\x0d\xdcA\x99\xf9;\
\xc0KK\xe7\x90\xa4y\x94\xc0\x81\xd1\x98[\x87#\xae\
\xde\xe8\xf3\xb9\xd5\x1e_\xed\x0d\xe8W>2\x1f\x8e\xfa\
M\x80\x9b\xf6\xacj59\xb1\xd5\xe4\xd4N\x9b\xd3:\
-N\xed\xb49\xbe\xddtI\x93\x0e\xcb8\x93\xbd\xa3\
17\x0fF\xdc<\x18r\xd3`\xc4m\xc3\x11\xab\x87\
6\x8e\x1f\xd3\xab\xd2\xa5\x87\x87!\x02\xee\xb3\xbc\xc4E\
\xbb\x97\xb9\xef\xf2\x12\xa7\xb4[\xecj5\xdd'K\x92\
\xa6\xc3\xab#\xc2g\xfc\x1d\xe2]\xe8\x0e\xc9\xcc'\x02\
\x7fW:\x87$\xcd\x9b\x83\xc5\xd5-\xc3\x11_\x5c\xeb\
\xf1\x99\xd5un\xea\x8f\x18\xf9`|\xb7\x0e\x16V\xcb\
\x937\x00\xae\xb4\x1a\x9c\xdaiq\xaf\xa56g\x1eZ\
\xb6\xe4l\x0fm\x9d\x8d\xaa\x9e\x19y\xe3`\xc8\xd7\xfa\
C\xbe>\x18q`T\xbf\x1dq\xa3\xaa\xe8\x8d+\xff\
\xde\xde\x833\x97:\x5c\xb4g\x99\xf3V\xba\x9c\xdcq\
\xb9\xae$M\x89\xef\x8c\x08\x9f\xf5w\x80W\xbc\x1d\x92\
\x99\x1f\x06\x1e]:\x87$\xcd\x8b\x83\xc5\xd5m\xc3\x11\
\x9f[\xdd\xe0\x13\x07\xd6\xb9m8\xa2\xf2\xf9\xf7N\x05\
\xd0j\xd4{Xu'\xfbX\x9d\xd6\xa9\xcb\xaa{w\
;\xdc\xab\xdbf\xc9\x07a\xed\xa0a&{\x87#n\
\xe8\x0f\xb9\xbe?\xe4\x86\xfe\x80\xbd\xc31\xbdI\xa1\xd5\
w\x86\xd6]:\xb5\xd3\xe6\xc2=\xcb<hW\x97\xd3\
:m\xdf\xe4)Ie]\x16\x11>\xeb\xef\x00\xaft\
; 3\x7f\x06\xf8\x8d\xd29$i\x1eT\x09k\xe3\
1{Gc>u`\x8d\x7f\xdc\xbf\xce\xfe\xe1\xd8\x8d\
\xd9\xefD3\x82N#\xe8N\x96\x06\x9e\xdciq\xf6\
R\x87\xfb./q\xe6R\x9bn\xd3EH\x9a\x1e\xa3\
L\xf6\x0e\xc7\x5c\xd7\x1fp]\xaf\xcf\x0d\xbd!{G\
c\xfa\x932\xab_U\x16\xd4\xdf\xe0\x84v\x93\x87\xee\
Y\xe1\xc1\xbbW8\xad\xd3b\xc5\x22K\x92J\xf9\xb9\
\x88\xf0\x99\x7f\x9by\x85\xdbf\x99y?\xe0\x0b@\xb3\
t\x16I\x9aeU\xc2z5f\xefp\xcc\xff\xdd\xbf\
\xc6\xc7\xf6\xaf\xb3>\xb2\xb8\xda,\x80V\x04K\x8d\x06\
K\xcd\xe0\xf8V\x8b\xb3\xbam\xceY^\xe2\xec\xe5%\
Nh5\xbd\xf0kf\x8c2\xb9m8\xe6+\x1b}\
\xbe\xd2\x1bpmo\xc0\x81\xd1\x98AU1\xc8dh\
\x9bu\xc8\x09\xed\x16\x0f\xd9\xb3\xcc\x85{V\xea\xcd\xde\
\x1ba\x91%I;k\x0c<(\x22\xae,\x1dd\x9e\
ye\xdbf\x99y)\xf0\xcc\xd29$iVU\x09\
\xbd\xaa\xe2\xd6\xe1\x88\x8f\xef_\xe3\xe3\xfb\xd6Y\x1f\x8f\
K\xc7\x9a\x1a\x07\x97\x06v\xa2^\x1ex\xc6R\x87\xfb\
\xefZ\xe2~+]N\xeb\xb4h\xf9\x10\xab91\xcc\
\xe4\x86\xfe\x90\xab\xd6{|yc\xc0\x0d\xfd\x01\x83q\
\xc5pRf\xf9\xba\x86\xba\xc8\xbah\xcf2\x0f\xdd\xb3\
\xc2\xe9\x9d6\x1d\x8b,I\xdaIo\x89\x08\x9f\xfd\xb7\
\x91W\xb4m\x94\x99O\x07\xdeZ:\x87$\xcd\xa2\x04\
\x06Ur\xdbp\xc4?\xec[\xe3\x1f\xf6\xad\xb2>\xf6\
\x11\x15\xa0\x11\xf5\xf2\xc0V\x04\xbb\x9b\x0d\xee\xbb\xbc\xc4\
\x03wu\xb9\xdfr\x97\xe3\xdb\xce\xb2\xd2\xfcK`}\
\x5c\xf1\xe5\xf5\x1eWn\xf4\xf9\xd2Z\x8f\xfd\xa31\xc3\
L\xc6\xc9\xc2\xef\x9du|\xbb\xc9E{Vx\xf8q\
\xbb8\xbd\xd3\xa6\xdd\x08\xdfZ(I;\xe3\x19\x11\xf1\
\xb6\xd2!\xe6\x95\xf7\xb8\xdb(3\xaf\x00\x1eX:\x87\
$\xcd\x92\xa4~\xf8\xbcm8\xe2\xe3\xfb\xd6\xb9l\xdf\
*\x07F\xce\xb8\x0a\xa0\x11A3\xe0\xa4v\x8b\x07\xec\
\xear\xfe\xaee\xee\xb3\xdca\xb9\xe1\xa3\xe9N\xc8\xc9\
\x8fw\xdd\x8d\xe4Q/i\x8dM\xb7d\xb7O\x98\x09\
o\xd4\x0eS\x95\xc9u\xfd\x01_X\xebq\xc5Z\x9f\
\x9b\xfaC\x06Y\xef\x99U\xe5\xd1\xff\xb9\xcc\xba\x13\xda\
M\x1e\xb6g\x85o=~7\xa7vZ4\xc3\xef)\
I\xdaf_\x88\x88\x07\x95\x0e1\xaf\xbc\x86m\x93\xcc\
\xfc%\xe0\xdf\x97\xce!I\xb3\xa4\x02VGc>y\
`\x83\xf7\xdf\xba\x9f[\x87\xa3\xd2\x91\x8a;X\x5c\x1d\
\xdfj\xf2\xc0]]\xbee\xcf2\xf7[\xee\xb2\xd4\xf0\
\x12~\xb4r\xf3\x8fw\xd2l|c\xddQe2\xcc\
1\xbd\xf1\x88^5dT\xd5{\xaf\x8d\xaa1\xa3\xac\
\x0e\xfd\x9aa5fT\xdd\xfe\xf1\x88\xea\xd0\xc7\x07\xb5\
\x1bM\x9a\xc4\x1d\xaa\xa9f\xa3A\xbb\xd1\xa4\xd3h\xd2\
\x8a\xfa\xd8n4iG=Z\x8d\x06\xcd\xb8cI\xf9\
\x8d5\xc4\x1dW\x89YR\xec\x1b\x8e\xb9j\xa3\xc7g\
V7\xf8\xf2z\x9f\xb5q\xb5\xd0E\xd6\xf1\xed&\x0f\
?n\x17\x8f>a7'\xb6[\xce\xc6\x92\xa4\xed\xf5\
+\x11a\x17\xb0\x0d\x16\xfd\xfef[d\xe6E\xc0\xa7\
J\xe7\x90\xa4Y\xb2oTo\xce\xfe\x91\xbd\xab\xdc2\
\x18-\xec\x83\xe6f'\xb5[\x5c\xb8g\x99\x87\xecY\
\xe1\xacn\xc7\xd9\x13\xc7\xa0^\x92:\xe2\xc0\xb0\xc7\xea\
\xb8\xcf\xea\xb0\xcf\x81Q}\xbe>\x1e\xd0\xafF\xf4\xc7\
#z\xe3!\xfdjHo<\xa47\xf9\xdc\xa0\x1a\x93\
w;\xf3j{\xc4\xe4\x87\x00\xda\xcd\x16\xcb\x8d\x16\xdd\
f\x9bn\xa3\xcdr\xb3M\xb7\xd9a\xb9Y\x9f\xefn\
.\xb1\xab\xbd\xc4\xee\xe6\x12{ZK\xac4;\xecn\
ui,\xf0\xfeG\x07\xff\xb8\xd6\xc6\x15W\xad\xf7\xf8\
\xcc\x81\x0d\xbe\xb4^/5\x5cD\x8d\x08N\xee\xb4\xb8\
\xf8\xf8\xdd<\xe2\xb8\x15v\xb7|\xbf\x90$m\xa3\x87\
D\xc4\xa7K\x87\x987\x8b{W\xb3\x8d2\xf3\xcf\x81\
\xa7\x96\xce!I\xb3`m\x5c\xf1\xd9\xd5\x0d>\xbc\xf7\
\x007\xf4\x86\x8c\x17x\x96D\x00\xc7\xb5[\x5c\xb8\xbb\
\xde\x84\xf9\xacn\xe7\xd0~W^\xb0\xef\xda\xa0\x1a\xb1\
o\xb8\xc1m\xc3un\x1b\xac\xb3\x7f\xb8\xc1\xdax\xc0\
\xea\xa8?\x19uQ5\x18W\x1c\x9c_U\x97Q\x9b\
\xbf\xd7n?\xbf\xbd\xa8\x9a\xae\xef\xc5\x98\xfc\xb8\xb9\x93\
\x8aC\x9f\xbd\xe3\xd7\x02\x88h\xb0\xd2l\xf3Cg>\
\x8c\x07\xec9\x8dV,faq\xf0\xcf\xbb\x22Y\x1b\
W\x5c\xb31\xe0s\xab\xeb|i\xbd\xcf\xbe\xd1\x98\x5c\
\xa0\xfd\xb2\x0e\xbe\xf4\xe1\x94N\x8b\xc7\x9c\xb0\x9b\x87\x1f\
\xb7\x8b\xaeK\x90%i;\xfcED\xfc`\xe9\x10\xf3\
\xc6\xfb\xe1-\x96\x99\xcf\x06\xdeT:\x87$M\xbbA\
\x95\x5c\xb1\xb6\xc1G\xf6\xaerMo\xc0\xa0\xaa\xf7\xab\
Y4\x01\xac\xb4\x9a<p\xa5\xcbE{\x969w\xb2\
<\xb0\x15\x81\xab\x04k\xe3L\xd6\xc7\x03\xf6\x0d7\xd8\
;)\xa9\xf6\x0e\xd7\xb9m\xb8\xce\xad\x835\xf6\x0f{\
\x8c\xaa\x8a\x8a$3\xeb\xd9Rp\xe8\xbc\x9a\x9c/\xa2\
 x\xfe\xfd\x1e\xc7\xfdv\x9d\xf2M\xcb\x10\xbf\xd1\xea\
h\xcc(\x93\x95f\x93\xce\x9c~\xf3%\xf5\x92\xd0Q\
\xd6\x9b\xc0_\xd7\x1bp\xf9\xea\x06_\x5c\xefq\xdb\x02\
-Yn\x04t\x1a\x0d\xceXj\xf3\xf8\x13\xf6p\xd1\
\x9e\x15\xff\xbd\x91\xa4\xad\xf7\x9c\x88\xb8\xa4t\x88y\xe2\
\xa5j\x0bef\x00_\x04\xce+\x9dE\x92\xa6\xd58\
\x93/o\xf4\xf9\xc8\xdeU\xaeZ\xef\xb3>\xae\x18-\
`\xb9\xd0m68gy\x89\x07\xef^\xe6\xfe+K\
\xec\x9e\x94\x06\xad\x05^\xf2\xb5>\x1ep\xcb`\x8d\x9b\
\xfb\xab\xdc<X\xe5\xe6\xfe\x01n\xee\xaf\xb1:\xea3\
\xcaz\x0f\xa3\x8a\xc91\x931I5\xf9\xbc\xee\xdaO\
=\xf0I\x9c\xbet\xfc=.'\xbcu8\xe2}\xb7\
\x1e\xe0\xf3k=v5\x1b\x9c\xd8nqB\xbb\xc9\x89\
\xad&'\xb6[\x9c\xd4nqb\xa7\xc5\xd2\x9c|\x8f\
\x1e|a\xc4\xa0J\xd6\xc6c\xae\xed\x0d\xf8\xdc\xea\x06\
_Z\xef\xb3\xba \xcb\x0c\x9b\x11\xecj68{\xb9\
\xc3\x13N<\x8e\xf3V\x96JG\x92\xa4yr%\xf0\
\x80\x88\xf0Fe\x8b\xb4J\x07\x983\xbf\x88\xe5\x95$\
\xdd\xa9\x04\xbe\xda\x1b\xf0\xd1}k|q\xad\xc7\xbe\xd1\
\x88a5]K\xb4\xb6[3\x82\xd3:m\x1e\xbcg\
\x99\x07\xadt9\xb9\xd3\xa2\xdbh\xd0i,\xce\x12\xc1\
$\xe9\x8d\x87\xec\x1dnps\x7f\x95[\x86k\xdc\xd2\
_\xe3\xa6\xfe~\xf6\x0f{\x0c\xab\x8aqV\x8cr<\
9ZP\x1d\x8bf\xa3\xc1Js\xe9\xb0\xf6\xc2:\xbe\
\xd5\xe4\xc1\xbb\x97\xb9q0\xe4\xca\xf5>\xd7\xf7\x074\
\xa9\xdf|\xd9\x8c\xa0\x19A\xa7\x11\xeci59yR\
h\x9d\xd2\xa9\x8f'wZ\xac\xcc\xd8R\xb4\x00Z\x11\
\xb4\x9a\xc1r\xb3\xc1\xf1\xad\x16\x0fX\xe9r`\x5cq\
\xcdF\x9f\xcbW7\xb8j\xa3Oo\x5c\xdd\xe3\xef5\
\xab\xc6\x99\x1c\x18\x8d\xf9\xc2j\x8f\xaf\xf5\x86<pw\
\x97\xc7\x9f\xb0\x87\xd3\x96\xda\xa5\xa3I\xd2<8\x8f\xba\
#\xf8\x85\xd2A\xe6\xc5\xa2\xdc/o\xbb\xcc\xbc\x00\xf8\
\x5c\xe9\x1c\x924\x8dn\x1b\x8e\xf9\xf8\xfe5>{`\
\x9d\xaf\x0fF\xf4\xabj\xa1\x8a\xab\xe3\xda-\xce[Y\
\xe2\x82]]\xee\xdd\xed\xb0\xbb\xd9\xa4\xdb\xa8\x0b\x81y\
Ve\xb26\xeasc\xff\x007\xf6\xf7sco?\
7\xf5WY\x1d\xf5\x18g\xc5\xb0\xaa\x8b\xaaQV\x0c\
\xab\xba\xb0\xd2\xd6:\xbe\xdd\xe5\xdf=\xe0\xbb\xd8\xd5:\
\xbc\x995\xc3L>u`\x9d\xf7\xder\x80\xeb\xfb\x83\
o\xfa\xfa\xc1\xb7b\xb6\x22hG\xd0jLJ\xa0\x08\
V\x9a\x0dNj\xb78\xad\xd3\xe6\xb4N\x9bS;u\
\xb15k\xb3\x0a+`PUl\x8c+\xf6\x8d\xc6\x5c\
\xb5\xde\xe7\xf2\xb5\x0d\xae\xd9\x18\xccu\x99\x1a\xc0R\xa3\
\xc1\x09\xed&\x0f9n\x85\xc7\x1c\xbf\x9b\xdd\xad\xa6\x0f\
\x0b\x92t\xec\x1e\x1c\x11\x97\x97\x0e1\x0f\xbc&m\x91\
\xcc|+\xf0\xf4\xd29$i\x9a\xf4\xaa\x8aO\x1f\xd8\
\xe0\x13\x07\xd6\xb9\xbe78\xf4*\xfbE\xd0n\x04g\
.u\xb8`W\x97sV\x968\xa9\xddb\xd7d\x99\
\xe0<^|\x93dc<\xe4\x96\xfe*7L\xca\xaa\
\x9b\x07\xab\xec\x1bn\xd0\x1f\x8f\x19T\xa3\xc9\xb0\xa8\xda\
Ig-\x9f\xc0\xf3\xef\xf7xV\x9a\x9d\xc3\xfe5\xeb\
\xe3\x8a\x8f\xef_\xe3}\xb7\x1e8\xa2}\xa1\x1a\x01\xed\
\xa8g\x14v&\xb3\xb5VZ\xf5\x12\xc4S;mN\
[jsZ\xa7\xc5I\xad\x16\xed\x19\xd9p\xa9\xcad\
\xa3JV\xc7cn\x19\x8c\xb8bm\x83\xcf\xaf\xf5\xb9\
u0\x9c\xdb\x12>\x80]\xad&\xa7uZ<\xf2\xf8\
]<d\xcf\x0aK36\xbbN\x92\xa6\xcc\xdb\x22\xe2\
\x19\xa5C\xcc\x83\xd9\xb8{\x98r\x99\xf94\xe0\x7f\x95\
\xce!I\xd3\xa2\xca\xe4\xca\x8d>\x1f\xdb\xb7\xc65\x1b\
}\xf6\x0e\xc7\x0b\xb3\xcf\xd5\x9eV\x93s\x97\x978\x7f\
\xf72\xf7^js|\xab\xc9r\xb31w\xb3\xad\xfa\
\xd5\x88\x9b\xfb\xab|\xad\xb7\x8f\x9b\xfa\x07\xb8y\xb0\xc6\
\x81Q\x8f\xdexDo<\xa4_\x0d\xe9\x8fG\x8c,\
\xab\x8a\xba\xe0\xb83x\xce\xd9\x8fb\xb9ydK\xc2\
\xf6\x8e\xc6|\xe4\xb6U>\xb8\xf7\x00\x1b\xc7\xb0\x84\xee\
`\xa9\xb5\xd4\x08\x96\x1a\x0d\xba\x8d\xc9L\xadNk2\
K\xab.\xb5\x8eo5\xa7\xfe\xef\xc8h\xb2\xdc\xee\xc0\
\xb8\xe2\xfa\xde\x80/\xad\xf7\xf8\xd2Z\x8f\xb5\xf1|\xce\
(mDpb\xab\xc9\xd9\xcb\x1d.>a7\xe7,\
/\xd1\x9e\xf2?#I\x9ab\xff,\x22\xde^:\xc4\
\xac\xf3*\xb4\x052\xf3\x13\xc0CK\xe7\x90\xa4i\xf0\
\xb5\xfe\x90\x8f\xef_\xe3K\xeb=n\xea\x8f\x18,\xc0\
r\xc1F\x04\xa7wZ<pW\x97sW\xba\x9c:\
y _j4\xe6\xe6B\xdb\x1b\x0f\xb9e\xb0\xc6\x0d\
\xbd}\xdc\xd8\xdf\xcf\xcd\xfdU\xf6\x0f{\xac\x8f\x07l\
\x8c\x87\xf4\xaa\x11\xa3j16\xbe\x9e%\x17\x9ft\x0e\
O=\xf3\xa1,5\x8el\xdb\xd3\x04n\xea\x0f\xf9\xe0\
\xdeU>\xbawuK\x0b\xe8\x83o\xc0[n4\xe8\
6\x1a,7\x83\xdd\xcd&'OJ\xad\xd3'\xcb\x0f\
\x97\x9b\xd3;\xeb\xa7WU\xec\x1f\x8d\xb9m0\xe6\xaa\
\x8d>_X\xeb\xf1\xb5\xfe\x80\xe1\x1c\x16\xf5\x9dFp\
J\xa7\xcd\x05\xbb\xba|\xeb\xf1\xbb8\xb9\xdd\x9a\xfa\xb2\
Q\x92\xa6\xd0'#\xe2a\xa5C\xcc:7q?F\
\x99\xf9\xd3X^I\x12\x1b\xe3\x8a\xff{`\x9d\xcf\x1e\
X\xe7\xba\xde\x90\xf5\xff\x9f\xbd;\x8b\x96\xeb\xce\xee\xfb\
\xfe\xfd\x9f\xa9\xe6\xaa[\xf7^\x0c\x1c\x00p\x1eA\x82\
\xf3\xd8\x9czRw[-\xd9\x8e\xa3)\xca\x92\xe5e\
\xd9\x91l\xc5\x8e-;Yvb\xaf<$O\xf1\xca\
K\xe2<ee\xad$\x96\xa2DQ\x96Z\xadnI\
\xddl\x0e\xcd&8\x80\x04@\x82\x03\x08\x103pq\
\xa7\x9a\xab\xce|\xfey\xb8\xa0\xd5\xdd\x06\x9b y\xea\
\x9es\xea\xee\xcf;\xebn^\x00u\xce\xf9\x9d\xfd\xdf\
;\x8eg>\xb8*\x19\x06{*\x0e\xb7\x5c\x9am\xb5\
h[4,\xb3p3\x7f.\xc7M\x02\xd6\xbc1\xcb\
\xfe`\xa3\xc3\xca\x1f1\x8c|\xc6\x91\xcf8\xf6\xf1\xe2\
H\x8e\x02\x16@\xc3.\x7f\xa6\x10U\x01\x8b\x8e\xc5}\
\xcd*\xa3(\xe6\xed\xe1$\xb5\x7f\xcf\x89\x06/N~\
b8\xba\xa9\x14e\xc3\xa0j\x1a\xd4L\x83\xa6en\
\xcc\xd3*\xfdU\xa0U\xcdQ\xa0U6\x0c\xca\x8e\xc1\
6\xdbfg\xd9\xe6\xb6z\x99\x8b\xfe\xc6\xf0\xfb\x93\xae\
\xcf0\x8aHf\xe4\x0b0H4\x17\xbc\x80a\x14s\
\xce\x0b\xb8\xabQ\xe5\xcez\x95\xba5;\x01\xbd\x10B\
l\x82}Z\xeb\xdfSJ\xfd\x0fY\x17Rdr\xdd\
\xf9\x1c\xb4\xd6;\xd8X\x8dY\xcb\xba\x16!\x84\xc8\x8a\
\x06NL<\xde\x18L81\xf1\xe9\x84\xe1\xcc<\xb8\
}\x9c\x9airC\xb5\xc4\xad\xb52W\x956\x8eA\
U\xccb?\xcc\x05I\xcc\xb27`\xc9\xef\xb3\xec\x0d\
\xe8\x85.\xa3\xd0g\x18{\x8c#\x1f7\x0e\xb7\xcc\xfc\
\xb2Y\xf27\xae\xb9\x87\x87\xda\xd7a\x1b\xe6g\xfa\xef\
\x83Ds|\xe2\xf1\x5cg\xc8\xc9\x89\x97ru\x1f\xcf\
\x00\xca\xa6A\xdd4\xa9[&\x0d\xd3`\xce\xb1\xd8f\
\xdb\xec(Y\xec,\xd9Tr6\x97\xc9O4\x9d0\
b5\x089\xe3\x05\x9c\x98x,\xfb!\xfe\x0c}!\
\x1a\x0a\x16l\x9b\xeb*%\xf65\xab\x5cWq(\xe7\
\xec\xcfA\x08!rl\x0c\xdc\xa8\x94Z\xce\xba\x90\xa2\
\x92\x0e\xac\xcf\xe7_#\xe1\x95\x10b\x8b\xd2@'\x88\
88\x1c\xf3\xc1\xd8\xe3\xac\x17\x10\xce\xd0\x83\xda\xe5,\
:67\xd7J\xec)\x97\xd8Y\xda\xd8\xb4\xe6\x14d\
\x18\xf5OK\xb4f\x18y\xac\xf8C.z\x03.z\
}\xba\xc1\x84^\xe42\x08]\xfc8\x9a\xf9\x0e\xba\xad\
\xa0iWP\x9f\xa3#\xd01\x14\xd7WJLZ\x09\
\xe38f\xc5\x0fS\xac\xee\xe3%l\x0c\x93\x9f\xc4\x09\
+A\xb8\xb1!\xcf4h\x98&M\xcb\xa4m[,\
:\x16\xdb\x1d\x8b\x1d\x8e\xcd\xa2ccf\xfcO\xb1d\
(\xae*\xd9\xecp,v\x977\x02\xee\x0b^\xc8\xc9\
\x89\xcf\x19\xcfg\x18\x15\xbf+5\xd1\xb0\x1a\x84\xf4\xa3\
\x88\x95 \xe4\xf6z\x85\xbb\xea\x15\xb69\x16\xc6\x0ct\
\x9e\x0a!\xc4\x94\xd5\xd8\xc8\x10~'\xebB\x8aJ\xae\
4\x9f\x91\xd6\xfa\x11`\x7f\xd6u\x08!D\x16\xbc$\
\xe1\xe8\xd8\xe3\xed\xa1\xcb\xf1\x89\xc7(\x9a\xdd\xd9G\x86\
\x82\x1d\x8e\xcd\xcd\xb52{*%\xae);\xcc[\x16\
E\xcb\xad4\x1a?\x8eX\x0f\xc6\x5c\xf4\x07\xacx\x03\
\xba\xa1K/\x98\xd0\x0d'\xf4CW:\xacf\xd0\xef\
\xde\xf4\x0c\xbb*\xed\xcf\x1d.\x0c\xa3\x987\x07\x13\x9e\
\xef\x0c\x18\xe6\xe0\xdf\xbbR\x1b\xc3\xe0\xe7.m9l\
;\x16\x0b\xf6\xc6\x0c\xad\x9d%\x9b\xbai\xe6\xe2\xdf\xa8\
\x97$\xac\x06\x11\x17\xbc\x80\xb3^\xc0)\xd7g-\x88\
ff\xa9\xc5\x9ce\xb1\xa7R\xe2\x8ez\x99\x9bje\
Z\xd6g\xeb\xf4\x13B\x88-\xe6Q\xa5\xd4+Y\x17\
QD\xd2\x81\xf5\xd9\xfd\xab\xac\x0b\x10B\x88\xcd\x16i\
\xcd\x92\x1frd\xe8rt\xecr\xde\x0b\x0a\xdfQ\xf0\
q\x1cCqm\xd9\xe1\xfaj\x89kK\x0e\xbb+%\
\x9a\x96Y\xa87?\xb1N\x18D\x1e\xcb\xde\x80U\x7f\
\xc4z0\xa6\x1b\x8cY\x0f\xc6t\x821\x81\x0c]\x9f\
yu\xabD\x1a\x8d1u\xcb\xe4\xaeF\x85A\x14\xb3\
\xbf7$\xc8\xb8\xdbRk\xcd8\x8a\x19G1\xe7\xd9\
\x08\x9a?\x9a\x9b\xb5h[,^\x9a\x9b\xb5\xdd\xb1\x99\
\xb7-\xec\x8c\xd2\xac\xb2a\xb0\xab\xecpu\xc9\xe6\xa6\
Z\x99s^\xc0\x197\xe0\x8c\xe7s\xd1\x0f?\xd7\x86\
\xc7<\xe8E\x11\xc3Q\xccJ\x10r1\x08\xb9\xb3^\
\xe1\x9a\xb2#\xdb\x0a\x85\x10\xe2g\xfbW\xc07\xb2.\
\xa2\x88\xe4\xea\xf2\x19h\xad\x7f\x09\xf8\xc3\xac\xeb\x10B\
\x88\xcd\xa2\xd9\xe8\xc08:\xf682\x9cp|\xe2\xe3\
'\xc5~\xf0\xba\x9c\x8f\x8e)][v\xb8\xbeR\xe2\
\xfaJ\x89\xdd\x05\x9b\xf1\x12\xe9\x84~\xe8\xb2\xe2\x0fY\
\xf1\x07\xacxCV\xfc!\xeb\xc1\x98a\xe4\xa3g\xa4\
\xf3C|2\xdb0\xf9on\xff\x06U\xd3I\xe5\xf3\
\x12\x0d+A\xc8\x0f\xd6\x07\x1c\x1a\x8es=\xeb\xaeb\
\x1a,\xd8\x16\xdb\x1c\x9bEg\xe3\xb8\xe16\xc7f\xd1\
\xb62\x9dW\xa7\x81Q\x14s\xde\x0f9\xeb\x05\x9cq\
}\xce{\x01\x83\x1ct\xb5}^5\xd3\xb8\xd4\x8dU\
\xe1\xe6Z\x99y\xdb\x92\x07\x0d!\x84\xf8x\xbf\xa2\x94\
\x92L\xe1S\x92\xeb\xcag\xa0\xb5>\x02\xdc\x99u\x1d\
B\x08\xb1\x19\x82D\xb3\xe4\x07\x1c\x19\xb9\xbc3r7\
m\x06\xcefRl<\xf0^]r\xb8\xaeZ\xe2\xc6\
j\x99\xdde\x87R\x1e\xce ]\x81P\xc7\xf4C\x97\
U\x7f\xc4\xaa?d\xd9\x1fr\xd1\xeb\xb3\xea\x8f\x98D\
A\xd6\xe5\x89\x8c\xb4\x9d*\xbfw\xcbW(\x19\xe95\
\xdcGZs\xce\x0b\xf8\x8b\xb5>\xc7\xc6\x9b7\xd4\xfd\
\xf3\xb0\x94b\xce6\xd9q\xe9x\xe1\x8f\x87Z53\
\xbb\xaeJ?\xd1\x5c\xf4CNy>\xe7\xdc\x80\xf3^\
\xc0Z\x10R\xe4W\x03J)\x16m\x8b\xdb\xeae\xee\
\xa8W\xd8U.\xd6\x0b\x00!\x84\xd8D\xef(\xa5\xf6\
f]D\xd1\xc8\x11\xc2OIk\xfdO\x91\xf0J\x08\
\xb1\x05$\x1a\xfaQ\xc4\xb1\x89\xc7\xbbC\x97\x0f&^\
\xe6\xc7\x86\xd2\xa6\x80\x9aerM\xc9fw\xa5\xc4\x0d\
\x95\x12{*\xa5B\x0cf\x0f\x92\x8d\xd0j=\x18\xb1\
\xea\x8f\xb8\xe8\x0dX\xf2z\xac\xfa#\xdcx\xf6BF\
\xf1\xe9(\xa0eWP)\xc73\x96R\x5c]rx\
\xa2\xdd`\x14',y\xf9\x0fH#\xadY\x0b\x22\xd6\
\x82\x88\xf7\xc7\x1eM\xcbdg\xc9\xe6\xaaK\x8b\x18\xe6\
m\x8b\x05\xc7\xa2\xb1\xc9s\xb3J\x86bO\xc5\xe1\xda\
\xb2M\xb7\x16\xf3\xe1\xc4\xe3\xc3\x89\xcf\x05?`5\x88\
\x88\x0b\xd8-\xa9\xb5f5\x08\x19\xf4b\x96\xbc\x90}\
\xcd*\xb7H7\x96\x10B\x5c\xce\x9dZ\xeb\x7f\xaa\x94\
\xfa7Y\x17R$r-\xf9\x14\xb4\xd6m\xe0$\xd0\
\xca\xba\x16!\x84\x98&/I8\xef\x85\xbc;\x9ap\
d\xe4\xb2\x1eDY\x97\x94\xaa\x8f\x82\xab\xabJ6\xd7\
WK\xdcR-sm\xd9\xc1\xca\xf9\xdc\x96H'\xf4\
\x82\x09k\xc1\x88\xb5K\xa1\xd5y\xb7\xc7J0\xc4\x8f\
g\xeb\xcfH|>\x0a\xb8{\xeeZ~\xe5\xda\x07\xb0\
\x8d\xf4\x07k{I\xc2\xa1\xe1\x84\xef\xad\xf5\xe9\x87\xc5\
<\xfe\xa6\x94\xa2n\x1a\xec,\xd9\x5c[v\xb8\xba\xe4\
\xb0`ol8\xacg0\xef.\xd10\x88b\x8e_\
\x0a\xb2\x96\xfc\x80\xe5 ,\xecvW\x05\xb4m\x8b;\
\x1b\x15\xf6\xd6+\x5c[v(I7\x96\x10B\xfc\xb8\
>p\xbdR\xaa\x9bu!E\x91\xef;\xf5\x9c\xd1Z\
\xff\x1b\xe0\x9fd]\x87\x10BLK\x02\xf4\xc3\x88c\
c\x8fC\xc3\x09'&\xfe\xccl\xcb\x82\xbf:*\xb8\
\xc3\xb1\xb9\xa1Z\xe2\xf6K\x0fUy\x0e\xae4\x9aa\
\xe4\xd3\x0d&\xac\xf8\x03\xceL\xba\x9c\x1a\xaf\xb3\xea\x8f\
\x88t1\x83\x031}\x0a\xc5\x93\xdbn\xe2\xeb;\xf7\
b\xa9\xe9\x84\x06\x938\xe1\xc5\xee\x90\x97:C\xbc\x82\
\xcf\xc43\x14\xd4M\x93k\xca6\xbb\xca%\xae*9\
\xb4/\x85Y5ssC\x17\x0dxq\xc2\xf1\x89\xcf\
\xd1\x89\xcb\x92\x17\xb2\xec\x87\x85\xfd\x1d;\x86bW\xb9\
\xc4}\xad*7T\xca,:\xd2\x8d%\x84\x10?\xe6\
\x7fTJI\xc6p\x85\xe4\xfaq\x85\xb4\xd6w\x00\xef\
d]\x87\x10BL\x8b\x9f$\x5c\xf4C\xde\x1e\xb9\xbc\
5\x98\xd0\x09g\xa7\xa3G\x01e\xd3`\xd1\xb6\xb8\xae\
Z\xe2\xcez\x85\xdd\xe5\xfc\x1e\x15\xdcx\x80\x0d\xe9\x85\
\x13:\xc1\x84sn\x97\x93\xe35\xce\xb8\x1d\x82XB\
+\xf1\xc9\x14\x8a_\xb8\xfa.\x1e[\xb8\x11sJ\x01\
\xd6G\x03\xc9\xffl\xb5\xcf\xa1\xc1xf\xc2nCA\
\xcd4\xd9Uv\xb8\xbeZ\xe6\x9a\x92\xcd\x9cm2g\
\x998\x9b\xdcA\x14i8\xe5z\xbc=t9\xeb\xf9\
\xac\xfa\x11^\x92\x14r\xfbk\xe3\xd2&\xcb{\x9b5\
\xae.\xd9\xd2\x8d%\x84\x10\x7fe\xafRJ\xb2\x86+\
\x90\xcf;\xf7\x1c\xd2Z\xff>\xf0\xabY\xd7!\x84\x10\
i\xd3l\x1c[91\xf180\x98\xf0\xe1\xc4#*\
\xe8\x91\x95\xcb)\x1b\x06\x0b\x8e\xc5u\x95\x12{\x1b\x1b\
\xc1U\x1e\x87\xb3k L\x22\x86\x91O?\x9cp\xde\
\xeds|\xb4\xc2\xc9\xc9:n\x14\x14\xf2\x81Ud\xc7\
@\xf1\xeb{\x1efo\xf3j\x8c)v\x18j\xa0\x13\
F\xfc\xd1\xc5\x0e\xc7\xc7\xde\xcc\xfd=5\x80\xa6er\
C\xad\xccM\xd5\x12;\x1d\x87\x96mR7\x0d\xccM\
\xec\xdcL\xb4\xe6\xa4\x1b\xf0\xd6p\xccY/`-\x88\
p\xe3\xe2\x05Y\x96R\x5c]\xb6y\xbc\xdd\xe0\xa6j\
\x99\x96\x95\xfe\xf1V!\x84(\xa0?PJ\xfdZ\xd6\
E\x14A\xfe\xee\xe0sHk\xfd\x0c\xf0\x83\xac\xeb\x10\
B\x88\xb4\x05\x89f=\x8c8<\x9cpp0\x9e\xa9\
YW\x8e\xa1\x98\xb36:\xae\xeemTs;\x9c=\
\xd6\x09\x938\xa0\x1f\xba\xac\xf8C>\x1c\xadql\xb4\
L'\x98d]\x9a(0C)\xfe\xe1MOsm\
\xa5\x8d1\xe5\xdb\xbdD\xc39\xcf\xe7\x0f\x96:\xac\x05\
a\xe1B\x95+\xa5\x80\x9d%\x9b\xdb\xea\x15n\xac\x96\
\x98\xb3,\x1a\x96I\xd5\x9c\xf6o\xf8\xafh\xad9\xed\
\x05\x1c\x1eN85\xf1Y\x0f#\xbc8)\xd4\xe6\xc2\
\x8ff\x10>\xd4\xaaq_\xb3\xc6\xa2c\xe5\xfa\x18\xb7\
\x10Bl\x92/)\xa5$s\xf8\x04r\xb5\xb8\x02Z\
\xeb\xef\x03_\xca\xba\x0e!\x84H\x8bfc~\xcd)\
\xd7\xe7\xd5\xde\xfb\xe5\xd0\xfd\x00\x00 \x00IDAT\
\x88\xe33\xb4a\xd0R\x8a\xbae\xb2\xbb\xecp_\xb3\
\xc6\x8d\xd5\x12\x95M\x9ea\xf3I4\x9a0\x89\x19E\
>\x9d`\xc2\xf1\xf1\x0a\xef\x0e.\xb2\xe4\xf5\x98\x91S\
X\x22c\x86R\xfc\xcb\xdb\xbeN\xd3\xael\xca\xcd^\
\xa2\xe1\xf0p\xc2\xb7V\xba\x8c\xa2xfC\xac\x8f\xd8\
\x86\xe2\xbaJ\x89[k\x15n\xa8\x94h\xd9\x1bA\x96\
\xa5\xd2\xde\xfbxy\x1a8\xe7\x05\xbc9\x18sb\xe2\
\xd3\x09#\xfc$\xa1H_\xe3\x96R\x5cW-\xf1\xc5\
\xf9&\xd7\x96\x1d\xaa9\xfb\x9e\x16B\x88M\xf6\xacR\
\xea\xcbY\x17\x91w\x12`}\x02\xad\xf5/\x01\x7f\x98\
u\x1dB\x08\x91\x96Xk\xfaQ\xcc\xa1\xc1\x84\xd7\xfa\
c\xd6\x820\xeb\x92Ra(\xa8\x9a&;K6\x0f\
\xb4j\xdc^\xabl\xfa\xf0\xe5O\x92h\x8d\x9fD\x0c\
#\x8f\x0bn\x8fw\x06K|0Zf\x1c\x05Y\x97\
&fL\xc90\xf9o\xef\xfc\x85\xa9\x0dp\xff8\xdf\
Y\xed\xb1\xbf;\xc2-\xe8\xc0\xf1\xcf\xa2m\x9b\xdcZ\
\xabpG\xbd\xc26\xc7\xa6n\x1a\x94\x0c\x83\xcdh\xf8\
\xfc(\xc8zc0\xe6\xc3\xb1G7\x8c\xf1\x0b4#\
\xeb\xa3n\xac\xa7\xe7\x1b\xeckTiY\xd6\xa6\xfc\xde\
\x84\x10\x22\xa7~E)%\xd9\xc3\xcf \x97\x88O\xa0\
\xb5>\x04\xec\xcb\xba\x0e!\x84HC\x90h.\xfa!\
/t\x06\x1c\x1d{\x85\xddj\xf5\xe3\x14P\xba4\xe7\
\xea\x81V\x95{\x9a5\x1af~\xe6\xaah \xd61\
^\x1c\xd1\x0b]N\x8c\xd7x\xbb\x7f\x8e\xd3\x93\x0e\x89\
\xb4[\x89)P(\x16\x9c\x1a\xff\xfc\xd6\xafNu\xfe\
\xd5\xe5D\x89\xe6\xf7\x97\xd6yo\xec\x12\x16\xa9\x1d(\
\x05\xa6R\x5c[v\xb8\xbbQ\xe5\xe6j\x99\x96mR\
2\xd4\xa6\x1c\x8f\xd3Zs\xd6\x0fx\xa3?\xe1\xf8\xc4\
\xa3\x17\xc6\x04\x05\x0b\xb2n\xabW\xf8\xb9\xc5\x16\xdb\x1d\
;\x97\xc7\xbd\x85\x10b\x13\x1cVJ\xdd\x93u\x11y\
&W\x87\x9fAk\xfd\xdb\xc0\xbf\xcd\xba\x0e!\x84\xf8\
\xbc4\x1b[\x06\x8f\x0c]\x9e\xef\x0cY\x0eB\xf4\x0c\
\x84'\x1b\xc7\x05\x0d\xeek\xd6xl\xaeN\xcb\xce\xcf\
z\xf6\x8f\x8e\x09\xbaq\xc8y\xb7\xc7\xe1\xfe9>\x18\
.3\x8c\xfc\xacK\x133\xceP\x8a\x1bj\x8b\xfc\xbd\
\xeb\x9f\xd8\xf4\x00\x0b\xa0\x1bF\xfc\xef\x17\xd6\xb8\xe0\x85\
\xc43\xf0=\xf3Y\xb4m\x8b\xdbje\xeenV\xd9\
\xe9\xd8\x947\xe9x\xe1G\x1dY\x07\xfac\x8e\x8e=\
\x06QD\x98\xe8\xc2\x04YM\xcb\xe4\x9b;\xda\xdc\x5c\
-S\xdb\xc4\xd9bB\x08\x91#\xbf\xa3\x94\xfa_\xb2\
.\x22\xaf\xe4\xba\xf01\xb4\xd6\x0a8\x0d\xec\xca\xba\x16\
!\x84\xf8<\x12\xad\x19\xc5\x09\xcfw\x06\xbc\xd1\x1f3\
\x8e\x8b\xdfue\x00\xb6apc\xb5\xc4W\x16[\x5c\
]\xb27u#\xd8\xcf\xa2\xd1DIB?tyo\
t\x917\xbbg\xb8\xe0\xf6\x89u\xf1\x7f\xef\xa2\x18L\
ep\xef\xdc.~\xe9\xda\xfb3\x09\xb0\x00\x8eO<\
\xfe\xef\x8b]\xba3<\xd4\xfdJ8\x86\xc1u\x95\x12\
\xf77\xab\xdcP-Q\xb7LL\xa5\x98\xf6\xc1\xceD\
k\xce\xfb!\xaf\xf6F\xbc;r\x19\xc7Ia\xc2D\
C)\x1e\x99\xab\xf1T\xbb\xc1\x9cm\xe5\xe6\xbb]\x08\
!6\xc9Y\xe0:\xa5\x94\xdc8^\x86\x5c\x11>\x86\
\xd6\xfa_\x00\xff]\xd6u\x08!\xc4\xe7\x11k\xcdi\
\xd7\xe7\xdb+=\xce\xfb\xc5\xef\x86Pl\x1c\xd3\xd9\xee\
X|}\xdb\x1c\xb7\xd6\xca\x99=\xa0\xff4\x8d&\xd1\
\x9a\xb5`\xcc[\xfds\x1c\xec\x9ee\xd5\x1fn\xe9\x87\
w\x91\x0dS\x19<\xb3\xfd\x16~n\xc7\x1dl\xceH\
\xf1\xcb{\xa9;\xe4\xd9\xf5\x01\xc3(\xce\xac\x86\xbcP\
\x0a\x16m\x8b}\xcd\x1a\xfb\x1aU\xb6;\x16\xc6&t\
d\xc5\x1a\xcez\x01/\xf7\x86\xbc7r\xf1\x0b\xb4\xb1\
pw\xa5\xc4\xcfo\x9bcW\xc5\xc1\xce\xc9\xf7\xbc\x10\
Bl\x92\x7f\xa9\x94\xfa\xef\xb3.\x22\x8f\xe4jp\x19\
Z\xeb6\x1b\xddW\x8d\xack\x11B\x88\xcf*\xd6\x9a\
\x17\xbbC^\xe8\x0c\x19\xcd\xc0\x03\xa4\x02\x9a\xb6\xc9\x97\
\x17Z<<W\x9fz\x07\xc3\xa7\x91\x00g'\x1d\xf6\
wN\xf0\xde\xe0\x22c9&(2d)\x83_\xbc\
\xfa\x1e\x1eY\xb8.\xd3\x00K\x03\x7f\xbc\xdc\xe5\xe0`\
\x8c7\x03\x9d\x9fi\xa9\x9b&\xb7\xd6\xcb<\xd4\xaaq\
]\xa5\xb4)\x1dFa\xa29\xe1\xfa\xfc\xb0;\xe4\xd8\
\xd8+\xcc\xcb\x8c\xaai\xf0\xd5\xc59\xeemVs\xb7\
\x94C\x08!\xa6h\x08\xecQJu\xb3.$o\xac\
\xac\x0b\xc8\xa9\xff\x12\x09\xaf\x84\x10\x056\x8ab\xfex\
\xa5\xcb\xfb#\x97`\x06\x06)\x97M\x83\xfb\x9aU\xbe\
\xbc\xd0\xa2n\x99\xb9\x09\xaf\xa2$\xe1\xdd\xe1\x12\xaft\
Npf\xd2\xc5\x8f#\x8a3mF\xcc*\xa5\x14-\
\xa7L\xd6\xef)\x15\xf0\xf5\xc5\x16\xdd \xe2\xf8\xc4#\
*Hh2m\xa38\xe6\xcd\xfe\x98w\x86.{*\
\x0e\x8f\xcc\xd5\xb9\xad^\x99j\x97\x91m(n\xa9\x95\
\xd9]q8>\xf1\xf8ag\xc8I7\xc8\xfd,\xc4\
I\x9c\xf0\xa7+]\xce\xb8\x1e_Zh\xb1\xbdd\xcb\
\xdbw!\xc4V\xd0`#\x93\xf8\xaf\xb2.$o\xe4\
\x1a\xf0S\xb4\xd6\xbb\xd9\xe8\xbe\x12B\x88\xc2\xd1\xc0i\
\xd7\xe7\xff\xbd\xd8a5\x88\x0a\xff\xc0h)\xc5\xae\x8a\
\xc3\x97\x17Z\xdcP-m\xca\x10\xe4+1\x89}\x8e\
\x0c\x96x\xads\x92eo\x88\x9fD\xb2QP\xe4\x86\
c\x98\xfc\xeeM_\xe4\xaar3\xebR\xd0\xc0\x92\x1f\
\xf0\xff\x5c\xecp\xce\x0b\x90\x7f&?\xc9P\xe0(\x83\
\xc5\x92\xc5\xfd\x8d\x1a\xf7\xb7jT\xa7\xdci\x14k\xcd\
8Nx\x7f\xec\xf1bg\xc0E?\x9c\xea\xcfK\x83\
\xa9\x14;K6_YhrK\xad\x22[\x0a\x85\x10\
[\xc5\x1e\xa5\xd4\x99\xac\x8b\xc8\x13\xf9\xf6\xff)Z\xeb\
\xff\x19\xf8\x9d\xac\xeb\x10B\x88O+\xd2\x9a\xd7\xfbc\
\xbe\xb7\xd6g\x14\xc7\x14\xb9\xf1J)\xc5\xbcm\xf1h\
\xbb\xc6\xfd\x8d\x8d\x07\xba<\x0c\xf2\x1d\xc5\x1e\xaf\xac\x9f\
\xe4\xcd\xde\x19\x86\xa1/\xc1\x95\xc8\xa5\x92a\xf1_\xdf\
\xfe\x0d*\xa6\x9du)\x00$\x1a\xde\x19\xb9|w\xb5\
\xc7J\x90\xff\xb0$\x0b\x1f\x05Ym\xc7\xe4\xdeF\x8d\
\x07\xe7\xea4\xa6\x18di6\xae\x19\x830\xe6\xed\xd1\
\x84\x1fvG\xf4\xc3hj?/\x0d\x86\x82\xa6e\xf1\
\x85v\x83\xfb\x9bU\x1a\x96\x99uIB\x081m\xff\
V)\xf5\x0f\xb2.\x22O\xb2\x7f\x1a\xc8\x11\xad\xf5\xed\
\xc0\xbbY\xd7!\x84\x10\x9f\x86\x06\xfaQ\xccwW\xfb\
\xbc7\x9a0)\xf8\xac\x99\xbai\xb0\xb7Q\xe5\xd1\xb9\
:\x8b\x8eE\xc9\xc8\xf6\xc0\xa0\x06\xc6\x91\xcf\xeb\xddS\
\x1c\xe8\x9ef\x10zxI\x94\xfb\xa37bkR(\
\xe6\x9c\x0a\xff\xe2\xb6\xafe:\xff\xea\xa7\x85Z\xf3b\
g\xc0\xfe\xde\x88^X\xfc\x99|\xd3b((\x19\x06\
-\xcb\xe2\xaeF\x85\x87Z5\xda\xf6\xf4&~h\xc0\
O\x12\xd6\x82\x88\xd7\xfbc^\xef\x8f\x09\x92\xfc^C\
\x14P1M\xeenTx\xbc\xdd\xe0\xaaR>BZ\
!\x84\x98\xa2;\x94R\xefe]D^\xc8\x0c\xac\x9f\
\xf4\xcf\xb3.@\x08!>\x8dHkN\xbb\x01\xdf]\
\xedq\xc1\x0fs\xfd\xe0\xf1I,\xa5\xd8])\xf1X\
\xbb\xce\x8d\x95\x125\xd3\xc8t\xc3\xa0F3\x08=\xde\
\xe8\x9d\xe6`\xef,\x83\xd0c\x12\x852\xe3J\xe4\x9a\
R0gWr\x15^\x01\xd8J\xf1\xf0\x5c\x9d^\x18\
sh8\xc1-x\xd0>-\x89\x067N\xf0\xe2\x80\
A\x14\xf1\xd6p\xc2m\xf5\x0a\x8f\xcd\xd5\x99\xb7\xad\xd4\
\xffT\x15P6\x0c\xae.9|y\xc1do\xa3\xc2\
\xfe\xde\x88\xb7\x87\x93\x5c\x1e\xf7\xd4\xc0$\x8e94\x98\
\xd0\x09c\xbe\xd0\xaesK\xad\x8c\x95\x83\x0e]!\x84\
\x98\x92\x7f\x0e\xfcf\xd6E\xe4\x85|\xdb_\xa2\xb5\xbe\
\x0fx#\xeb:\x84\x10\xe2J\xb9q\xc2[\xc3\x09/\
v\x86\xac\x85Qa\xb6J]\xce\xbcmqo\xab\xc6\
=\x8d*\x0b\xb6\x95\xe9|\x93Dkz\xe1\x84\x83\xfd\
\xb3\xbc\xdd?O/p\x19G\xbe\xc4V\xa2\x10,e\
pw\xeb\x1a~m\xf7CY\x97rY+~\xc8w\
\xd6z\xbc?\x92\xa1\xeeWb\xa3\xe3\xc8\xa0e\x9b\xdc\
R\xab\xf0P\xab\xce6\xdbbZ_\x91\x91\xd6\x0c\xa2\
\x98S\xae\xcf\x8b\x9d!\x17\xbc\x80\xbcF\x8d\xb6R,\
:6\x0f\xb5j\xdc\xdb\xacR\x97#\x85B\x88\xd9u\
\xbfR\xea\xcd\xac\x8b\xc8\x03\xe9\xc0\xfa+\xff,\xeb\x02\
\x84\x10\xe2J\xf5\xa3\x98W{#^\xef\x8f\xe9\x85Q\
a\xc3\x15\xdbP\xdcX)\xf3\xe0\x5c\x8d\xeb+\xa5L\
7\x0c\xc6Z\xd3\x09\xc6\xbc\xd5?\xc7\xbb\x83%\xba\xe1\
\x84a\xe8\x15\xf6w+\xb6&\xa5\x14m\xa7\x96u\x19\
\x1fk\xd1\xb1yl\xae\xc18J8\xe5J0\xfcI\
6:\x8e\x12&q\xc2 \x8c\xf9p\xecsk\xad\xc4\
\xbd\xcd*\xdb\x1c;\xf5\xd9\x80\xd6\xa5\xf9\x835\xd3d\
g\xc9\xe1\xfd\x91\xcb+\xbd\x11\xbd(\xca\xdd\x5c\xc5P\
k\x96\x83\x90\x17\xbbC\xbaQ\xc4\xc3\xad:;\xe4H\
\xa1\x10b6\xfd3\xe0W\xb3.\x22\x0f\xa4\x03\x0b\xd0\
Z?\x0a\xbc\x9cu\x1dB\x08\xf1Ib\xad\xb9\xe8\x87\
\xbc\xd4\x1dqt\xec2\x88\x8a;Kf{\xc9\xe6\x9e\
F\x95;\xeb\x15\x16\x1d\x9bRF]W\xb1NX\xf3\
G\x1c\xee\x9f\xe3\xd8h\x85\xf5`,\xc1\x95(\xac\x92\
a\xf1\xf3W\xdd\xc5\xa3\x0b7d]\xca\xc7\x0a\x12\xcd\
\xc1\xc1\x98\x1fv\x87\x85\xd8\x80\x97'\x0a\xa8Y&\x8b\
\xb6\xc5-\xb5\xf2F\xd7\xaacMm\xc9\xc5(\x8a\xb9\
\x18D\xbc5\x1csx8a\x12%\xb9\xfbnT@\
\xcd4\xb8\xa9V\xe6\xe1V\x9d\x9bjey\xc0\x11B\
\xcc\xa2\xc7\x94R\xfb\xb3.\x22k\xd2\x81\xb5\xe1\xf7\xb2\
.@\x08!>\x89\x9fh\x8eO<^\xee\x0e9\xed\
\x06x\x05\x9dwU6\x0cn\xab\x97\xd9\xd7\xac\xb1\xa7\
\xec\xd0\xb0\xccL\x1e64\x9a^\xe0\xf2\xce\xe0\x02\xef\
\x0e\x96\xb8\xe8\x0f$\xb8\x12\x85\xb7\xd1\x81U\xcd\xba\x8c\
\x9f\xc91\x14w6\xaa\x0c\xe2\x04\xaf7\xa2\x97\xf3\xed\
wy\xa2\xd9\x08\x95\xc6QL'\x8c\xf8p\xe2sS\
\xb5\xc4]\x8d*\xdb\xa6\x10d\xd5-\x93\x1bL\x93\xb6\
m\xb2\xa7R\xe6@\x7f\xc4i\xd7'\xc8Q;\x96\x06\
Fq\xc2\xfb#\x8fq\x9c0\x8a\x13\xf66*\xd82\
\x17K\x081[~\x0f\xf8\x8f\xb2.\x22k[>\xc0\
\xd2Z?\x01\xfc\xcd\xac\xeb\x10B\x88\x9fe\x10\xc5\x1c\
\x19\xba\xbc>\x18\xb3\xe4\x05\x85\x9d\x1d\xb3\xb3d\xb3\xaf\
Q\xe5\xceF\x85m\x8e\x9d\xd9\x03\xc6 \xf4\xf8`\xb4\
\xcc{\x83%\xce\xb9=\xba\xe1\x84\xa4\xa0\xbfS!~\
\x9cB\xd1\xb6\xf3\x1d`\xc1\xc6\xb6\xd1{\x1bU\xfaa\
\xc4\xa1\xc1\xa4\xb0\x81|V4\x1b\xd7\x85a\x14\xb3\x1a\
\x84\x9c\xf6\x02n\xad\x95\xb9\xbdVa\xde6S]\x80\
a(X\xb0-\x1a\xa6\xc96\xc7\xe2\xfd\xb1\xcb\xe1\xc1\
\x84\xb5 _\xb3\x17\xbdd\xe3X\xaa\x9b$\x0c\xe3\x98\
\xfb\x9aU\xea\xa6\xcc\xc5\x12B\xcc\x8c\xbf\xa9\xb5~B\
)\xf5\xc3\xac\x0b\xc9\xd2\x96\x0f\xb0\x90\xee+!D\x8e\
i`-\x08y\xa3?\xe1\xf0p\xc2Z\x10\x16\xb2C\
\xa8d(n\xa9U\xd8\xd7\xa8rC\xb5\x94Y\xd7\xd5\
(\xf291^\xe5\xfd\xe12\xa7'\x1d\xd6\xfd\x11\x91\
\x96\x07g1;L\x05-\xbb\x92u\x19Wd\xc1\xb1\
x\xa0Uc\x18\xc7\xbc?\xf2r\x15\x86\x14\xc5GA\
\xd6h\xec\xb1\xea\x87\x9c\x9c\xf8\xdcR+sk\xad\xcc\
\x5c\xca[\x0b\x1dC\xb1\xbb\xec0g\x99\x5c\xed8\x1c\
\x19M8:\xf6\x18\xe6\xe8({\x98h\x96\xbc\x90\x97\
\xe3!\xc3(\xe6\xc1V\x8d\xed\x8e\xcc\xc5\x12B\xcc\x8c\
\xdf\x03$\xc0\xda\xaa\xb4\xd6O\x03\xbf\x90u\x1dB\x08\
q9\x89\xd6\x5c\xf0C^\xeb\x8fxw\xe8\xd2\xcb\xd1\
C\xc2\xa7\xb1\xe8\xd8\xdc\xdd\xa8\xb0\xb7^eg\xc9\xce\
d\xc3\xa0\x17\x87\x9c\x99tx\x7fx\x91\x0f\xc7k\xac\
\xfaC\x82\xa4\x98\xbfO!>\x8eBQ5\x1dJf\
1n\xef\x14pM\xd9\xe1\xbef\x8da\x18s\xc6\x0b\
\xb2.\xa9\xb0\x12\xadY\x0f#zQ\xcc\x92\x1fr\xc6\
\x0b\xb8\xa5V\xe6\x86J\x89f\xca\xdb\xf9\x9a\x96\xc9\xed\
\xf52\x0b\x8e\xc5\xb5e\x87##\x97\xb3\xae\x8f\x9f\x93\
c\x85\xb1\xd6\xac\x07\x11\x07\xfac\xc6q\xc2\x03\xad\x1a\
7TJY\x97%\x84\x10i\xf8\x05\xad\xf5\xd3J\xa9\
\xe7\xb3.$+\xc5\xb8\xc3\x99\x9e\x7f\x92u\x01B\x08\
q9a\xa29\xe9\xfa\xbc\xde\x1f\xf1\xc1xc\xaeG\
\xd1\xd8\x86\xe2\xe6j\x99\xbd\x8d*\xb7\xd4\xca\xb42\xe8\
\xba\x0a\x92\x88sn\x97\x0fF+\x9c\x18\xad\xb1\xe4\xf5\
qc\x19\x1a-f\x93\xa1\x14-\xbb\x8a*\xd0\x08k\
[)n\xaa\x96\xe9\x04\x11\x838\x91yX\x9fS\xac\
5\xabAH?\x8a8\xef\x05\x9c\xa9\x96\xb8\xadVa\
W\xd9\xa1b\xa6\xb7\xe3\xd5T\x8a\xabJ6m\xdbd\
g\xc9\xe6\xdd\x91\xcb\xfbc\x8f\xb5 \xca\xc5ql\x0d\
\x0c\xa3\x98\xb7\x86\x13\xc6Q\x8c7W\xe7\xb6z%\xb3\
-\xb7B\x08\x91\xa2\x7f\x02<\x9fu\x11Y\xd9\xb2\x01\
\xd6\xa5\xee\xabof]\x87\x10B\xfc47N\xf8`\
\xe2\xf1Zo\xccI\xd7\xcb\xd5\xb0\xdc+5g\x9b\xec\
\xadW\xd9\xd7\xacrM\xc9\xd9\xf4\xae+\x8df\xd5\x1f\
qt\xb8\xcc\xfb\xc3\x8b\x9cu\xbbL\x22\xe9\xee\x10\xb3\
\xcd(\xc0\x00\xf7\xcb\xa9\x99\x06{\x1bUzQ\xcc\x1b\
\xfd\xb1\xcc\xc3JA\x90h\xce{\x01\x9dp#\xc8\xba\
\xb9V\xe6\x96j\x85\xab\xcb6V\x8a\xf3\xb1\xca\x86\xc1\
\x8d\xd52\xf3\xb6\xc5U%\x87wG.''\x1e\xa3\
\x9c\xbct\xf1.]O\xbd$\xc1K\x12\xf6\xd6\xab\x99\
t\x01\x0b!D\x8a\xbe\xb9\x95\xbb\xb0\xb6l\x80\x85t\
_\x09!r\xa8\x1f\xc5\xbc;r9\xd0\x1fs\xce\x0b\
\x0a7\x13F\x01{*%\xeenV\xb9\xab^\xa5e\
\x99l\xf6\xb3B/t99^\xe3\x83\xd12\xc7F\
\xab\xf4C\x17]\xb0\xdf\xa3\x10\x9f\x85\xa1\x14s\x05\x18\
\xe0~9\x8b\xb6\xc5=\xcd*\xbd(\xe2\xbd\x91\x97\x8b\
.\x9eY\xe0\xc6\x09\x1fN|\x96\x83\x88s\x1f\x1d+\
\xac\x96\xd9\xe1\xd8\xa9\xf5\xe9)`\xde\xb6h6Mv\
86\xdb\x1d\x8b\xf7F.\xcb9\x19\xf2\x1e&\x9aS\
n\xc0$\x1e\xe2\xc6\x09\xf74\xab\xd4d\xb8\xbb\x10\xa2\
\xd8\xb6l\x17\xd6\x96\x0c\xb0\xb4\xd6O\x22\xddWB\x88\
\x9cY\x0f#\x0e\x0f&\xbc1\x18\xb3\xe2\x17oX{\
\xc54\xb8\xb5V\xe6\xbef\x8d\x9b\xaa\xe5M\x7f\xcb\xed\
'\x11g&\x1d\x8e\x0e\x97yw\xb8\xc4\xba?&\x96\
\x01\xedb\x0b11h\x17d\x80\xfbOS\x0a\xae-\
9\xdc\xdf\xac\xd1\x0fc\xce\xc9<\xacT\x8d\xa2\x98w\
\x86.\xe7\xbc\x80\xb3^\xc0\x1d\xf5\x0a{\xca\xe9\xce\xc7\
\xb2\x94bw\xc5a\xce6\xd9Q\xb292t9\xe5\
\xfa\x0cr0\xbf1\xd6\x9ae?\xe0\xf9N\x82\x9b$\
\xdc\xd7\xac1oo\xc9\xc7 !\xc4l\xf8\xa6\xd6\xfa\
)\xa5\xd4\x0bY\x17\xb2\xd9\xb6\xea7\xf7\x7f\x91u\x01\
B\x08\xf1\x11\x0d\x5c\xf4C\xde\x1c\x8c94\x98\xd0-\
\xe0\x0c\x98\xed\x8e\xcd\x9d\xf5\x0a\x0f\xcd\xd5Xp\xecM\
\x9d3\x92\xa0Y\xf6\x06\x1c\x1f\xad\xf2v\xff<\xe7\xdc\
\xae\x0ch\x17[\xd2\xc6\x11\xc2Z\xd6e|f\xb6\xa1\
\xb8\xa1Z\xa6\x17\xc6\x0c\xa28\x17\xc1\xc7,\xd1@/\
\x8c9\xd8\x9fp\xce\x0b\xd9[\xafpK\xad\x9c\xfa1\
\xef\xa6e\xb2\xaf\xb1\xb1\xb4\xe3\xed\xa1\xcb{#\x97\x8b\
~H\x94q7V\x02\xf4\xc2\x88\x17:C&q\xc2\
\xc3suv\xc8\x86B!Dq\xfdc@\x02\xacY\
\xa7\xb5~\x1c\xf8\xebY\xd7!\x84\x10\xb0\xb19\xea\xbc\
\x1f\xf2Jo\xc4;#\x97Q\xc1\x1e\xd8lC\xb1\xa7\
\x5c\xe2\xbeV\x8d{\x1a\x9b?[\xa4\x1f\xba\x9c\x9et\
8\xd2\xbf\xc0{\xc3%\xbc\xb8x\x9dkB\xa4\xc5P\
\x8a\xf9\x02\xce\xc0\xfaqu\xd3\xe0\xf6z\x85\xf5pc\
\x8b\x9c/\xf3\xb0R\x17i\xcd\x92\x17\xd0\x09\x22N\xbb\
\x01w7*\x5c_-\xb1=\xc5c\x85\xa6R\x5c]\
r\x98\xb3,\xae*\xd9\x1c\x1aLr\xd1\x8d\xa5\xd98\
V\xf9rw\xc4$\xd6<\xde\xaesM\xd9\x91\xe1\xee\
B\x88\x22\xfa\xebZ\xeb\xc7\x95R?\xca\xba\x90\xcd\xb4\
\xe5\x02,\xe0\x1fe]\x80\x10B\xc0\xc6C\xc4\x197\
\xe0\xa5\xeepc\xc8lN\x86\xde^\x09\x05TM\x83\
\x9bke\x9e\x98o\xb2\xa7\xecl\xea\xcf\xf7\x92\x90\x0b\
n\x9f\xa3\xa3e\xde\xec\x9e\xa1\x1f\xba23Gli\
\x0ap\x0c\x8bfA\x8f\x10\xfe\xb8E\xc7\xe2\xfeV\x8d\
N\x18qt\xecR\xc0=\x16\x85\xe0'\x09\xc7\xc6.\
\xe7\xfd\x80;\xeae\xf65j\x5c[\xb6\xa9\xa78\x1f\
\xaaj\x1a\xec\xadotc\x1d\x1cLxw\xe4\xb2\x9c\
\x83n\xacHk\xde\xe8\x8fp\xe3\x98'\xe6\x1b\x5cW\
)\xa5:\xdc^\x08!6\xc9?\x02\xb6T\x80\xb5\xa5\
\xbe\xa9\xb5\xd6\x0f\x00\xafg]\x87\x10B\x04\x89\xe6\xa4\
\xeb\xf3Bg\xc0)\xd7/\xd4\xa6AC)\x16l\x93\
;\xeaU\x9el7h\xd9\x9b7\x0c7A\xb3\xee\x8f\
8>^\xe5\x95\xf5\x93,y}\x09\xae\x84\x00Le\
\xb0\xbb\xda\xe6\x1f\xdc\xf8t\xd6\xa5\xa4\x22\xd4\x9a\xa3c\
\x8f\xef\xae\xf6X\xf6\xc3\xac\xcb\x99y\x86R\xcc\xdb\x16\
\x0f\xb5j\xdc\x5c+\xb3\xb3dc\xa7\x1c\xe8x\xc9\xc6\
@\xf9\xd7\xfbc\xce\xe4\xa0\x1b\xeb#\xbb+%\xbe\xb2\
\xd8\xe4\xc6\xca\xe6\xcfn\x14B\x88\x14<\xa4\x94\xda2\
\x19\xc7\x96\xfa\x96\xd6Z\xff\x1f\xc0\xafg]\x87\x10b\
k\xf3\x92\x84cc\x8f\x1f\xac\x0f\xb8\xe0\x87\xb9\xd8\xd2\
t\xa5\x1cc\xe3X\xc8}\xad\x1a\x0f\xb7j\x98\x9b\xf4\
\xc6Z\xa3q\xe3\x90\x0b^\x9f7\xba\xa7y\xb3{\xa6\
P\xbf7!\xa6\xcd1L\xeej]\xc3\xaf\xeez0\
\xebRR3\x8a\x13\xde\xe8\x8f\xf9\xc1z\x9fq\x81:\
T\x8b\xccP\xb0\xa7\x5c\xe2\x89\xf9\x06\xbb+%Z\x96\
\x99\xea\xc3B\xa2\xa1\x17m\x1c\x0f=4\x98\xb0\x1e\xe6\
cS\xe1\xce\x92\xcdW\x17\xe7\xb8\xb9V\xa2l\x18[\
\xeb\x01I\x08Qt\xffN)\xb5e2\x8e-\xf3\xfd\
\xac\xb5\xde\x0b\xbc\x9du\x1dB\x88\xadm\x12'\xbc3\
r\xf9\xc1\xfa\x80\xb50$\x07\xf7\xedWD\x015\xcb\
\xe4\x86j\x89'\xdbM\xae\xabl\xde\x91\xc1H't\
\x821\x1f\x8c\x96yi\xed8k\xfex\xd3~\xb6\x10\
EQ1m\x1e_\xbc\x91\xaf\xed\xb83\xebRR\xb5\
\x1eF<\xb7>\xe0@\x7f\x9c\xf9\xb1\xb3\xad\xa4d\x18\
<\xd2\xaesO\xa3\xcav\xc7\xc61T\xaa\x0f\x0dA\
\xa2\xf9`\xe2\xf1Rw\xc8\x05/`\x92\x83\x80r\xde\
\xb6\xf8\xeab\x8b\xdb\xeaejf\xba\xc1\x9d\x10BL\
\xd9]J\xa9#Y\x17\xb1\x19\xb6\xd2\x0c\xac\xff<\xeb\
\x02\x84\x10[\xdb$N84\x9c\xf0\xecZ\x9fA\x14\
\x17f\xd8\xb8\xa9\x14s\xb6\xc9\xdez\x95\xa7\xe6\x1b\xa9\
\xae]\xffY\x12\xadq\xe3\x80\xf3n\x8f\xd7\xba\xa7y\
\xab\x7fN\x8e\x0b\x0a\xf11Le\xd0\xb6\x8b=\xc0\xfd\
r\xe6m\x8bG\xe7\xea,\x07!\xa7&~a\xbe7\
\x8b\xceO\x12^X\x1f\xf0\xc1\xc8\xe3\xe9\x85&\xd7W\
\x1cZ\x96\x99Z\xd7\xadc(\xee\xacW\xb8\xb6l\xf3\
|g\xc8;C\x97^\x14e\xfaR\xa7\x13F\xfc\xe9\
J\x17/iqW\xa3J\xc32e\xb8\xbb\x10\xa2(\
\xfe\x11\xf0[Y\x17\xb1\x19\xb6\xc4\xcb\x05\xad\xf5\x0d\xc0\
\x87Y\xd7!\x84\xd8\xba&q\xc2\xab\xbd\x11\xcfu\x06\
\xb9x\xd3|\xa5,\xa5\xd8Q\xb2yx\xae\xc6C\xad\
\xfa\xa6\x0d\xb9\x0d\x93\x98n8\xe1\xc8\xe0\x02/\xad\x1d\
g\x10z\x9b\xf2s\x85(\xaa\x96]\xe1\x97w=\xc0\
-\xf5\xedY\x97\x92\xbaPk\x8e\x8f=\xfeh\xb9C\
?\xcc\xc7\xdc\xa4\xad\xc42\x0c\xf65*<:Wg\
g\xc9\xa6\x94\xf2\x11\xbbXk\xde\x1d\xb9|o}\xc0\
Z\x10f>\x13\xd21\x14_Zlq_\xa3J\xcb\
\xb2\x90\xb1XB\x88\x82\xb8Q)u\x22\xeb\x22\xa6m\
\xab\xbcX\xf8\xdd\xac\x0b\x10Bl]\x938\xe1\xa5\xee\
\x88\xef\xaf\x17'\xbc\xda\xd8hfp}\xb5\xcc\xd7\xb7\
\xcd\xf1\xe8\x5ccS\xc2\xabDk\xc6\x91\xcf\xb1\xd1\x0a\
\x7fr\xe10\xdf\xbdxD\xc2+!\xae\x80\xa9\x0c\xda\
N\xf17\x10^\x8e\xad\x14{*%\x9ej7d\xc8\
v\x06\xa2dc\x16\xd9\x1f,\xad\xf3\xe6`B/\xe5\
\xb9U\xa6R\xdc\xd5\xa8\xf2w\xae\xdd\xc6\x9d\xf5*\xf5\
\x94\xe7n}ZA\xa2\xf9\xdej\x9fW{c\xbaQ\
$[0\x85\x10E\xb1%2\x8f\x99\xbf\x0b\xd0Zo\
\x07.\x00\x9b\xb7&K\x08!\x00\xcd\xc6\xc0\xf6\xbfX\
\xed\xf1J\xaf8\xf3[\x14P1\x0d\xee\xa8Wxf\
\xa1\xc5\x0egsN\x9bG:a\xcd\x1fq\xa0{\x9a\
W;'qc\xd9<&\xc4\x95\xda^n\xf0\x8fo\
\xfa\x12\x8e1\xbb\xb7;\x83(\xe6\xcfV{\x1c\x1cL\
\xe48qF\x0c\xa5\xd8\xd7\xa8\xf2\x85v\x9d\xabJ\x0e\
v\xca\xb3\xb1\x12\xe0\xf5\xfe\x98\xe7\xd6\x07t3\x1e\xf0\
n(\xc5\xe3\xed:\x8f\xcd\xd5Y\xb0m\xe9\xc4\x12B\
\xe4]\x0c\x5c\xad\x94Z\xc9\xba\x90i\xda\x0a3\xb0\xfe\
!\x12^\x09!6\x99\x06&I\xc2\x9f\x5c\xecrh\
0\xa6\x18}W\x1b\xe1U\xcb\xb6x\xb0U\xe3\x0b\xed\
\x065s\xfa\x8d\xba\x1a\x08\xe2\x88\xe3\xe3\x15^X;\
\xc6\x89\xd1\xda\xd4\x7f\xa6\x10\xb3\xc4T\x06u\xab4\xd3\
\xe1\x15@\xc32\xf9\xcaB\x8b\xa5 \xe4\x82\x1bd]\
\xce\x96\x94h\xcd\xc1\xc1\x98S\xae\xcf3\x0bM\xf6\xd6\
+\xd4S\x9c\x15e\x00\x0f\xb7j\xec.9|{\xb5\
\xc7)\xd7'H\x92Lf\x9f%Z\xf3Rw\x84\x9f\
h\x9el7\xd8Q\xb2g\xff\xcd\xbf\x10\xa2\xc8L6\
\xb2\x8f\x7f\x95u!\xd34\xd3\xdf\xc3Z\xeb\x12\xb0\x04\
\xb4\xb3\xaeE\x08\xb1uh`\x14\xc5\xfc\xe1\xd2:\xef\
\x8f\x8bs\xfcM\x01W\x97\x1d\x9e\x9aorO\xa3\x82\
\xb1\x09G\x065\x9a~\xe8\xf2j\xe7\x14/\xaf\x9f`\
\x1c\xf9S\xff\x99B\xcc\x9a\x92a\xb1\xb7u\x0d\xbf\xba\
\xeb\x81\xacK\x99\xbaXkNy\x01\xff\xeb\xd9\x95\xcc\
g%mu\x86R\xecmTxz\xbe\xc1\xb5%'\
\xf5k\x86\x1f'<\xdb\x19\xf0z\x7f\xcc(\xc3\xc5'\
J)\xf65\xab<3\xdf\xe0\xea\x923\xdb\x0fOB\
\x88\xa2\xeb\x02W)\xa5f\xf6\x86z\xd6g`\xfd\x03\
$\xbc\x12Bl\x22\xcd\xc61\x97\x7f\xb7\xd4)Vx\
\xa5\x14\xb7\xd4+\xfc\xe2\x8e6\xf76\xab\x9b\x12^%\
Z\xf3\xe1h\x8d?:w\x90gW\xde\x97\xf0J\x88\
\xcf\xc84fw\xfe\xd5O3\x95bW\xc9\xe1k\xdb\
\xe4\xf6.k\x89\xd6\xbc=\x98\xf0\xfb\x17:\xbc\xda\x1f\
\xe3\xa6<\xe3\xb1d\x1a|}\xdb\x1c\x7fkG\x9b\x9d\
%\x9bM\xda!\xf2\x1f\xd0Zs\xb8?\xe6/V\xfb\
\x9c\x91\xce?!D\xbe\xb5\xd9\xe8\xc2\x9aY3\xfd\x12\
Ak}\x02\xb8>\xeb:\x84\x10[\x83\x06:A\xc4\
\x1f-w\xf8p\xec\x15\xe6\xd8\xa0e(\xeem\xd6\xfe\
\xfd\x11\x89\xcdx\xb31\x8c<^\xe9\x9c\xe4\xb5\xce)\
\xfa\xa1+\xf3l\x84\xf8\x1c\x9av\x99\xaf\xee\xb8\x9dG\
\xe6o\xc8\xba\x94M\xe3&\x09\xff\xd7\x85u\xde\x19\xb9\
Y\x97\xb2\xe5}\xb4\xf4\xe3\xceF\x85'\xda\x0dv\x95\
\x9dT??\xd1\xb0\x1eF|o\xbd\xcf\xbbC\x17/\
\xc9\xe6\xeaj(\xb8\xb9Z\xe6K\x0bMn\xa8\x963\
\xa9A\x08!\xae\xc0I\xa5\xd4\xcc\xde\x10\xcc\xec\x0c,\
\xad\xf5o\x22\xe1\x95\x10b\x93$\x1a\x96\x83\x90\xffo\
\xb9\xcbi\xd7/LxU1\x0d\x1e\x9d\xab\xf3\xc8\x5c\
\x9d9\xdb\x9azx\xa5\xd1\x9c\x99txa\xf5\x18G\
G\xcb\x04q\x8c\xce\xec`\x88\x10\xb3\xc1R&\x0bN\
=\xeb26U\xd90\xf8\x85\x1dm\xcey\x01\x83\x0c\
\x8f\x97\x89\x8d\x977~\x92\xf0\xd6`\xc2\xb2\x1f\xf2\xf8\
\x5c\x83}\xcd\x0a%#\x9d+\x8a\xa1`\xd1\xb1\xf8\x1b\
\xdb\xdb\x5c[rx\xb97d-\x88R\xf9\xecO#\
\xd1p|\xe2\x13\xeb\x01\xcf,\xc0\xad5\x09\xb1\x84\x10\
\xb9t\xbd\xd6\xfa7\x95R\xff[\xd6\x85L\xc3\xccv\
`i\xad_\x07f\x7f\x18\x84\x10\x22s\x09\xb0\xe4\x07\
|kyc\xe0l\x96[\x93>\x8dy\xdb\xe2\xa9\xf9\
\x06\xfb\x9aUj\xe6\xf4\xd7\x96\xbbq\xc8\xab\x9d\x93\xbc\
\xd1=\xc3j0\x22J\xe2)\xffD!\xb6\x86\xed\xa5\
\x06\x7f\xf7\xfa\xc7\x99wjY\x97\xb2\xa9\x12\xadyg\
\xe4\xf2\xfbK\xeb\x842\x0f+\x17\x0c\xa5\xa8\x9b\x06w\
7\xab<>Wg\x9bc\xa7\xfa\xf9A\xa29\xe9\xfa\
\xbc\xd0\x19\xf0\xe1$\x9b\xeb\xad\xa9\x14\xd7U\x1c\x9e^\
hr[\xad2\xbb\x0fSB\x88\x22;\xa0\x94z0\
\xeb\x22\xa6a&;\xb0\xb4\xd6\xdfD\xc2+!\xc4&\
\x88\xb5\xe6\x8c\x17\xf0\x9d\x95\x1eg\xbd\xa00\xe1\xd5\x9e\
J\x89\xa7\xe6\x9b\xdcR+Q2\x8c\xa9\xdf\x80\x9f\x9d\
t\xf9\xe1\xfaq\x8e\x0dW\x18\xc7\xbe\x1c\x19\x14\x22%\
\x0apL\x93\xa6\xbd5f`\xfd8C)n\xabW\
x\xb0U\xe7\xb5\xde\x88H\xbeW2\x97h\xcd0\x8a\
9\xd0\x1f\xb3\xec\x87<:W\xe7\xcez\x053\xa5\x01\
V\x8e\xa1\xb8\xb1Z\xa2e\xb5\xf9Qo\xc8\xe1\xc1\x84\
I\xca\xb3\xb7>I\xac5\xa7\xdd\x80\xe7\xd7\x87h\x0d\
\xb7\xd7%\xc4\x12B\xe4\xce\x03Z\xebo*\xa5\xfe4\
\xebB\xd26\x93\x01\x16\xf0;Y\x17 \x84\x98}\x1b\
7\xb1>\x7f\xbe\xd6\xe7LA\xc2+\xa5\x14\xb7\xd5\xca\
<9\xdf`O\xb9\x84cL\xf7\xb6;\xd6\x9a\xb7\xfa\
\xe7\xd8\xbf~\x82\xf3n\x8f \x89\xe4\xa8\x8f\x10)\xb2\
\x0c\x93\x96U\xc1R\xb3\xbe\x97\xe7\xf2l\xa5\xf8\xe2B\
\x93s^\xc09/\x90p<\x074\xe0\xc5\x09''\
>\xc3(f%\x88xd\xaeN\xddL\xe7\xef\xa8\xa5\
\x14\xdb\x1d\x9b//\xb4\xd8\xe1\xd8\xbc\xd2\x1bq\xd1\x0f\
S\xf9\xec+\x15i\xcd\x19\xd7\xe7\xb9\x8e&\xd2\x9a\xbb\
\x1aU\x09\xb1\x84\x10y\xf3;\xc0\xcc\x05X3w\xb7\
\xa3\xb5~\x18\xf8Z\xd6u\x08!f[\xac7\x8e1\
\xfc\xc5\xda\xc6V\xa2\x22\x84W\x86R<\xd0\xac\xf2\xe5\
\x85&\xd7U\xa6\x1f^\x8d\xe3\x80gW\xde\xe3\xd9\x95\
\xf793\xe9\xe0Kx%D\xealen\xb9\xa3\x83\
?\xade\x99|u\xa1E\xdd\x9c~7\xa9\xb8r\x91\
\xd6\xac\x04!\xfb{C\xfel\xa5\xc7\xd9\x147\xf8\x19\
\x0a\x9a\x96\xc9}\xcd\x1a_]lqs\xad\xbc)\xdb\
s\x7f\x5c\xa85\xe7\xdc\x80\x1fv\x87\xbc=\x9c\xa0\x0b\
p\x1f \x84\xd8R\xbev)\x1b\x99)\xb3\xd8\x81\xf5\
\xdbY\x17 \x84\x98m\x1f\x1d\x1fxn}\xc0i7\
(\xc4\xb1\x15\xdbP<6W\xe7\x81V\x9dm\x8e\x85\
5\xe5\x1b\xfd\xf3n\x8f\x17\xd7\x8eql\xb4\xc2(\x92\
#\x83BL\x8be\x18\xcc;\xd5\xac\xcb\xc8\x94\x02n\
\xac\x96x\xa4]\xe7\x87\x9d!\xee&\x1f)\x13\x1f/\
\xd10\x08c\xde\x1eN\xe8\x85\x11\xf7\xb7j\xdc\xd3\xac\
\xa6r\x0dR@\xd54\xb8\xb5V\xa6a\x99\x1c\xe8\x8f\
yk8\xd9\xd4?\xff\x7f\x1fb\xb1q\x9c\xf0\xeeF\
\x05\xb5\xc9A\x9a\x10B\xfc\x0c\xbf\x0d\xbc\x9au\x11i\
\x9a\xa9\x00Kk\xbd\x07\xf8\x8d\xac\xeb\x10B\xcc\xae\x8f\
:\xaf\x9e\xef\x0c8\xe9\xfa\x85\x08\xaf\xaa\xa6\xc1\x93\xf3\
M\xeeiTi\xdbfj\xb3H.G\xa3y\xab\x7f\
\x9eW;\xa76\xba\xae\xe2P\xba\xae\x84\x98\x22[\x99\
\xb4\xb7x\x07\x16l\x84\xf4\x0f\xb7\xea\x5c\xf0B\x8e\x8e\
]\x19\xea\x9e#\x1a\xf0\x92\x84\x93\xae\xcf0\x8eY\x0b\
#\x1e\x9d\xab\xd1\xb2\xd2y\x0c)\x19\x06\xbb\xca\x0e5\
\xd3`\xeeR\x90\xb5\x1en\xde\x96\xc2\x8fB\xac\x97\x19\
b\x1a\x8a;e&\x96\x10\x22?~Ck\xfd\xaf\x95\
R\xa7\xb3.$-\xb3v\x84\xf0?\xcb\xba\x00!\xc4\
\xec\x8a\xb5\xe6\x84\xeb\xf3|g\xc8\x89\x89OP\x80\x07\
\xa4\xb6m\xf1s\x8b-\x1el\xd5\x98w\xac\xa9\x86W\
\x938\xe0\xfb+\xef\xf3\xec\xcaQN\x8cV\xf1$\xbc\
\x12b\xeal\xc3d\xde\xde\xda\x1dX\x1fiY&O\
\xb6\x1b,\xda6S>!->\x83\x8f\x8e\x14\xbe\xd6\
\x1b\xf1\xdd\xd5\x8d\xe3\xf7i\xb1\x94b\x9bc\xf3\xd0\x5c\
\x9d/-\xb6\xb8\xbeZJ\xed\xb3\xafD\xa85g\xbd\
\x80\x97\xbaC\xde\x1d\xb9r\xed\x13B\xe4\xc9Le$\
3sy\xd7Z\xdb\xc0\x0a0\x97u-B\x88\xd9\x13\
k8\xe9\xfa\xbc\xd8\x19p|\xe2\x15\x22\xbc\xda\xee\xd8\
<\xb3\xd0\xe0\x8ez\x95\xea\x94g\xc3\x5c\xf0z\xbc\xb4\
\xf6!G\x87\xcb\x0cB\x0f-\xb7\xefBl\x8a\xdd\xd5\
6\xbfu\xfd\x13TL;\xebRr!\xd2\x9a\xd7z\
c~\xd0\x19\xd0\xdb\xc4.\x1c\xf1\xe9\x94\x0c\xc5u\x95\
\x12\x0f\xb4\xea\xeckTS\x0d\x1c\xddx\xa3\xdb\xeb\xc0\
`\xcc\xbbCwS;\xa5\x1dC\xb1\xa7R\xe2\xc9v\
\x83\xdb\xa4\x13K\x08\x91\x0f=`\xbbRjs\xb7]\
L\xc9,\x1d!\xfc\xfbHx%\x84\x98\x82\x048\xed\
\xfa\xfc\xa8;\xe4\xc3\x82t^]U\xb2\xf9\xe2B\x8b\
;\xeaeJ\xc6\xf4\x9amc\x9dpdp\x81\xd7\xbb\
\xa791Z%H\xe2\xa9\xfd,!\xc4O2\x95A\
\xcd*Q6g\xe9v\xee\xf3\xb1\x94\xe2\xeeF\x85\x0b\
~\xc0\xe1M\x9e\x87$\xae\x9c\x9fh\x8eO|Fq\
B/\x8cxh\xaeN-\xa5-\x85\x15\xd3\xe0\xe6Z\
\x99\xbai\xd04M\x0e\x0e&\x8c\xe3\xcd\xb96\x05\xc9\
\xc6v\xe2\x1f\xf2W[\x7f\x85\x10\x22csld%\
\xffS\xd6\x85\xa4a\x96\xeex\xfe~\xd6\x05\x08!f\
\x8f\x06\xce\xb8\x01/\xf7\x86\x1c\x1b{\xf8I\xbe\x1f\x86\
\x14\xb0\xabR\xe2\xe9\xf9\x06\xb7\xd7+\xd8S:2\xb8\
\xb1&=\xe4\x8d\xee\x19^\xef\x9e\xe2\x82\xd7\x97\x0dL\
Bl2\xdb0i\xd9\x15\x94\xf4y\xfc\x84\xbae\xf2\
\xf0\x5c\x9d\xb5 \xe2TAf\x15nE\xb1\xd6\x5c\xf0\
\x02FQL?\x8eyl\xae\xce6\xc7N\xe5o\xb3\
\xad\x14\xd7\x94\x1d*\xa6A\xdd2y\xa3?f5\xd8\
\x9c\xe6\x83 \xd1\x9cr}Tg\x80\xa5\xe0\xa6\xaa\x84\
XB\x88\xccI\x80\x95'Z\xeb_\x04\xf6f]\x87\
\x10b\xb6h\xe0\xac\x17\xb0\xbf7\xe4\x83\xb1\x87\x97\xf3\
\xf0\xca\xb8t\xa3\xfc\xc4|\x93[je\xcc)\xfd\x9c\
Dkz\xe1\x84\xd7\xbb\xa7x\xb3{\x96\xf5`<\xa5\
\x9f$\x84\xf8Y\x1c\xc3\xa4-\xf3\xaf.\xeb\xda\xb2\xc3\
\x83\xad\x1a\x83(f5\x90y|y\xa5\x81~\x14\xf3\
Zo\xcc(Jxd\xae\xce\xf5\x15'\x95y\x8d\xa6\
R,:6\x0f\xb7\x0c\xea\xa6\xc1\x81\xfe\x98S\xae\xff\
\xf9\x8b\xbe\x02A\xb2\xb1\xf0\xc5\xec\x0c\xb1\xd5\xc6\xb1B\
!\x84\xc8\xd0^\xad\xf5/*\xa5\xfe$\xebB>\xaf\
Y\x19\xe2\xfe\xf7\xb2.@\x081{\x96\xfc\x90W{\
#\xde\x1b\xb9Lr~\x0c\xc52\x14\xb7\xd7+|i\
\xa1\xc5\xedS\x0c\xaf\x22\x9dp\xce\xed\xf2\xdc\xcaQ~\
\xb4~B\xc2+!2\xe4\x18&mG\x02\xac\xcbQ\
\xc0\x1d\xf5\x0a{\x1b\x15\xea\xd6\xb4\xbe\x11EZ\x82$\
\xe1\xf0`\xcc\xb3\xeb}\x0e\x0f'\xa9u;+\xa0a\
\x99\xdc\xdb\xac\xf1\xf4|\x93;\xeaU\xccMjX\x0c\
\x12\xcd\xf1\x89\xc7\x8b\xdd!\x17\xfc\xf4\x06\xd6\x0b!\xc4\
g4\x13\x99I\xe1;\xb0\xb4\xd6\xf7\x00\xdf\xc8\xba\x0e\
!\xc4lY\xf2C^\xe9\x8dx\xb7\x00\xe1\x95c\x18\
\xdc^\xaf\xf0D\xbb\xceuS|\xcb\xeb'\x11'\xc6\
\xab\xbc\xd69\xcd\xbb\x83%b\x9d\xef\xdf\x8b\x10\xb3\xce\
V\x16m\xbb\x96u\x19\xb9U1\x0d\xeek\xd6X\x0f\
#\xde\x1f\xe5\xff\x08\xf8V\xa7\x81cc\x8fa\x143\
\x8ac\xf65j4-3\x95#\x85%Cq[\xbd\
L\xdd2\xa8\x9a\x8a\xb7\x87\x13\xfcM\x98g\x19$\x9a\
\xf7F\x1e\x96\x82//\xcc\xb1\xcd)\xfc\xa3\x97\x10\xa2\
\xb8\xbe\xa1\xb5\xbeG)u(\xebB>\x8fY\xe8\xc0\
\xfa\xad\xac\x0b\x10B\xcc\x96\x95`\xa3\xf3\xea\xed\xe1\x84\
a\x94\xef\xa1\xe4e\xc3`o\xbd\xc2\x17\xe7\x1bS\x0b\
\xaf4\x9aa\xe4q\xb8\x7f\x8e\xe7W?\xe0\xed\xfey\
\x09\xaf\x84\xc8\x01\xc70\x99\x97\x0e\xac\x9fig\xc9\xe6\
\xfef\x8d\x9d%\x1bcJ3\x01E\xba.\xfa!\xcf\
\xad\x0fy\xb9;d\xd9\x0f\x89S\x9aaf)\xc5\xee\
r\x89//4y\xb0U\xdf\xb4\xce\xbc Ixk\
\xe8\xf2bwH7\xcc\xf7=\x85\x10b\xe6\x15>;\
)\xf4\x95\x5ck\xdd\x04\xd6\x00\xd9\x1d-\x84HE'\
\x8c\xd8\xdf\x1d\xf1\xe6`L?\xe7\xe1U\xc54\xb8\xa3\
^\xe1\xe9\xf9&W\x95\xa6\xf35\x98hM7\x9c\xf0\
V\xff\x1c\xafwN\xb3\xe2\x0f\xa7\xf2s\x84\x10\x9f\x8e\
\xa9\x14\xb76v\xf0\x1b{\x1e\xc5T\xb3\xf0>rz\
B\xady\xb9;\xe4G\xdd\x11\x9d0\xca\xba\x1cq\x85\
\x1c\xc3\xe0\xdef\x95\x07Z5\xae-9\xd8F:\x8f\
-\x1a\x18\xc71/\xf7F\x1c\xecOX\xdb\xa4\x19i\
\xb6R<6\xdf\xe0\xc9v#\xb5\xce2!\x84\xf8\x94\
B`Q)5\xc8\xba\x90\xcf\xaa\xe8w<\x7f\x17\x09\
\xd3\xa7KK\x00\x00 \x00IDAT\xaf\x84\x10)\
\x19F1o\x0c&\x1c\x1aNr\x1f^UM\x83\xbd\
\xf5*\xcfL1\xbc\x0a\x93\x98%\xaf\xcf\xfe\xf5\x13\xbc\
\xb8v\x5c\xc2+!r\xc41,\xe6\xec\xaa\x84WW\
\xc0V\x8a\xbb\x1aUn\xa9\x95)\x1b\xf2\xfb*\x8a \
Ix\xbd?\xe6\x85\xf5\x01\xc7&\xe9-RQ@\xdd\
4\xf9\xe2|\x93'\xe7\x1b\x5cSv6\xa5;/\xd4\
\x9a\x1fu\x87\xbc\xda\x1b1\x8ebY, \x84\xc8\x82\
\xcdF\x86RXE\xbf\x8a\x17\xfa\x97/\x84\xc8\x0f7\
I84\x9cp\xa0?\xa2\x9b\xe37\xf4\x8a\x8d\x15\xf1\
w5\xaa|q\xa1\xc9\xce)\x85WA\x12q\xd6\xed\
\xf2\xe2\xda1~\xb4\xfe!\xc3\xd0\x9b\xca\xcf\x11B|\
6%\xc3\x92\xe3\x83\x9f\xc2\xbcmqO\xb3\xca\xee\x94\
6\xdc\x89\xcd\x91h\xcd\x91\x91\xcb\x0f\xd6\x07\xbc;r\
\x19\xc7Ij\xc1\x8f\xa5\x14\x8f\xcc\xd5\xf9\xd2b\x93\x1b\
\xaa%\xecM\xf8{\x11%\x9a\xe7;\x03\xde\x1c\x8cq\
S\xfc\x7f\x11B\x88O\xa1\xd0\x19Ja\x03,\xad\xf5\
\xd7\x81\xdb\xb3\xaeC\x08Q|~\xa2yw\xe4\xf1J\
oD'\xc8\x7fxuw\xa3\xca3\x0b\xcd\xa9\x0d\x83\
\xf5\xe2\x90\x13\xe35^X\xfd\x80\x83\xbd\xb3\x84I\xbe\
\xbb\xd1\x84\xd8\x8aJ\x86E\xdb\x91\x01\xee\x9f\xc6\xf5\x95\
2{\x1bU\xda\xb6l%,\x9aS\xae\xcf\xf7\xd7\x07\
\x1c\xbct\xbc?\xad)\x8c\x0a\xb8\xab^\xe5\x1b\xdbZ\
\xdc\x5c+S\xda\x84\x0e\xbd \xd1|o}\xc0\x91Q\
z\xdb\x16\x85\x10\xe2S\xb8\xfdR\x96RH\x85\x0d\xb0\
\x80\xbf\x9du\x01B\x88\xe2\x8b\xb4\xe6\xd8\xd8\xe3\xb9\xf5\
\x01+\x9b4\x07\xe3\xb3\xf8\xf1\xf0\xea\x8b\xf3M\x16\xed\
\xe9\x84W\x938\xe0\xe8h\x99\xe7W?\xe0\x9d\xc1\x12\
IJ\xc3s\x85\x10\xe9*\x996\xf3\x12`}*\xa6\
\x82;\xea\x15n\xabW\xe4(a\x01\xad\xf8!\xcf\xae\
\x0fx\xb57b=\x88R\x1b\xee\x0e\xb0\xbb\x5c\xe2\xaf\
m\x9b\xe3\x8ez\x99\x9aiL}>\x95\x1b'\xfc\xe5\
Z\x9f\x0f\xc6\xde\xa6lC\x14B\x88\x9f\xf2\xb7\xb3.\
\xe0\xb3*\xe4\xd5[k}5\xf0KY\xd7!\x84(\
\xb6DkN\xbb\x01\xdf_\xefo\x84W9\xbd\x87T\
@\xed\xa3\xce\xab\xf9&sS\xe8\x1e\xd0\xc0(\xf29\
\xdc;\xc7\xb3\xcb\xefs|\xb4\x9a\xfa\xcf\x10B\xa4\xa7\
dX\xb4m9B\xf8i\xcdY&{\xeb\x15\xf6T\
6g\xee\x91H\xd70\x8ay\xb13\xe4\xa5\xee\x90\xe5\
 $J\xf1\xc2\xbd\xa3d\xf3\x0b\xdb\xdb\xdc\xd3\xac\xd2\
\xb4LR\x9a\x19\xff\xb1za\xccwV\xfb\x9ct}\
B\x09\xb1\x84\x10\x9b\xeb\x97.e*\x85S\xc8\x00\x0b\
\xf8\x8d\xac\x0b\x10B\x14\x9b\x06\x96\xfc\x90\xef\xac\xf6X\
\xf2\xc3\x5cw\x1aUM\x93}\x8d*O\xcf7\xa6\x14\
^i\x06\xa1\xcbk\x9dS<\xb7\xfa\x01\x17\xbc~\xea\
?C\x08\x91\x1eS\x19T-\x9b\x9a\xe9d]J!\
]_)q\x97\x1c%,,?Ix\xb5?\xe2\xf9\
\xce\x90s^@\x98\xe2\xf5\xbba\x99|mq\x8e\xfb\
[u\xe6,k\xea!\xe7Z\x10\xf2\xbd\xb5>g=\
?\xd50N\x08!\xae@!3\x95\xa2\x06X\x7f'\
\xeb\x02\x84\x10\xc5\xd6\x0bc\xbe\xb3\xd6\xe7\xbc\x17\xa4z\
\x0c!M\x8a\x8dm\x83\xfb\x9a\x15\x9e\x9ao\xd0\x9e\xc2\
\xb1\xc1Dk\xba\xc1\x84\x1f\xae\x1f\xe7\xc5\xb5ct\x82\
q\xea?C\x08\x91\xae\xb2i\xd1\xb6k(\xe9 \xfa\
LL\xa5\xb8\xa3^\xe1\xaeF\x15g\xdam6b*\
\xa2Ds\xb0?\xe6\xfb\xeb\x03NN\xfcTC\xac\x8a\
i\xf0\xd5\xc5&\x8f\xb7\x1bls\xac\xa9\x0f\xfd?\xed\
\xfa<\xdb\x19\xb2\xe4\x87\xb9\xbd\x1f\x11B\xcc\xa4Bf\
*\x85\x0b\xb0\xb4\xd6_\x03n\xca\xba\x0e!Dq\xb9\
I\xc2\x9f\xad\xf681\xf6r\xfd\xc6\xb3l\x1a\xdc\xd7\
\xaa\xf1\xcc|\x8b\xf9)\x85W\xeb\xc1\x88\x1f\xac\x1c\xe5\
\x95\xf5\x93\x8c\x22?\xf5\x9f!\x84H_\xd9\xb0i\xcb\
\x06\xc2\xcf\xa5i\x99\xdcY\xafpC\xb5<\xf5yG\
b:4\xf0\xfe\xc8\xe5/\xd7\xfb\xbc7r\x09R<\
\x86g)\xc5\x93\xed:O\xcf7\xd8Y\xb2\xa7\x1eb\
\x1d\x1d\xb9\xbc\xd4\x1d\xb2\x16F\xa9\x0d\xa8\x17B\x88O\
p\xd3\xa5l\xa5P\x0a\x17`\x01\xffi\xd6\x05\x08!\
\x8a+\xd2\x9a\xef\xad\xf5yg4I\xf5\x8dm\xda\xca\
\xa6\xc1\xfd\xad\x1aO\xb5\x1bS9\xe6\x92h\xcd\x92\xd7\
\xe7\xbb\x17\xdf\xe1@\xef4^\x1c\xa6\xfe3\x84\x10\xd3\
Q6%\xc0J\xc3\x9eJ\x89{\x9aU\xe6\xa6\xb4\x14\
Cl\x8eS\x13\x9f\xbf\x5c\xebsp8!H\xf1\xba\
\xae\x94\xe2\xc1V\x9d\xaf,\xb6\xb8\xb6\xecL=\xc4z\
s0\xe6@\x7fL?\x8cs\xbbPF\x081s\x0a\
\x97\xad\x14*\xc0\xd2Zo\x03~-\xeb:\x84\x10\xc5\
\x94hx\xbd?f\x7fw\x94\xeb\x81\xa9\xb6ap_\
\xb3\xc6\x93\xed\xe9\x1d\x1b<5Y\xe7[K\x87y{\
p\x81H\xd6x\x0bQ(2\xc0=\x1d\x06pk\xad\
\xcc}\xad\xda\xd4\xc3\x091]\x17\xfd\x90g\xd7\xfa\xec\
\xef\x8dR\x0d\xb1\x00\xf6\xd6+|c\xdb\x1c7TK\
S\x1d\xec\xae5\xfc\xb03\xe4\xd0`\xc28\x92\xeb\xb2\
\x10bS\xfc\xda\xa5\x8c\xa50\x0a\x15`Q\xc0\x84P\
\x08\x91\x0f\x89\x86\xa3\x13\x8f?Y\xe9\xe6\xba\xf3\xcaP\
\x8a\xfb\x9aU\x9el7\xa6rl\x10\xe0\xc4x\x95o\
/\xbd\xc5\x89\xd1\x1a:\xc7\xbf\x0b!\xc4\xe5\x95M[\
\x02\xac\x944L\x93;\xea\x15n\xa9\x95\xb3.E|\
N\x9d0\xe2\xf9\xf5\x01\xcf\xad\x0fR=N\x08pc\
\xb5\xc47\xb7\xb5\xb9\xa3V\x9d\xea`\xf7Hk~\xd0\
\xe9\xf3\xee8\xdd#\x91B\x08\xf13\x14*c)Z\
\x80\xf5\xbbY\x17 \x84(\x9e\x04\xb8\x10\x04\xfc\xc1\x85\
u\xa2\x1c\xdf\x10*\xa5\xb8\xbfU\xe3\xc9\xf9\x06\x0b\xce\
t\xc2\xab#\x83\x0b|k\xe9m\xce\xba=9\xa2 \
D\x01\xd9\x86I\xdd*Q6\xed\xacK\x99\x19\xbbJ\
6\x0f\xb4jr\x94p\x06\x0c\xa3\x98\x1fu\x87|g\
\xb5\xc7$N\xb7\x8b\xe9\xaa\xb2\xcd7\xb6\xb7\xb8\xafY\
\xc5\x9ab\x88\xe5\xc6\x09\xdf[\xeb\xf3\xde\xd8%\x96\x0b\
\xb5\x10b\xfa\x0a\x95\xb1\x14&\xc0\xd2Z?\x09\x5c\x97\
u\x1dB\x88b\xd1\xc0z\x10\xf2\x7f\x9e_\xc3\x8d\xe3\
\xac\xcb\xf9X\xeaR\xe7\xd5\x13\xed\x06\xdb\x1d{*C\
\x85\x0f\xf5\xcf\xf2\xe7\x17\xdfa\xc9\xebK\xe7\x95\x10\x05\
U1m\xe6\x9dZ\xd6e\xcc\x14C)n\xac\x96x\
d\xae>\xd5\xee\x1a\xb19\xdc8\xe1\xcd\xc1\x98o\xaf\
\xf6\x18F\xe9]\xf7\x15\xb0\xcd\xb1\xf9\xcaB\x8b\x87\xe6\
\xea8\xc6\xf4\x1e\xa3za\xc4\x0b\x9d!\xc7'\x9e\xbc\
l\x12BL\xdbu\x97\xb2\x96B(L\x80\x05\xfcz\
\xd6\x05\x08!\x8aE\xb3\xf16\xf6\x8f\x97\xbb\xac\x07Q\
\xaeo\x02\xf75*|\xa1\xdd`\xe7\x14\xc2+\x8d\xe6\
\x95\xceI\xfe\xe2\xe2{\xac\xf8C\x09\xaf\x84(\xb0\xaa\
\xe90/\x03\xdcSW3Mn\xad\x95\xb9M\x8e\x12\
\x16\x9ef#\xc4z{8\xe1[\xab=\xba)\x87X\
\xf3\x8e\xc5\xd3\xf3\x0d\x1e\x9d\xabS6\xa7\xf3(\xa5\x81\
\xf3^\xc0\x8f\xbaCN\xbb\xb2!X\x081u\x85\xc9\
Z\x0a\x11`i\xad\xcb\xc0oe]\x87\x10\xa2X&\
q\xc2\xf7\xd6\x07\x9c\x9c\xf8\xb9\x0e\xaf\xf666:\xaf\
\xae.\xd9\xa9\x0f\x88\xd5h^^\xff\x90\xe7W?`\
=\x18\x91Hx%D\xa1ULG\xe6_M\x81\x02\
\xae*\xd9<\xd8\xaa\xd1\xb2\xd2\xdf\xfc*6\x97\x06\xbc\
8\xe1\xbd\x91\xcb\xb7W6^b\xa5E\x01s\xb6\xc5\
\x17\xdau\x9eh7\xa8\x9a\xd3\xf9\xfb\x12k\xcd\xb1\xb1\
\xc7\x81\xfe\x98\x95@6\x05\x0b!\xa6\xea\xb7.e.\
\xb9W\x88\x00\x8b\x02%\x82B\x88|\x98\xc4\x09\xaf\xf7\
\xc7\x1c\xec\x8f\x89r\x1c\xda\xdcX-\xf3\x85v\x9dk\
\xa6\xb0\xa2;\xd1\x9a\xe7W?\xe0\x85\xd5\xe3t\x82\xb1\
\x84WB\xcc\x80\xaa\x1c!\x9c\x1aK)\xae\xab\x94x\
\xac\xdd\x90\xa3\x843@\x03~\x9c\xf0\xfe\xc8\xe3[+\
\xddTC \x83\x8d\x10\xeb\x91\xb9:O\xcf7hL\
)\xf4\x0c\xb5\xe6\xf0p\xc2\x1b\xfd\x09\x83\x14;\xc9\x84\
\x10\xe22\x0a\x91\xb9\x14%\xc0\xfaO\xb2.@\x08Q\
\x1c~\xa296\xf1\xf8aw\x88\x97\xe4w\x15\xf5\xae\
\xb2\xc3\xd3\x0b\x0d\xf6TJ\xa9\x0f\x84\x8du\xc2\xf7W\
\xde\xe3\xe5\xb5\x13\xf4\xc2\x89\x84WB\xcc\x00S\x19\xd4\
\xac\x12u\xab\x94u)3\xabf\x99\xdc^\xafp{\
\xbd\x10/\xa2\xc5'\xd0\x80\x9f$\x1c\x9f\xf8\xfc\xe9J\
\x8f\x8b~\x90\xdag+\xa0i\x99<\xd0\xaa\xf1\xccB\
sjK\x00>\x9a\xe9ux8\xc1\xcf\xf1\x22\x1a!\
D\xe1\x15\x22s\xc9}\x80\xa5\xb5\xde\x0b<\x9du\x1d\
B\x88b\x88\xb4\xe6\xac\xe7\xf3\xec\xfa\x80~\x98\xde\x91\
\x81\xb4m/\xd9<\xb3\xd0\xe4\x86J\x09;\xe5\xf0*\
J\x12\xfe|\xf9\x1d^\xed\x9c\xa2\x17\xba\x12^\x091\
#*\xa6\xcd\x9c]\xc1T\xb9\xbf}+,\x03\xd8\xe6\
lt\xd6\xb4e+\xe1\xcc\xf0\x93\x84\x0f'\x1e\xdf^\
\xedq\xc1K7\xc4jX&\xf76\xaa<3\xdf\x9c\
\xda\xdf\x99~\x18\xf1z\x7f\xcc\x91\xd1\x84\xfc\xbe\x96\x13\
B\x14\xdc\xd3\x97\xb2\x97\x5c+\xc2\x1dP!\x92@!\
D\xf6\x12\x0d\x17\xfd\x90\x1f\xac\x0fR}\xcb\x9a\xb6y\
\xdb\xe2K\x0bMn\xae\x95)\xa5\xbc\xc5(\xd21\xdf\
_y\x8f\x03\x9d\xd3\x0cB\x17\x9d\xeb\xe9_B\x88O\
\xa3j:\xb4e\x80\xfb\xd4\xd9J\xb1\xab\xec\xf0\xa8l\
%\x9c)A\xa2\xf9p\xe2\xf3g\xab=.\xf8\xe9\x1d\
'T@\xdd2\xd9\xd7\xa8\xf2\xc5\x85&\x0bN\xfa!\
V\x02\xac\xf8!\x07\xfac\x8e\x8d\xbd\xd4?_\x08!\
.\xc9}\xf6R\x84\x00\xeb\xd7\xb2.@\x08Q\x0c\x9d\
(\xe2\x95\xde\x88\x93\xaeO^\xbb\xeck\x96\xc13\x0b\
Mn\xabU(\xa7\x1c^\x05I\xc4\xb3+Gy\xb5\
s\x8aQ\x94\xef\xc1\xf5B\x88O\xaff\x95h\xdb2\
\xffj3TM\x93;\xea\x15n\x95\xad\x843%\xbc\
\x14b}{\xa5\xc7\xf9\x94;\xb1j\x96\xc1]\x97B\
\xac\xc5)\x84X\x91\xd6\x9cq\x03\x0e\xf4G\xa9\xd6.\
\x84\x10?&\xf7\xd9K\xae\x03,\xad\xf57\x81\xddY\
\xd7!\x84\xc8\xbfA\x14sx0\xe1\xc8\xc8%\xcci\
zU6\x0c\x9ei7\xd9[\xafP5\x0d\xd2|\xaf\
\xef\xc5!/\xac\x1e\xe3\xd5\xceI\x86\x91'\xe1\x95\x10\
3\xa8f:\xb4\x9dJ\xd6el\x09\x06\xb0\xe0X<\
:W\xa7a\xcbV\xc2Y\x12i\xfd\xef\x8f\x13\x9e\xf3\
\x82\xd4\xae\x97\x0a\xa8\x9b\x06{\xebU\x9e\x99R\x88\xe5\
'\x09\x1f\x8c}\xde\x18\x8c\xe9\xcbPw!D\xfav\
_\xca`r+\xd7\x01\x16\x05H\x00\x85\x10\xd9\xf3\x92\
\x84c\x93\x8dU\xd3\xa3\x9c\xde\xd0\x99J\xf1X\xbb\xc1\
\xbd\xad\x1au\xcbL5\xbc\x9a\xc4\x01?Z\xff\x90W\
:'\x19\x84r\xb4@\x88Yd(E\xcd*\xd1\xb4\
$\xc0\xda,\xb6R\xec\xae\x94x\xb0YG\xc9Q\xc2\
\x99\x12\xeb\x8dN\xac?_\xeb\xb3\xe4\x87\xa9vm\xd7\
L\x83\xbb\xea\x1b\x9dX\xdb\x1d;\xbd\x0f\xbed\x1c\xc7\
\xbc3r98\x18\x13\xe4\xf4\x85\x9d\x10\xa2\xd0r\x9d\
\xc1\xe46\xc0\xd2Z\xb7\x81_\xc9\xba\x0e!D\xbe}\
\xd4R\xffjo\xccZ\x8a+\xb2\xd3\xa4\x14\xdc\xdf\xaa\
\xf1\xd0\x5c\x8d\xc6\x14\xc2\xab\xd7:\xa7\xd8\xdf9I?\
tS\xfcd!D\x9e\x94\x0d\x9b\xa6]\xc66\xa4\x1b\
h3U\x0d\x83{\x9aUv\x95\xd3\x0f\x22D\xb6\x12\
\xad\xf9`\xec\xf1\x17k}.\xf8A\xaa\x0bO\xaa\x97\
B\xacg\x16\x1aS\x09\xb1\xbaa\xc4\xa1\xc1\x84wF\
\xaet\x5c\x0b!\xd2\xf6+\x97\xb2\x98\x5c\xcam\x80E\
\xce\x93?!D\xf64\x1bC\xdb_\xeb\x8f9\xe3\xe6\
w\xe6\xd3\xed\xb5\x0aO\xb4\x1b\xcc[V\xaa_\xba\xe3\
\xc8\xe7@\xe74\xfb\xd7O\xd0\x0b&)~\xb2\x10\x22\
ojV\x899[\xba\xaf6\x9b\xa16\xb6\x12~\xa1\
\xdd\xa0l\xe6\xf9\xb6Y|\x16\x89\xd6\xbc7\x9a\xf0\xec\
\xfa\x80\x0b~H\x9cb\x88U17fb=\xbd\xd0\
`1\xe5\x10+\xd1\xb0\x1c\x84\xbc1\x18s\xda\xf5S\
\xfdl!\x84 \xc7YL\x9e\xaf\xc4\xbf\x9au\x01B\
\x88|[\x0f\x22\x0e\x0e\xc6\x1c\x1d\xbbD)\xdet\xa6\
E\x01\xbb\xca\x0e\xcf,4\xd9\xe1\xd8\x18)\xb6^\x8d\
\x22\x9f7{gyy\xfd\x04\xeb\xc18\xbd\x0f\x16B\
\xe4R\xddr\x98\xb3e\x03a\x16l\xa5\xb8\xb5V\xe1\
\xae\xba\xfc\xfegQ\xa2\xe1\x9d\xd1\x84\xe7;\x03.\xa6\
\x1cb\x95\x0d\x83\xbb\x1bU\x9e\x99O\x7f&V\x98h\
N\xbb>\xaf\xf5Gt\xc2(\xd5\xcf\x16Bly\xb9\
\xcdbr\x19`i\xad\xef\x02\x1e\xcf\xba\x0e!D~\
\x8d\xe3\x84\xf7\xc6.o\x0d'\xb8q\x92u9\xff\x01\
\x05l+\xd9|q\xb1\xc9\x9eJ)\xf5\xf0\xeaP\xef\
,/\xaf\x7f\xc8Z0J\xef\x83\x85\x10\xb9U3\xa5\
\x03+K\x15\xc3\xe0\xb1v\x9dmS8\x0e&\xb2\x97\
hx{\xe8\xf2bw\xc8r\x90~\x88uo\xb3\xca\
S\xf3M\xdav\xba!\x96\x1b'\xbc?\xf280\x18\
\xe7\xf2^H\x08QX\x8f_\xcadr'\x97\x01\x16\
9N\xfc\x84\x10\xd9\x0b\xb5\xe6\x84\xebsh0\xa1\x1b\
\xe6oh\xbb\x02\xe6l\x8b'\xdb\x0d\xf6\xd6\xab\xe9\x1e\
\x1b\x8c\x03\x8e\x0c.\xf0\xf2\xfa\x09V}\x09\xaf\x84\xd8\
\x0a\x14\x8a\x86]\xa2%\x01Vf\x0c\x05W\x97l\x1e\
k\xd7\xb1\xd3|#!r#\xd6\x9a\xc3\x83\x09/w\
G\xac\x06\x11q\x8a\x8d\xdd\x8e\xa1x\xa0U\xe3\xc9\xf9\
\x06s)\xcf\xc2\x1cF1\x07\xfb\x1b\xf3\xb0d\xa6\xbb\
\x10\x22E\xb9\xccd\xf2\x1a`\xc9\xf0v!\xc4ei\
`\xc9\x0b9\xd8\x1fs\xd6\x0b\xb2.\xe7?\xa0\xd8\x18\
\xde\xfa`\xab\xc6\x03\xadZ\xaa7\xa9n\x1cptp\
\x91\xfd\xeb'X\xf1\x87)~\xb2\x10\x22\xcf\xca\xa6E\
\xd3\xaeP6\xa5\xfb'K\xa6R\xdc\xdf\xacqc5\
\xdd\xaeZ\x91\x1f\x91\xd6\xbc9\x18\xf3J\x7f\xccz\x98\
\xeevB[)\x1e\x99\xab\xf3x\xbbA\xcbN/\xc4\
\xd2@'\x8cx\xa57\xe2\x8c'\xf3\xb0\x84\x10\xa9\xc9\
e&\x93\xbb\x00Kk\xfds\xc0\xf5Y\xd7!\x84\xc8\
\xa7n\x18qh8\xe6\xd8\xc4KucPZ\x1c\xc3\
`o\xa3\xc2\xe3\xed\x06V\x8ak\xd7\xfd$\xe2\xf8h\
\x95\x97;'8\xef\xf6R\xfb\x5c!D\xfe5\xec2\
m\x99\x7f\x95\x0b\x15\xd3\xe0\xa9\xf9&M\xcbJ\xf5\x05\
\x85\xc8\x8f \xd1\x1c\xe8\x8dx\xbd?\xa6\x13F\xa4y\
0\xcfV\x8a/\xb4\x1b<2WO5\xc4\x8a\xb5f\
\xc9\x0f\xf9QwDW\xe6a\x09!\xd2q\xbd\xd6\xfa\
\xabY\x17\xf1\xd3r\x17`\x01\xbf\x9cu\x01B\x88|\
r\xe3\x84#C\x97wFn.g=\xd8\x86\xe2\xa6\
Z\x89\xa7\xe7\x9b\xd4R\xdcV\x15$\x11'\xc7k\xbc\
\xd29\xc9\xa9\xf1zj\x9f+\x84(\x86\xa6U\x96\x01\
\xee9\xa1\x80\x9b\xaae\xeemT\xe5(\xe1\x0c\xf3\x92\
\x84W{#\xde\x18\x8c\xe9\x85Q\xaa[\x8emC\xf1\
d\xbb\xc9\x83\xad:\xcd\x14C,?I\xf8`\xecr\
\xa0?&H\xf2w\x8f$\x84(\xa4\xdcua\xe5*\
\xc0\xd2Z;H\x80%\x84\xb8\x8cHk>\x9c\xf8\x1c\
\x1eNX\x0f\xf2\xf7v\xd1R\x8ak\xcb\x0eO\xcf7\
S\x1d\xf2\x1b&1g&]\xf6\xaf\x9f\xe0\x83\xe1r\
j\x9f+\x84(\x8e\x86U\xa6\xedH\x80\x95\x17\x0ax\
\xbc\xdd\xe0\xea\x92\x83\x99b\xa7\xad\xc8\x97I\x9c\xf0J\
o\xc8\xa1\xe1\x84A\x94\xee\xbcM\xc7P<\xd5np\
o\xb3F#\xc5\x99X\x938\xe1\xb5\xfe\x98cc/\
\xd5\xd0M\x08\xb1e\xfd\xf2\xa5\x8c&7r\x15`\xb1\
\x11^\xc9\x1d\x9a\x10\xe2'h`\xd9\x0fyc0\xe6\
\x5c\x0e\xe7^\x99J\xb1\xcd\xb1y|\xae\xc1\xf5\x95R\
j\x9f\x1b\xeb\x84\x0b^\x8fW:'xoxQn\
F\x85\xd8\x82\x0c\xa5h\xdae\x1aVz\xdf-\xe2\xf3\
\x9b\xb3M\xbe\xd0n\xd0\xb0\x0c9J8\xc3\x86Q\xc2\
\xfe\xee\x88\xb7\x87\x13F)\x87Xe\xd3\xe0K\xf3M\
\xeen\xd6\xa8\xa5\x14bi`\x10\xc5<\xdb\x19\xb2\x12\
\x84)|\xa2\x10b\x8b\xab\x92\xb3\x06\xa3<\x06XB\
\x08\xf1\x13FQ\xc2\xeb\xfd1\xc7'^\xaa\xab\xad\xd3\
\xa0\x80\x96er\x7f\xab\xc6\xbefz\xf9{\xa25\xcb\
\xde\x80W\xd6Or\xa4\x7f!\x97\xf3\xbe\x84\x10\xd3W\
5\x1dZV\x05\xc7\xb0\xb2.E\xfc\x94\xbb\x1a\x15n\
\xa9Up\x8c\xbc\xddN\x8b4u\xc3\x88\x1fu\x87S\
\x19_P1\x0d\xbe\xb4\xd0\xe0\xcez\x85\x8a\x99N\x18\
\x1ak\xcd\x92\x17\xf0|g\xc8$\x87\xe3\x16\x84\x10\x85\
\xf3KY\x17\xf0\xe3rs\xc5\xd5Z_\x0d\xfc\xb5\xac\
\xeb\x10B\xe4K\xa85o\x0d\xc7\xbc?\xce\xe7\xdc\xab\
\xaaipg\xa3\xc2cs\xf5\xd4\xde\xc2'Z\xb3\x16\
\x8c\xd8\xdf9\xc9\xe1\xfe9\x22\x9d\xbf\xffo!\xc4\xe6\
h\xda\x15ZN%\xeb2\xc4e\x98J\xf1\xd4|\x83\
m\x8e\x85!G\x09g\xdaj\x10\xb1\xbf7\xe2\xe8\xd8\
#Hs5!\xd00M\xbe\xbc\xd8\xe2\xb6z\x85R\
J\xf33C\xad9<\x98ph0\xc9\xdd\x8b?!\
D\xe1\xfc\xfc\xa5\xac&\x17r\x13`\x91\xb3dO\x08\
\x91=\x0d\x9cq\x03\x0e\x0d'\xac\xe5p\xee\x95c(\
n\xaa\x95yj\xbe\x81\x93\xe20\xdf~\xe8\xf2\xca\xfa\
\x09\x0e\xf6\xce\x12$\xe9\x1eY\x10B\x14K\xcb*3\
gK\x80\x95W;\x1c\x9b\x07Z5\x1a)u\xcf\x88\
\xfc:\xe7\x05\xec\xef\x8d\xf8\xd0\xf5\x88R\x0e\x85\xda\x96\
\xc9W\x16Z\xdcR+SJ\xa9\xa3/L\x12\xfer\
\xbd\xc7\x05?\x94\x11\x04B\x88\xcf+7Y\x8d\x04X\
B\x88\xdc\x1aF1\xaft\x87\x9cs\xf39\xf7jW\
\xb9\xc4\x17\xda\x0d\xe6\xac\xf4\x8e\xf6L\xe2\x80\xd7\xbb\xa7\
8\xd8;\x8b\x17\xcb\xfc\x0a!\xb6\xba\xa6S\xa1%\x1b\
\x08s\xed\xa1\xb9:\xbb+%,\xd9J8\xf3>\x9c\
x\xbc\xdc\x1dq\xc6\x0d\x88SN\x85\xb69\x16_]\
\x9c\xe3\xa6Z9\x95\x0d\x97\x1a\x18G\x09\xdfZ\xe91\
\x8e\x13\x09\xb1\x84\x10\x9fGn\xb2\x9a\x5c\x04XZ\xeb\
;\x81G\xb3\xaeC\x08\x91\x1f\x91\xd6\x97\xdet\xfa\x84\
9k\x7fW\xc0\xf6\x92\xcd\xc3s\xb5T\x87\xb6\x87:\
\xe6\xcd\xde\x19\xde\xec\x9da\x18\xf9\xa9}\xae\x10\xa2\x98\
\x0c\xa5hZ2\xc0=\xef\x1c\xa5x\xa2\xdd`\xd1\xb6\
\xa4\x0bk\x0bx\x7f\xe4\xb2\xbf7b%H\xbf\xb3i\
\xa7c\xf1\xc5\x85&\xd7W\xcb\xa9l\xb8\xd4\xc0\xc9K\
\xa1[\xdaG\x1f\x85\x10[\xca\xa3\x972\x9b\xcc\xe5\x22\
\xc0\x22G\x89\x9e\x10\x22{\x9a\x8d\x1b\xc4\xb7\xa7\xb0\xba\
:\x0dM\xcbd_\xa3\xca=\x8dZj\x9f\x99h\xcd\
\xdb\xfd\xf3\xbc\xda9\xc5\x9a?N\xeds\x85\x10\xc5\xd5\
\xb0\xca\xb4\xec\x0a\xa6\xca\xcb\xed\x9a\xf887TK\xec\
mT\xa9[f\xd6\xa5\x88)\xd3\xc0\x91\xe1\x84\xfd\xdd\
!\x83(\xfd\xf1\x06{\xca\x0eO\xb6\xeb\xec*;\xa9\
=\xa8\xfd\xa0\xd3\xe7\xb4\x9b\xbfE8B\x88B\xc9E\
f\x93\x97;\xa2\xff8\xeb\x02\x84\x10\xf9\xd1\x0b#^\
\xea\x8dX\xc9\xe1\xdc\xab\x92apg\xbd\xcacsu\
\xd2:-\xa2\x81\x13\xe3U^^?\xc1\x92\xdbO\xe7\
C\x85\x10\x857\xe7Th\xd9\xe5\xac\xcb\x10W\xe8\xf1\
v\x83\xabJvj\xd7\x06\x91_\xa1\xd6\x1c\x1cNx\
\xb9;\xc2O\xd2_\xb4r[\xad\xc2\x17\xe6\x1b\x5cU\
vR\xe9\xea\x8b\x12\xcd\x9f\xae\xf4\x18Fr\x94P\x08\
\xf1\x99\xe5\x22\xb3\xc9<\xc0\xd2Z?\x06\xdc\x9eu\x1d\
B\x88|H\x80\xef\xaf\x0f8\xe7\x06$9{S\xa8\
\x80[ke\x9e\x98oPMiS\x10\xc0E\xaf\xcf\
s\xabG9=\xe9\xa4\xf6\x99B\x88\xe2kY\x15\x9a\
\x96\x0cp/\x8a\xbaip_\xb3\xc6\x82\x9d\xde\x5cD\
\x91_n\x9cp`0a\x7fo\xcc4N\xe7\xedk\
Tyt\xae\xce\xa2\x93\xce\xdf\xa7%?\xe4\xb9\xce \
\x97\x1b\x9d\x85\x10\x85p\xfb\xa5\xec&S\x99\x07X\xc0\
\xdf\xca\xba\x00!D~\xbc\xd9\x1fsl\xec\xe1M\xe1\
\x8d\xe6\xe7u]\xb5\xc4C)\xdeL\x02\x0c#\x8fg\
W\xde\xe7\xc4x\x1d\x9d\xb3\xc0N\x08\x91\xad\xb6S\x95\
\x0d\x84\x05\xb3\xafY\xe5\xbajz\x9b\xe4D\xbe\x0d\xc2\
\x88\x03\xfd\x11o\x0c\xd2?\xfa\xaf\xf8\xff\xd9\xbb\xd30\
9\xce\xfa\xde\xfb\xdf\xea}\x9d]\xd2h\xdfF\xa3}\
$KB\x8b-!/X^\xb0\x89\x8dM\x02$\xf8\
\xe4$\x87\xe4\xe1\x0a\xe4\xcaC\x9e\x84C\xc2\xc5\x12\xc8\
\xc9\x8b\x93'!\x86\x00O\x08\xe6\x00\x06\xdb\xd8\x08\xdb\
\xf2\xbej\x97\xb5/#\x8dF\xd2h\xf6}\xe9\xe9\xbd\
\xab\xab\xbb\xea~^\xc8v\x0ch\x99\x99^\xaaf\xfa\
\xfe\xbc\xf45]u\x8f5\xddU\xfd\xaf\xff\xfd\xfb\xc3\
\x86r?7W\x06\xa9\xccSQ\xf4\x9dH\x9c\x8b\xc9\
\x94\xcc\xc3\x92$i\xa2L\xaf\xddX\xe1\xea\xfa\x7f\x9b\
\xbd\x00I\x92\xaca$\x93\xe5`8N\xb8\x00\x99\x12\
\xb9\xaar:X[\xe6g\x89\xcf\x9d\xb7\x90\xde\xb4\x91\
\xe5\xb5\x81\xf3\x5c\x8c\x0d\x921\xac\x97\xf5%I\x92y\
\x5cv\x07\x15N/>\x87\xcb\xec\xa5H\xe3\xe0T\x14\
6\x95\xfb\xa9u;\xcd^\x8aT\x04\x02\x18Lg8\
\x12\x8es)\x91\xff\xe1+\x0eEaC\x99\x9f\x8d\xe5\
~\xfcy\xe8\xfc\xd6\x0d\xc1\xabCQF2\xf9\x0f\xa0\
\x97$\xa9$\x98^\xbb1\xb5\x80%\x84\xd8a\xe6\xf9\
%I\xb2\x0e\x03xs8\xca`:S\x90V\xfc\x5c\
\xb8m6\x1a\xca|\xac\x09x\xf32\x15\x08\xae\x84\xb6\
\xef\x1e\xba@S\xb4\x8f\x94\xae\xe5\xe5\x98\x92$M\x1d\
UN\x1f\xe5N\x1f\x8a\x9ck7\xe9\xcc\xf5\xb8X\xea\
\xf7P&\x03\xddK\x82\x01t\xa9\x1a{G\xa3\xf4\xaa\
\xf9\xbf\x9e{\xec66V\x04\xf8PE\x00w\x1e\x02\
\xd6F\xb4\x0c\xfbG\xe3\x96\x1c\x92#I\x92\xf5\x99]\
\xc31\xbb\x03\xeb!\x93\xcf/I\x92E\x1c\x8f$\xb8\
\x98L\x15$\x0c5\x17\x0a\xb0<\xe0e]\x99\x1f\x7f\
\x1e\xbf\x8c\x1c\x1ci\xe5\xe4h7\xd1\x8c*\x9f\x82J\
\x92\xf4;\xaa\x5c~\x19\xe0>I\xd9\x15\x85\xf5\xe5~\
\xe6y]2\xd0\xbdDd\x85\xa05\x99\xe6\xed\xd1X\
\xde\xbb\xc8\x15\xaeL?\xdeX\xee\xe7\xa6r?\xf6\x1c\
\xff\xa6\x0c\xe0t,\xc9E\x8b\xc65H\x92dy\xa6\
\xd6p\xcc.`\xfd\x99\xc9\xe7\x97$\xc9\x02F2Y\
\x0e\x8c\xc6\x88Zp:\xce\x02\x9f\x9bue>f\xb8\
\x1cy\xeb\x838\x1f\xed\xe7\xc8h;\xa1L\x02a\xb9\
\xdfX\x92$+\xa8r\xfa)\x97\x01\xee\x93V\xa5\xc3\
\xc1\xca\x80\x8fi.\xb9\x95\xb0T\xa4\x0d\x83\x8b\x09\x95\
\xdd\xa1X\xde\x0bC\x0aP\xe3t\xb0\xa9<\xc0\xea`\
\xee\x9d\x99\xaan\xb0\x7f4\xc6\xa0\x96A\x96\xb0$I\
\x1a'Sk8\xa6\x15\xb0\x84\x10\x1f3\xeb\xdc\x92$\
Y\x87!\xaeL\x1d\x1c\xd42\x96\x9b:X\xe5t\xb0\
\xae\xcc\xcfb\x9f'o[\x07\x07\xd31\xf6\x0c_d\
P\x8dZ\xee\xf7\x95$\xc9\x1a\xec\x8aB\xa5\xdbG@\
v`MZ6\x05\x96\x07<,\x96\x81\xee%%\x99\
\xd59\x1bK\xb1/\x14C\xcf\xf35\xde\xa6(\xcct\
;\xf9Py\x80:\xbf;\xe7\xe3\xf5\xa73\x1c\x8d$\
\x08g\xac\x97;*I\x92\xb5\x99Y\xcb1\xf3\x8a*\
\xb7\x0fJ\x92\xc4\xa9X\x82\x0b\xf1\x14\x19\x8b\x05_\xb9\
l\x0ak\xca|,\xf7{\xf3\x929\x01\x90\xd23\xbc\
9\xd8LWr\x94\xac\x90\xcf<%I\xba\xbar\xa7\
\x97r\x87\x17\x87\x22\x0b\x1f\x93\x99\xdfngu\xd0\xcb\
l\x8f\xec\xc2*\x15\x02\x88f\xb3\x9c\x8c&\x0b2\x99\
\xd0\xa1(,\xf0\xba\xd9T\x1e\xc8\xf9\xefJ\x17\x82\xc6\
X\x8a\x96\xa4\xdcJ(I\xd2\xb8\x99V\xcb1\xe5\xce\
H\x08a\x03\x1e1\xe3\xdc\x92$YG$\xab\xb3w\
4F\x5c\xd7-\xb7\x91n\xa9\xdf\xc3\xea\xa07o!\
\xbc\x86\x10\xec\x19\xbe\xc8\x85\xd8\x00\x9a!\x9fvJ\x92\
tm\xd5.?e\xb2\xfbj\xd2S\x80y\x1e\x17\xf5\
\xfe\xfc]K$\xeb3\xc4\x95h\x84w\xc2qZ\x92\
j\xde\x8f\xef\xb6)\xd4\xfb=l\xae\x08R\xe5t\xe4\
t\xacxV\xe7p8AoZn%\x94$i\x5c\
\x1ey\xb7\xa6Stf=\xda\xfb\xb8I\xe7\x95$\xc9\
\x22\x0c\xe0\xedP\x94~\x0bN\x1d\x9c\xe5q\xb1\xb6\xcc\
O\xad+\x7f\x01\xbc'\xc2\x9d\x9c\x18\xed\x22\x91\xd5,\
W\xac\x93$\xc9Z\xaa\xdd\x01Y\xc0\x9a\x22\xdc6\x1b\
\xab\x02^\x16\xfa\xdc2\xd0\xbd\x84\xe8B\xd0\xa7f\xd8\
\x1b\x8a1\x5c\x80-z>\xbb\x8d\x95\x01/\x9b*\x02\
\xf8\xec\xb9}\x9d\xebQ5\xceD\x93\x8c\xca\xad\x84\x92\
$\x8d\x8f)5\x1dY\xc0\x92$\xa9\xe8\x0c\x01\x17\x12\
*\xa7\xa3It\x8bU\xaf|\x0e\xfb\xbb\xb9Wn\x5c\
y\xfa\xb6\xd1\x9e\x18a\xdfp\x0b\xe1LR\x86\xb6K\
\x92t]\x0aW:\xb0\x82vY\xc0\x9a*\xa6\xb9\x1c\
,\xf3{e\xa0{\x89\xc9\xbc;\x99p\xf7H\xb4 \
[\xf4\x82\x0e;k\x82>6\x94\x07p\xe4\x90\xd3\x99\
\x15\x82\xc6x\x92\xcb\xc94\xaa\xc5\xee\xc9$I\xb2\xb4\
\xd2(`\x09!\x5c\xc0'\x8b}^I\x92\xacA\x00\
1]gw(J<k\xad\xad\x836\x05V\x07\xbc\
\xac\x08x\xf0\xdbs\xdf\xee!\x80p&\xc9\x9bC\xe7\
\xe9\x97\xa1\xed\x92$\x8d\x81\xdf\xe9\xa6\xc2\xe9\xc5e\x93\
[\xce\xa6\x0a\xbb\xa2\xb0\xc4\xe7a\xa9_\x06\xba\x97\x9a\
\xb4ap.\x9e\xe2\xe0h<\xef\xdd\xe6\x0aP\xe9t\
\xb0\xbe\xcc\xf7\xeed\xc2\x89\x8bdtNE\x13\xf4\xa7\
e\x97\xb8$Ic\xf6\xc9wk;Ee\xc6U\xf4\
\xe3\x90\xb7i\xf4\x92$M2YCp,\x92\xa0=\
\x99\xb6\xdcM\xd2|\xaf\x9b\xb5e>\xaa\x9c\x8e\xbc|\
H\xa5\xf5\x0co\x0f]\xe0R|\x08]\x86\xb6K\x92\
4\x06\xd5.?A\x87\x07%O\x93O%k(w\
\xdaY\x16\xf02\xc7[\xf4{}\xc9D\x02Hdu\
\x8eD\xe24%Ry?\xbe]\x81\xe9n'\x9b*\
\x02,\xf2\xe5\xd6\xb5\xd9\x91\xd28\x1fW\x89d\xf5<\
\xadN\x92\xa4)N\xc1\x84.,3\x0aXr\xfa\xa0\
$\x95(]\x08:U\x8d\xc3\xe1x\xde\xc7K\xe7\xaa\
\xccagC\xb9\x9f9nWN\xad\xf8\xef\xc9\x18:\
\x87C\xed\x1c\x1f\xed\x22+\xa7\xfbH\x924F\xd3\x5c\
A\x82\x0e\xb9}p\xaaQ\x80\xb9n\x17\xcb\xfc\x1e\x82\
2\xd0\xbd\xa4\x18@(\xa3\xb3{$Jo:\x93\xf7\
\x87wNEa\x8e\xc7\xc5\x96\xca\x00\xd3]\x13\x0fu\
O\x1b\x06g\xe3I\xda\x93i2\x16\xbbG\x93$\xc9\
\xb2\x8a^\xdb)j\x01K\x08\xe1\x01\x1e(\xe69%\
I\xb2\x06\x01\xc4u\x83\x03\xe1\x18!\x8b\x05\x85\xda\x15\
\x855e>\xea}^\xbc9\x86\xa1\x02d\x85\xc1\xa5\
\xf8 \x07F.\xa3\xea\x99<\xacP\x92\xa4RQ\xe3\
\x0e\x10\x90\x05\xac)\xc9k\xb7\xb1\xd4\xef\xa1\xce\xe7\x91\
\x81\xee%\xc6x\xf7\x01\xde\xeeP\x94D\xd6\xc8{\x11\
\xcbcS\xa8\xf7y\xd8R\x11$\x90C\x04\xc2\x90\x96\
\xe1l<\xc9`Z\xde\xbbH\x924&\x0f\x08!\xdc\
\xc5<a\xb1;\xb0\x1e\x00r\x9b\xf7*I\xd2\xa4\xa4\
\x19\x82\xe6x\x8a\xe6x\xfe[\xe8s5\xdf\xeb\xe2\xa6\
2\x1fe\x8e\xdc?\x12\x0d!\x18J\xc7\xd8;|\x89\
\x90\x96\xc8\xc3\xea$I*\x15^\xbb\x93j\x97\x1f\xaf\
]\x86}OU\xd3]N\x96\x07<T;\xe5\xbfq\
\xa91\x84\xa01\x96\xe4p$N\xa6\x00a\xe9^\xbb\
\x8d5e>6\x94\xfbqN\xb0Bj\x08hI\xa4\
\xb9\x90PI\xe8\xb2{\x5c\x92\xa4\x1br\x00\x0f\x16\xf3\
\x84f\x14\xb0$I*1\x86\x10\x0ck\x19\x0e\x85\xe3\
h\x16\x9bp\x13t\xd8\xd9T\x11`\xba\xcb\x89=\xc7\
\xad\x83\x02H\xe8i\x8e\x84\xda\xb8\x9c\x18\xca\xcf\x02%\
I*\x19\xd5\xee\x00eN\x0f6\x99\x7f5e9\x14\
\x85\x05^7+\x02\x1e\x9c\xf2\xdf\xb9\xe4d\x0c\xc1\x81\
\xd1\x18\x97\x12*\xd9<o\xd3S\x80\x80\xc3\xce\xe6\xca\
\x00+\x02\xde\x09gy\xc6u\x9ds\xf1\x14\xed\xa9t\
\xde\x83\xe7%I\x9a\x92\x8aZ\xe3)Z\x01K\x08\xe1\
D\x16\xb0$\xa9$%\x0d\xc1\x99X\x8a\x9e\xb4f\xf6\
R~\xc3{[\x07\x97\xf8<x\xf20\x19*md\
h\x8a\xf6rl\xb4\x13\x19\x1f!I\xd2x\xd5\xba\xcb\
\x088\x8a\xda\x89/\x99\xa0\xd2\xe9`\xa9\xdf\xcbL\x8f\
\x0ct/E\xd1\xac\xce\xee\xd1(\x03Z&\xefy\xa0\
6\xa0\xd2a\xe7\xc3\x95A\xe6x'\xfeY\xd2\xa3j\
\x9c\x8f\xa7\x18\xb5X\xe4\x83$I\x96\xf4\xc0\xbb\xb5\x9e\
\xa2(f\x07\xd6\xdd\x80\xbc+\x93\xa4\x12\x93\x11\x82.\
U\xe3x4a\xb9\xa2\xce\x5c\x8f\x8bM\xe5\x81\x9c\xf2\
\x22\xde\x93\x15:]\xc9Q\xf6\x0f_&%s\xaf$\
I\x1a'\x05\x98\xe1\x0e\x12\xb0\x97v\xfe\x95!\xc4\x94\
\x9f\xda\xaa\x00\xb3<NV\x06\xbc\xb8\xf3\xf0\xf0D\x9a\
|\xda\x92i\x0e\x86\xe3\xc4\x0a\x90\x87eW\x14f{\
\x5c\xdcZ\x15\xa4\xc29\xb1\xe4\x96\xac\x10\xb4$U.\
&U\x19\xe8.I\xd2\x8d\xb8\xb9R\xeb)\x8ab\x17\
\xb0$I*!\x02\x18\xcdd9\x1a\x89\x13\xb6\xd8S\
\xbc\x80\xc3\xce\xb6\xaa \xd5NG\xcea\xba\x86\x10\x8c\
\xa4\x13\xbc3\xd2J\x9f\x1a\xcd\xcf\x02%I*)n\
\xbb\x83\x1aw\xa0\xe4\xf3\xaf\x04\x82\x8c\xa1\xa3\x19\xd6\xba\
f\xe4[\xc0n\xa7\xce\xe7a\xbeWva\x95\xaa\x13\
\x91\x04g\xe3I\xd4\x02dM9\x14\x85\x15\x01/\x9b\
+\xfc\x13.\x92\x8ehY\x9a\xe3*\xfd2\xd0]\x92\
\xa4\x1b\x9b\x92\x05\xac\xbb\x8ax.I\x92,@\xd5\x0d\
Z\x92i\xce[,\xb8\xdd\xa6(\xac\x0d^\xd9:\xe8\
\xca\xc3(\xa8\x84\x9e\xa61\xd2\xc3\xd9ho\x1eV'\
IR)\x9a\xee\x0e\x12\x94\xf9W\xd8\x15\x1b\x19a\x10\
\xc9X\xeb\xbaQ\x083\xdc\x0e\xd6\x04}\xf8\xf3\xd0\x05\
,M>\x19C\xb0w4F\xa7\xaa\x15\xa4\xcb\xc9\xa9\
(\xdcR\x11de\xd0\x8bc\x02\x9f+\x02hO\xa9\
\x9c\x8b\xa5H\xc9@wI\x92\xae\xafh\xb5\x9e\xa2\x14\
\xb0\x84\x10\xab\x81\xc5\xc58\x97$I\xd6\xa0\x0bA\xbf\
\x96\xe1h$Q\x90i;\xb9\xa8u;\xb9\xa52\x88\
\xd7\x9e\x8f\xdc\xab,\x97\xe3C\x1c\x0a\xb5\xe6=\xcbB\
\x92\xa4\xd2Q\xeb)\xc7o\x97I\x0b\x00\xba\xd0I\xea\
\x1a\x9a\xa1\x9b\xbd\x94\x82\xf2\xd8l\xcc\xf7\xbaY\xe2w\
O8p[\x9a\xdcBZ\x96\x83\xe1\x18\xc3Z\xb6 \
\x81\xe9\x1e\xbb\x8d{k*\x98\xe3uM\xa8\xdb<\xa1\
\x1b\x5cJ\xaa\xb4\xa6\xd2y\xdf\xea(I\xd2\x94\xb2\xf8\
\xdd\x9aO\xc1\x15\xab\x03kG\x91\xce#I\x92E\xc4\
u\x83\xf3\xf1\x14\xdd\xaa\xb5\x82\xdb\xdd6\x1b\xb7V\x95\
Q\xe9\xb4\xe7\xfc\x85A\x17\x06=\xa90\xfbG.\x13\
\xc9\xa8yY\x9f$I\xa5G\x01fz\xca\xf1;\xe4\
v2\x00\x97\xcd\x81\x00\xfa\xd5\x88\xd9K)\xb8j\xd7\
\x95.\xac\x80Cva\x95\xaa\xa6x\x8a\xd3\xb1\x041\
]\xcf{\x91H\x01*\x9cv\xee\xaa.\xa7\xc2\xe1\x98\
\xd0}O\xaf\xaaq.\x9e\x22\x9a\x9d\xda\x05e+\x13\
B\x10\x8f\xc7imm\xe5\xe4\xc9\x93\xa4\xd3i\xb3\x97\
$IWS\x94\x9aO\xb1\x0aX\xf7\x15\xe9<\x92$\
Y@V\x08\xbaU\x8d\x93\xd1$\xc2B]I\x0a\xb0\
\x22\xe0aU`b\xed\xf4\x1f$\x10\x84\xb4\x04'\xc2\
]\xb4'F\xf2\xb3@I\x92J\x92\xeb\xbd\xfc+[\
i\xe7_\xbd\xc7gw\xe1Pl\xf4\xa4\xc2S>\xd0\
\xdd\xf9n\xe0\xf6\xea\xa07\xe7<Fir\x12\x02\x0e\
\x8e\xc6iM\xa6\xd1\x0a\xd4\xb1\xbe\xc4\xefaKE\x00\
\x9f}\xfc\x0f\xef2B\xd0\x9aLs.\x9e\x92\x9d\xe6\
E\x96\xc9d\x18\x1a\x1a\xe2\xfc\xf9\xf3<\xfb\xec\xb3\xfc\
\xed\xdf\xfe-\x0f=\xf4\x10\xa7O\x9f&\x9b\x9d\xda9\
\x81\xd2\xa4T\x94\x9a\xcf\xc4FS\x8c\x83\x10\xc2\x07\xdc\
Z\xe8\xf3H\x92d\x1d#\x99,\x8d1k\x8d_V\
\x80r\x87\x9d\xbbj\xcaq\xe6\xe1[BJ\xcf\xd0\x1c\
\x1b\xe0\xc4hG\xee\x8b\x93$\xa9\xa4\xcdp\x07\x098\
\xdc(%\x9e\x7f\xf5A\x0e\xc5\x8e\x81`0\x1dc\xa6\
\xa7\xdc\xec\xe5\x14T\x85\xd3\xc1\xda\xa0\x8f\xe6\xb8J\xc8\
B\xd7M\xa9x\x92\xba\xc1\xbe\xd1\x18\x15N;\xf3=\
\xae\x82d\xe1m\xab\x0c\xd2\x9b\xcep.\x9eB3\xc6\
W\x18\x1e\xd124\xc5S,\xf2\xb9\xa9u\xc9B{\
!\x19\x86A:\x9d&\x1c\x0e\xd3\xd6\xd6\xc6\x0b/\xbc\
\xc0\xaf\x7f\xfdk\x9a\x9b\x9b\xdf\xff\x99\x7f\xfe\xe7\x7f\xe6\
\xdf\xfe\xed\xdf\xa8\xad\xad\x95\xd7\x0d\xc9Jn\x15B\xf8\
\x14EI\x16\xf2$\x05/`!\xb7\x0fJRI\xd1\
\x0cAg2\xcd\xd9XA?\xbb\xc6\xcdiS\xb8\xbd\
\xba\x9cj\x973\xe7\xad\x83\x86\x10t$C\x1c\x0e\xb5\
O\xf9\x8c\x16I\x92\x0ao\x96\xa7\x02\x9f]n\x1f\xfc\
\xa0r\xa7\x97\x80\xc3MS\xac\x8f\x19\x9e2lS8\
%\xca\x06Ls9\xd9P\xee\xe7\x8d\x91(\x86\xecr\
)I\x9d\xa94'#\x09\x82v;\xd5\xd6\xf5\x05\x00\
\x00\x00 \x00IDAT\xae\x89m\xf7\xbb\x1e\x87M\
\xe1\xa3\xd3+\x08e\xb3t\xa7\xb4quS\x09x\xb7\
\xb3>\xc1\x8e\xear\xec\xb2h\x92w\xd9l\x96T*\
\xc5\xf0\xf00\xc7\x8f\x1fg\xe7\xce\x9d\xbc\xf0\xc2\x0b\xc4\
b\xb1\xdf\xf9\xd9_\xfd\xeaW\xdcs\xcf=|\xe2\x13\
\x9f \x10\x08\x98\xb0ZI\xba\xa6\x1d\xc0\xb3\x85<A\
1\xb6\x10\xdeY\x84sH\x92d\x01\x02\xe8Kk\x9c\
\x8a\xa5P\xc7\xf9t\xaf\x90\xec\x8a\xc2|\x8f\x9bM\x15\
\xfe\x9co\x08\x050\x98\x8eq*\xdc]\x12\xf9,\x92\
$\x15\xde,\xaf,`\xfd6\xaf\xddI\xc0\xe1fP\
\x8d\x95\xc4D\xc2\xa0\xc3\xce\xaa\xa0\x97Z\xb7\xecn)\
eG#\x09Z\x92*\xe9\x02\xddCU\xbc\xdb\x89>\
\x91\x1c\xd0xV\xa7%\x91\xa6\xd3b\xd9\xa6\x93\x99\x10\
\x02M\xd3\x18\x1d\x1d\xa5\xb1\xb1\x91o\x7f\xfb\xdb<\xf8\
\xe0\x83|\xe2\x13\x9f\xe0\x89'\x9e\xb8j\xf1\x0a\xaet\
i\xfd\xc3?\xfc\x03mmm\xe8\xba|\x90*YJ\
\xc1k?\xc5\xe8\xc0z\xb8\x08\xe7\x90$\xc9\x02R\xba\
\xc1\xe5d\x9aKI\xeb\x04\x9a+\x80\xcfn\xe3\xfe\xe9\
\x95yyb\xa8\xea\x19\x9a\xe3\xfd\x9c\x89t\xe5\xbe8\
I\x92J\x9e\xcbng\xba'\x88\xc7^\x8c[\xb2\xc9\
%\xe8\xf0P\xe6\xf4p&\xd2\xcd\xf6\x9a\xfa1\xbf.\
\x9b\xcdZ*\x7fq\xac\x82\xc0&\xbf\x87\x9d\xf1\xa4\x9c\
\xf86\x1e\x8a\x82b\xb3M\x89\xadT\x19!80\x1a\
\xa3\xca\xe5`\x89\xcfS\x90\xbe\xc3z\x9f\x87\xf5e\x01\
\x0e\x86c\xc4\xc6\x19\xcc\xde\x9f\xcep<\x92`\xae\xc7\
\x95s\x96h)\xd3u\x9dl6\xcb\xf0\xf00\x07\x0e\
\x1c\xe0\x89'\x9e\xe0\xf5\xd7_'\x91H\x8c\xf9\x18\xed\
\xed\xed|\xef{\xdf\xe3\xab_\xfd*3g\xce,\xe0\
j%i\x5c\x1e\x06\xfe\xa2\x90'(\xe8\xdd\x92\x10b\
90\xbd\x90\xe7\x90$\xc9::\xd54\xa7bIK\
m\x7fp\xd9\x146\x94\xfb\x99\xe5\xc9\xfd\xa9\xb6@p\
91\xc4\xd1P;\x19\x0bu\x98I\x924y\xcd\xf2\
T\xe0\xb7\xbbP\xa6\xf0\x16\xb9\x89*sx\xa8v\xf9\
9\x11\xee\xe4C\x95\xf3\xf1\xd9\xddcz\xdd\xcb/\xbf\
L__\x1f\xc6$\xfc\x9cN\xe8\x06\xbd\x91\x04\xc3Z\
\xc6\xec\xa5L\x1a\x81\xe93\x98\xbeb\x15\xc1\xda\xa9\xf1\
%\xbe/\x9d\xe1d$A\x85\xc3\xce\xf4\x02\xe5M\xdd\
V\x1dd\xe0\xdd\x5c\xab\xf1\xe4a\xa5\x0d\x83\xf6T\x9a\
\xe6\xb8\xca\xaa\xa0\xb7 k\x9b\xca\x84\x10\xa8\xaa\xca\xa9\
S\xa7\xf8\xc5/~\xc1\xf3\xcf?Ogg\xe7\x84\x8f\
\xf7\xa3\x1f\xfd\x88\x1d;vp\xd7]w\xe1\xf3\xf9\xf2\
\xb8RI\x9a\xb0\xe9B\x88\xe5\x8a\xa2\x9c/\xd4\x09\x0a\
\xfd\xb8\xef#\x05>\xbe$I\x16\x11\xce\xe8\x5cL\xa8\
\xf4Y\xa8\xb5\xdc\xa6@\xb5\xcb\xc9mUey9^\
\x9f\x1a\xe1T\xb8\x9bA\xf5\xea-\xdd\x92$I\xe35\
\xcfW)\xb7\x0f^\x83\xc7\xeed\x86\xbb\x1c\x81Bc\
\xa4\x97MU\x0b\xc7\xf4\xbaG\x1f}\x94\x03\x07\x0e\x90\
\xc9L\xbe\x22\x90\x80I\xd9=f\xa6\xd9\xeb?\xc4\xc6\
?\xfb\x8b)S\xc0\x028\x15K2\xd3\xed\xa4\xac\xc2\
\x8e\xc7\x96\xff\xc4\x17\x87\xa2\xb0\xa3\xa6\x9cP&K\x97\
\x9af<\x7fr\xc3Z\x96c\xd1\x04K\xfc\x1e\xdcr\
t\xe6\x98uww\xf3\xe2\x8b/\xf2\x8b_\xfc\x82\x13\
'N\x90J\xa5r.\xb2g2\x19\xbe\xf9\xcdo\xb2\
t\xe9RV\xacX\x91\xa7\x95JR\xce\xee\x04&m\
\x01K\xe6_IR\x89hW\xaf\x8cX\xb6\xd2m\xb7\
\xdfn\xe7\xb6\xaa >{\xee7\x7f\xaa\x9e\xa1)\xda\
\xcf\xf9X\x9fi\xbfc\xf7\xf1&\x8e?\xfe\x02\xb5+\
\xebX\xfe\xd1m\x94\xcd\x9cf\xd2J$I\xca\x97\xb9\
\xde*\xbcv\x99{t-A\x87\x9b\x1a\xa7\x9fS\xe1\
n\xd6U\xcc\xc3i\xb3\xdf\xf05\x86a\x90\xcdf\xe5\
\x98\xf9\x12a\xe8\x06\xe3\xaa\xc0L\x02\x19Cp8\x92\
\xa0\xda\xe9dE\xd0[\x90\xfe\xcci.\x07\xb7T\x04\
x}DgX\x1b\xfb{%+\x04\xbd\xaa\xc6\xf1H\
\x82\x9b+e\x80\xf8\xf5d2\x19N\x9c8\xc1\xd3O\
?\xcd\x0b/\xbc@gg'\x9a\xa6\xe55\xb7\xea\xcc\
\x993<\xfe\xf8\xe3|\xe1\x0b_\x90[\x09%\xab\xf8\
\x08\xf0h\xa1\x0e^\xe8\x02\xd6\xfd\x05>\xbe$I\x16\
0\xa8e\xb8\x10W\x19\x1d\xc7\x0dP\xa1\xb9l\x0a\x8b\
\xbcnV\x05\xf3\xd3R\xdd\x1c\x1f\xe0T\xb8\x8b\xb4n\
\xce\xef\x18\x1b\x18\xa1\xfd\xc0I\xda\xf6\x9d\xa0\xe3\x9d3\
4\xee|\x93y\x9bV\xb1\xf2\xf7ng\xf6\xda\xa5\xa6\
\xacI\x92\xa4\xdc\x04\x1dnj\xdc\x01\x9c6\x99\x7fu\
-\x01\x87\x9b\x85\xfe\x1a^\x1f<\xcf\xb9X/k\xcb\
\xe7\x9a\xbd$I*\x8a!-\xc3\xe9x\x92*\x97\x83\
\x99\x05\x08\xf7W\x80\x862\x1f=\xe9+\xc5\xa8\x84>\
\xf6n\xa0pV\xe7t,\xc9\xca\xa0\x87r\x87\xfc\xfc\
\xfam\xdd\xdd\xdd\xbc\xf2\xca+<\xf5\xd4S\x9c={\
\x96h4J:\x9d.H\xe0\xba\xae\xeb\xfc\xc7\x7f\xfc\
\x07\x9b6mb\xc7\x8e\x1dx\xbdrk\xa7d\xba\x82\
\xd6\x80\x0a\xf6\x89#\x84\xb8\xa3P\xc7\x96$\xc9:\x0c\
\xa05\x99\xe6B\x22\x85U\xd2F\x14\xa0\xc2\xe1\xe0\xd6\
\xea2\x9cy\x08\x19\xedN\x8dr&\xdc\xcd`\xda\xa4\
\xad\x83\x02\x86/u\xd2\xf2\xf6Q\xf4L\x16=\x93%\
\x9aJ\xd3\xfc\xf2~\xda\x0f\x9df\xfa\xd2\x05,\xbb{\
+u\xb7o\xc4\xe1\x96[\x91$i\xb2\x98\xe7\xab\xc2\
gw\xc9\xf4\xab\xebp\xdb\x9d\xcc\xf0\x94\xe1\xb0\xd98\
>\xda\xc9\xea\xb2\xd9\xd8\x95b\x0c\xd1\x96$s\x19\x02\
\x9a\xe2)f\xba]T:\x0b\xb3\x95\xd0\xa9(l\xab\
\x0c\x12\xcadi\x8e\xabd\xc7\xd8\xc9f\x08\xc1\xa0\x96\
\xe1X$\xc9\x1d\xd5\xf9\x89i\x98\xec4M\xe3\xd0\xa1\
C\xec\xdc\xb9\x937\xdf|\x93\xfe\xfe~b\xb1\x18\x99\
L\xa6\xe0\xdb\x82C\xa1\x10\xff\xfe\xef\xff\xce\xa2E\x8b\
X\xbdzuA\xcf%Ic!\x84\xb8CQ\x947\
\x0bq\xecB\x96\xcce\x01K\x92J@\x9f\xaaq)\
\xa1\x8e{\x92M!\xf9\x1dv\xd6\x96\xf9\x98\x95\x87'\
\x96I]\xa31\xd2\xc3\xa5\xf8\xa0i\xe1\xf4\xd1\xbe!\
:\x0f\x9fa\xb4\xb3\xef\xfd\xff&\x84 \x93J\x93Q\
5R\xa1(\x03M\xad\x9c|\xf2e\xean\xdd\xc8\xf2\
\x8fn#0\xad\x12\xe4\x84 I\xb2\xb4\xf9\xbej<\
6\xb9}\xf0z\x14\xaet\xaa\xcd\xf3V\xd2\x96\x18\xe1\
R|\x90e\xc1Z\xb3\x97%IE\xa1\xea\x06\xa7\xa3\
\x09\xa6\xb9\x1c\xac\x0a\x14\xa6\xb3\xa6\xc2\xe9`sE\x80\
HF\xa7k\x1c9\xa6\x09\xdd\xe0\x5c<EC\xd0\xc7\
4W\xe9vautt\xf0\xe2\x8b/\xb2s\xe7N\
Z[[\x19\x19\x19!\x91H\x14\xa4\xdb\xeaZ\x84\x10\
\xec\xdf\xbf\x9f]\xbbv1m\xda4jk\xe5g\xa4\
d\xba;\x00Y\xc0\x92$\xc9Z\xb2Bp9\x99\xe6\
r*m\x99\xec+\xbb\xa2P\xebv\xb2\xb1<\x80=\
\x0f\x05\x9c\x0b\xb1~\xceG\xfbQus\xc2\x80\x85\x10\
\x0c6\xb7\xd2\xba\xf78\xc6\xd5\x8a\x84B\x90Mk\xc4\
\x07C$C\x11\xc2]\xfd4\xbf\xb2\x8f\x05[\xd6\xb2\
\xf4\xae\x9b\xa9Y2\x1f\x9b\xe3\xc6\x991\x92$\x15\x97\
MQ\x98\xeb\xad\xc4c/\xdd/~c\xe5w\xb8\xa9\
\x0bL\xa71\xd2\xcb\xd1P;K\x033Pd\x81^\
*\x11\xfd\xe9\x0cgcIj\x9c\x0ej\x0b\xb4\x95p\
\x91\xd7CCY\x96\xb8n0\x9a\x19[T\x82!\x04\
\xc3Z\x86\xc3\x918\xf7M\xab\xc8\xfb\xba\xac.\x9b\xcd\
\xf2\xf9\xcf\x7f\x9eC\x87\x0e1<<\xcc\xf0\xf0pQ\
\xba\xad\xae%\x95J\xf1\xd8c\x8f\xb1f\xcd\x1a\xee\xbc\
\xf3N\x5c.\xd9\x91/\x99\xaa`\xb5\xa0\x82\xdc5\x09\
!\xa6\x03\x1b\x0bqlI\x92\xac\xa3K\xd5\xb8\x94T\
IX\xa8\xfb\xaa\xdcag]\x99\x9frg\xeeE\x9b\
~5\xc2\xb9h\x1f\x83\xe9\x98i\x05\xbah\xcf \x9d\
G\xcf\x11\xee\x19\xbc\xe1\xcf\x1aY\x9d\xe4H\x84d(\
J\xac\x7f\x84\xd6\xfd'\x98\xbet\x01\x8bo\xfd\x10\xf3\
77\xe0\x0e\xf8dW\x96$Y\xc4\x0cO\x90r\x97\
Wn\x87\x1b\x03\x97\xcd\xceLO9~\x87\x9b\xaeT\
\x98\x8ed\x88\x05\xfej\xb3\x97%IE\x91\x15\x82\xe6\
\x84\xcat\x97\x93\x8a\x02m%t\xd9\x14\xd6\x95\xf9\x18\
\xd24NEu4clw=\xaanp!\x9e\xe2\
\xa62\x1f\xb3K,\xc2@Q\x14\x06\x07\x079\x7f\xfe\
\xbce&\x9e\xb6\xb7\xb7\xf3\xf8\xe3\x8f3o\xde<\xb9\
\x95P2\xdbF!\xc4tEQn\xfc\x05f\x9c\x0a\
u\xd7t{\x81\x8e+I\x92E\xa4\x0d\xc1\xa5\x84J\
\x87\x85\xba\xaf\xdc6\x85\xf9^7+\x03\xb9O\xec\xc9\
\x08\x9ds\xd1>Z\x13\xc3d\x859\xe9^B\x08\xfa\
\x9b.\xd3q\xe84\xc6\x18\x9f\x88\xbe\xfbBR\xe1\xd8\
\x95\xdc\xac\xb7\x8ep\xe0\xbbO\xf0\xf2W\xbe\xcb\x89'\
^\x22\xdc=\x80Q\xc4\xb6vI\x92\xaen\xbe\xb7\x1a\
\x8f\x9c>8&\x0a\x0a\x01\x87\x9b\x05\xfej\xe2\xd94\
\xc7\xc2\x1df/I\x92\x8a*\x91\xd59\x17Oq9\
\x99.\xd89\xca\x1cv\xd6\x97\xf9\x99\xe7q\x8f\xf9\x1e\
\xca\x00F3:\x87\xc3q\xcb\xdc\x0b\x16\x8b\xcdf\xe3\
\xfe\xfb\xef\xc7a\xa1\x10{]\xd7y\xf5\xd5Wy\xe5\
\x95W\x18\x1c\xcc{\xdd@\x92\xc6\xab 5!Y\xc0\
\x92$iB:\xd54\x97\x93iR\xe3\x98ZSh\
U.\x07\xeb\xcb\xfc\xf8\xed\xb9\x7f\xb4]\x8e\x0f\xd1\x1c\
\x1b \x96-\xdc\xcd\xe2\x8dD\xba\x07\xe9>v\x8eH\
\xf7\xc0\x84\x8f\xa1%UB\xed\xbd\xb4\x1f8\xc9\xf1\x9f\
\xbd\xc0\x1b\xdf\xfa\xff8\xfc\xa3\x9d\xf4\x9f\xbbLV5\
\xefw\x93\xf2k\xa4\xb5\x9b\x81\xa6V\xd4H\xdc\xec\xa5\
Hc\xb4\xc0_\x8d[N\x1f\x1c3\x8f\xcd\xc9b\xdf\
42\x86NK|\xc8\xbc\xa1\x1a\x92d\x02\x01\xf4\xa5\
5\x9a\xe2)F\x0a4\xf1Y\x01\xe6z\xdc\xac\x0ez\
\xa9q\x8d\xbd\xb8\x9e6\x0c.%T:\xc7\x91\x9f5\
\x15(\x8a\xc2\xbd\xf7\xde\xcb\xacY\xb3\xb0\x15\xa0+n\
\xa2FGGy\xe2\x89'8v\xecXQs\xb8$\
\xe9*\x0a\xb2\x8dP\x16\xb0$I\x1a7\xd50\xb8\x98\
P\xe9Mk\x96y\xe2\xe6w\xd8\xa9\xf7yY\xe0\xcb\
\xbd\x85=\x9aU9\x1b\xed\xa5O\x8d\x98\x96e \x0c\
\x83\xbe\xc6\x0bt\x1enD\x1fO\xf7\xd55\xe8\x99,\
\xd1\xde!:\x0f\x9f\xe5\xcc\xd3\xaf\xb3\xe7\x9f\xff\x0f\xfb\
\x1e\xfd\x05-o\x1f%\x19\x8a\xe4a\xc5\x92YR\xe1\
\x18M\xbb\xf6\xb0\xe7\xff\xfd\x09G\x1e\xfb5\x03M\x97\
\xaf\x9e\x97&Y\x86\xd7\xeed\xa6\xa7\x1c\xa7M\xe6\xd3\
\x8d\x95\xcb\xe6`\xb6\xb7\x02\xaf\xddI,\xa3r2\xdc\
e\xf6\x92$\xa9\xa8\xb4w;\xdf\x9b\x12\xa91O\x0b\
\x1c/\x97Mae\xc0K\xbd\xdf3\xe6\xad\x8a\x02\x88\
du\xde\x09\xc7\x19\xe3\xce\xc3)c\xfa\xf4\xe9\xdcs\
\xcf=\xb8\xddn\xb3\x97\xf2\x1b\x9a\x9a\x9ax\xf6\xd9g\
\xb9x\xf1\xa2\xd9K\x91J\xdbm\x858h\xde\x1f\xfd\
\x09!\x96\x02\x8b\xf3}\x5cI\x92\xac\xa3#\x95\xa6=\
e\x9d\xee+\x9b\x02\xb5n'k\xcb|9gC\x08\
\x04\xe7\xa2\xbd\x5c\x8e\x0f\x99\x16\xdc\x0e\x10\xee\x1e\xa0\xeb\
\xe89\x22c\xc8\xbe\x1a\x0fa\x18\xc4\x07C\xc4\x07C\
\x0c\xb5t\xd2s\xf2<\xd3\x96\xccg\xd6\xda\xa5\xccY\
\xbf\x92\xf293\xb0\xe5\xa1\x83M*\x0e#\xabs\xf1\
\xf5C\xb4\xbcu\x84\xd1\x8e^FZ\xbb\x19i\xedf\
\xc9\x1d\x9bXp\xf3Z\x02\xd3\xab\xcc^\xa2t\x15\xb3\
\xbc\x15\xf8\x1dnl9ov.\x1d6E!\xe8t\
3\xd7W\xc9\xa5\xf8 \x8d\x91\x1en\xae^D\xd0\xe1\
1{i\x92T4\xe1\xacNs<\xc5l\xb7\x8bE\
\xbe\xc2\x14M\xca\x9d\x0e\xd6\x04}\x8chY.$R\
czP\x991\x04-\x09\x95\xf6\x94\xca\x22_\xe9\xbc\
'\x15E\xe1S\x9f\xfa\x14O=\xf5\x14\xa9T\xca\xec\
\xe5\xbc/\x9dN\xf3\xd2K/\xb1j\xd5*f\xce\x9c\
IEE\xe9\x85\xecK\x96\xb0X\x08\xb1LQ\x94\xe6\
|\x1e\xb4\x10\xdfRd\xf7\x95$Ma)\xdd\xe0B\
B\xa5?m\x8d\xc0J\x80r\x87\x83e~/3\xf3\
0\x9d\xa7;\x15\xe6\x5c\xa4\x97Q-\x99\x87\x95M\x8c\
\xa1\x1b\xf4\x9el\xa6\xfb\xf8\xf9\xbct_]K:\x9a\
`\xa0\xa9\x95\xe6W\x0ep\xec'\xcfs\xe0\xbbOp\
\xf2\x17/1\xd0t\x99l\x89m\x05\x98\xac\xba\x8f7\
\xd1\xfc\xca\x01\x22=\x03\x08!H\x86\x22t\x1c:\xcd\
\xb1\x9f<\xcf\xb1\x9f>O\xcf\xc9ft\xcd:\xefU\
\xe9\x8aE\xfe\x1a\xdc\xb2\xfbj\xdc\xdc6'u\x81i\
\x18B\x10\xd2\x92\x9c\x8b\xf6\x99\xbd$I**C\x08\
\xbaT\x8d\xb3\xf1$\xf1\x02=DT\x809\x1e\x17\xab\
\x82^\xa6\x8dq+\xa1\x00bY\x9dC\xe1\x04\x86I\
\x9d\xebf\xb9\xe9\xa6\x9bX\xbbv\xad\xe5\xba\xb0z{\
{\xd9\xb9s'G\x8f\x1e\xc50\xac\xf1\xc0Y*I\
y\xef\xc2*D\xf8BAZ\xc5$I\xb2\x86\x0eU\
\xa3=\xa5Y\xa6\xfb\xca\xae(Wn\xb4\x02^\x1c9\
N\xd8S\x8d,\xa7\xc3]t\xa7\xc2\xa6\x05\xb7\x03\x84\
;\xfb\xe8:v\x8ehoq\x028\xb3i\x8dP{\
/\xe1\xee\x01\xfa\x1a/\xd2y\xa4\x91\xe9\xcb\x162\xb3\
a\x09\xb5+\xeb\xf0U\x95\x17e\x1d\xd2\xf8D\xba\x07\
8\xf7\xfcn\x86\x9a\xdb~\xa3\xd0\xa9g\xb2\x8c\xb4v\
\x93\x0cE\x08\xb5\xf5\xb0h\xdbz\x16\xdc\xbc\x96\x8ay\
\xb5&\xaeVz\x8f\xa2\xc0\x02_5N\x99\x7f5n\
.\x9b\x9d\xf9\xbej\x1c6\x1bY\xa1sl\xb4\x9du\
\x15sq\xc9\xff\x97R\x09I\xea\x06\x17\x93*\xb3=\
.\xd6\x95\xf9\x0b\xd2\xc7\xe9\xb2),\xf5{\x18\xd22\
D\xc3:\xea\x18\x0a \xba\x10\xb4$U\xdaSZ\xc1\
\xba\xc3\xac\xc8\xeb\xf5\xf2\xc0\x03\x0fp\xfc\xf8q\xd2i\
\xebd\x8b\x0a!8~\xfc8\xbbv\xedb\xd1\xa2E\
,^,7HI\xa6\xb8\x0d\xf8~>\x0fX\x88\x0e\
\xac[\x0bpLI\x92, i\x18\x9cO\xa4\x18\xb2\
PGG\x95\xd3\xceR\xbf\x87\x1aW\xee_`Zb\
\x83\x5c\x8c\x0f\x9201\xb8]\xcfd\xe9:z\xf6J\
\xe7L\x01\xbb\xaf\xae\xc6\xc8\xeaD\xfb\x86i\xdd{\x9c\
\x93\xbfx\x89\xc3?\xdc\xc9\x91\xc7\x9e\xe5\xc2k\x07\x89\
t\x0f\x98\x96\x07VlFV'\xdc\xd5\xcf\xc5\xd7\xdf\
!5\x1a5{9W\x95I\xa9\x9c\x7fi\x1f\x9dG\
\x1aI\xc7\xaf\xde-\x98\x0a\xc7\xe88t\x86\xe3?\xdb\
\xc5\xf1\xc7w\xd1y\xb8\x91\x8c\x0c\xee7]\xa5\xd3\xc7\
4w\x00\xbb\x22\xb7\xea\x8e\x97]\xb1Q\xe5\xf21\xc3\
]\x86!\x04=\xa9\x08\xad\x89\xe1\x92\xeb\xf8\x90\xa4\x91\
t\x96\xb3\xb1\x14\x83\x05\xec\x86\xafp:X\x15\xf4\xb1\
\xd07\xb6\xa9\x84\x82+\xc5\xb5C\xe1\x18z\x89\xbd'\
\xef\xbd\xf7^f\xce\x9c\x89\xddn\xad\xce\xdax<\xce\
\xcb/\xbf\xcc\x1bo\xbcA\x22\x910{9Ri\xba\
5\xdf\x07\xcc\xeb#+!\xc4\x06`Z>\x8f)I\
\x92u\xb4'\xd3tXh\xf2\xa0\xd3\xa60\xdf\xebf\
\xa9\xdf\x93\xf3\x13\xc8\x90\x96\xe0d\xb8\x8b\xe1t\xc2\xd4\
`\xfa\xd1\xf6^:\x8f\x9c%\xda;d\xe2* \x1d\
O\xd2{\xfa\x02\x83\x17\xda\xe9<\xdc\xc8\xcc\xd5u\xcc\
X\xb1\x98\xe9\xcb\x17QS7\x0fG\x1e\xb6kZ\x8d\
0\x04\xa9p\x94\x9e\x93\xcd\xb4\xed;\xc1`s\x1b\xe1\
\xae~\xd6}\xfa\x1e\x1c\x1e\x0b=M\x16\xd0v\xe0\x14\
\x17_;Db8|\xdd\x1f5t\x9dp\xf7\x00\xe7\
_\xdcG\xa8\xbd\x97\xba\xdb62\x7fs\x03U\x0bf\
#\xe3\x97\xcc\xb1\xc8?\x0d\x8f\xdd)\xff\xf7O\x90\xcb\
\xe6\xa0\xce?\x8d\x9eT\x98\xaca\xf0N\xa8\x8d\xc5\xfe\
i\xd8\x14k}q\x94\xa4B\xca\x08Ag*Mc\
<I\x95\xab\x0cg\x8e\x1d\xe8W\xa3\x00\xb3\xddW\xb6\
\x12\x0ej\x991M?\xd4\x85\xe0BB\xa5K\xd5\x98\
\xef\x1d[\xe1k*\x98?\x7f>[\xb7n\xa5\xb3\xb3\
\x93X\xccZ\x13R[[[y\xf6\xd9gY\xbe|\
9\xdb\xb6mC)\xc0\xdf\x8a$]\xc74!\xc4\x06\
EQ\x8e\xe5\xeb\x80\xf9\xee\xb9\xbe5\xcf\xc7\x93$\xc9\
\x22\x92\xbaAS<\xc5p\x81\xc67O\xc44\xa7\x93\
\xa5~/\x95\xce\xdc>\xca\x0c!8\x13\xe9\xa1#9\
\x82f\x98\xf7\xfb\xe9Z\x86\xf6C\xa7\xe9?\xdb\x82a\
\x91\xd1\xc7Y5\xcd\xd0\xc5vF.w\xd2\xba\xf7\x04\
3\x1b\x960k\xed2\xa6/]\xc0\xf4\xe5\x0b\xf1\x94\
\x05\xcc^b^h\x89\x14\x83\xcdm\xb4\x1f<M\xc7\
\xa1\xd3\x0c\x9co\x05\xaet1\xf9k*X\xf1\xd1\x0f\
\xa3X$\xdc~\xe8R\x07\x8d;\xdfd\xb4\xab\x0f1\
\xc6\x5c\x8bt<I\xd7\xd1s\x8c\xb6\xf72|\xa9\x83\
\xba\xdb62\xeb\xa6e\xb8\x03\xbe\x02\xafV\xfam\xf5\
\xc1\x198e\xb1e\xc2\x5c6\x07u\x81i\xec\x1d\xbe\
\x84@\xd0\x12\x1f\xa4_\x8d0\xdb[\x89M~1\x93\
JHT\xd7iN\x5c\x09M_\xe4-\xccC\x16\x97\
M\xa1\xce\xeb\xa1?\x90\xe1p8\x8e6\x861\x83)\
\xdd\xe0`8\xce,\xb7\x0b\x97\xad4\xde\x93\x8a\xa2\xf0\
\xf0\xc3\x0f\xf3\xca+\xafX\xae\x80e\x18\x06\xef\xbc\xf3\
\x0e\xcf=\xf7\x1c\x8b\x17/f\xf6\xec\xd9f/I*\
=\xb7\x02\xb2\x80%IRq\xb5\xa7\xd2t\xa6\xb41\
\xe5 \x14\x83\xc7fc\x91\xcfM]\x1er\x16\xfa\xd5\
(g#\xbd\xc4\xb2j\x1eV6q\xc3\x97\xbb\xe8:\
z\x96\xd8\xc0\x88\xa9\xeb\xb8\x1aC7\x88\x0f\x85\xb8\xf4\
\xd6\x11:\x0e\x9da\xfa\xf2\x85\xcc\xdb\xb4\x9a\xda\x95u\
\xccj\xa8\xc7]\xe67{\x89\x13\x92MkD\xba\x07\
\xe8<z\x96\xd6=\xc7\xe9>q\x9e\xec\x07\xb6\xd9\xc5\
\x07G8\xf6\x93\xe7\x09L\xafb\xfe\xe6\x06\x13Wz\
E*\x1c\xe3\xcc\xaf\xde\xa0\xbf\xf1\xd2\xb8\x83\xf6\x85a\
\x10\x1b\x18\xa1\xe9\x85\xbd\x0c]\xea`\xd9][\x99\xbf\
\xa5\x81\xaaEs\xe4\x13\xd9\x22\xf1\xd9]\xcc\xf3V\xe2\
\x18\xe3\xb4\xd4L\xe6\xca\xf6 \xa7s\xeau<N\x94\
]\xb1Q\xeb)\xa7\xdc\xe5%\xac\xa5P\xf5,\xc7F\
;\x99\xe1)\xc3\xa5\xc8,,\xa9t\x08\x01\x83\xe9\x0c\
'\xa3If\xb8\x9c\xf8\x0b\xf4\x90\xa5\xca\xe9`e\xc0\
Ko:\xc3\xe5\xc4\x8d\xef\x93\x04\xd0\x14O\xd1S~\
\xa5\x0b\xabDjXl\xde\xbc\x99e\xcb\x96\xd1\xdf\xdf\
o\xa9,,\x80p8\xcck\xaf\xbdFCC\x03\x9f\
\xfc\xe4'-\x178/My\xb7\x02\xff\x9c\xaf\x83\xe5\
\xfbJ\xbf=\xcf\xc7\x93$\xc9\x02\xd2\x86\xa0)\x9e\x22\
T\xe4L\xa6\xeb\x99\xe1vR\xef\xf7\x10t\xe4\xd6\xc9\
\x901t\x8e\x87;\x18\xd2\xcc\xcdl\xc8\xaaiZ\xf7\
\x9e`\xf0|\xeb\x98\xbbjL!\x04Z2E\xf7\xf1\
&\xfa\xce\x5cdfC=\xf7|\xeb\x0b\x93\xae\x80e\
\xe8\x06\x89\xa1\x10\xbdg.\xd2\xb6\xf78\xed\x07O\x93\
\x18\xf9\xdd\xedx\x86n\x10j\xeb\xe1\xf0\x7f\xfe\x0a\x7f\
u\x05\xd5usM+\xf6\x18Y\x9d\x96\xb7\x0e\xd3\xf2\
\xf6\x11\xd4X|\xc2\xc7\xc9\xa65\xfa\x1b[\x08w\x0d\
0t\xa9\x83\xfa;73\xb3\xa1~\xcat\xd3Y\xd9\
<_%\x01\x87\x1be\x0c\x1bk\x22\x91\x08G\x8e\x1c\
A\xd34\xd6\xaf_Om\xad\x0c\xe1\x87+\xdb\x9a<\
v'\x8b\xfc5\x9c\xd0\xba\x00h\x8c\xf6ps\xcd\x22\
\xa6\xb9\x82\xd8\x14\x85\x0f}\xe8Cx\xbd^t\x93:\
Y5M\xa3\xb1\xb1\x91\xa1\xa1\xc2n\x05\xf7UUQ\
\xb5\xb0\x0e\x87\xd7[\xd0\xf3X]\xcd\x92\xa5x+\xab\
\xcc^\x86)\x92\xba\xc1\xe5\xa4\xca\xc5\x84\x9b\xb5e\xbe\
\x82l\xd9S\x94+[\x09\xd7\x04}\x0ckY\x22c\
\xb8\x17Tu\x83w\xc2qj\xddN\xbc\x16\xe9^.\
\xb4@ \xc0\xddw\xdf\xcd\xe9\xd3\xa7\xe9\xef\xef7{\
9\xbf\xa3\xb9\xb9\x99g\x9f}\x96\xd5\xabW\xb3n\xdd\
:\xb3\x97#\x95\x96[\xf3y\xb0\xbc\x15\xb0\x84\x10[\
\x01y\xf7[\xc2\x22\x91\x08\x83\x83\x83\xcc\x9d;\x17\x8f\
\xc7c\xf6r\xa4<\xeaT5:U\xebt_y\xed\
6\xea|n\x16\xe4\xa1e\xbe3\x15\xa29\xd6O2\
;\xben\x96|\x1b\xba\xd8A\xf7\xb1\xb3\xc4o\x90i\
d5\x9e\xb2\x00\xde\x8a\xa0\xd9\xcb\x18;!HE\xe2\
\x0c\xb7t\xd2~\xe0\x14-\xbb\x8f\x10j\xeb\xe1z\xc1\
g\x86\xae\xd3}\xe2<G\x1e\xfb5[\xbf\xf0i\x82\
\xb55(&<R\xee?w\x99SO\xbeBr8\
|\xdd\xf5\x8e\x85\x10\x82\xd4h\x94\xa6\x17\xf6\xd0\x7f\xb6\
\x85U\x0f\xdc\xce\xfc\xcd\x0dT/\x9e\x832\xc6\xee \
i\xfc\x96\x05k\xc7\x14\xde>::\xcak\xaf\xbd\xc6\
\xf7\xbe\xf7=\xe2\xf18\x7f\xfc\xc7\x7f\xcc\xc7?\xfeq\
\xb9\xf5\xe3]\x0e\x9b\x8d\xa5\xc1ZN\x8c^)`E\
3*M\xd1~n\xa9\xf6\xe1R\x1c\xfc\xf9\x9f\xff\xb9\
\xa9\x81\xc5\xa1P\x88\xbf\xff\xfb\xbf/x\x01kN\xfd\
2\x1a\xfe\xfb\x9f\xe1\xaf\x9dU\xd0\xf3X\x9d\xd3\xeb\xc5\
W]m\xf62L3\xaae9\x15M\xb0\xc0\xeb\xca\
9R\xe1Z\xbcv\x1bK|\x1e\xfa\xd2\x19\x8e\x86\xe3\
d\xc7\xf0\xc0\xef\x5c<\xc5\x96\xca\x00s=.\xec%\
\xd2\xe5{\xcf=\xf7\xf0\xf8\xe3\x8f344dZ\x01\
\xfdZ\xb2\xd9,\x07\x0f\x1e\xe4W\xbf\xfa\x15\xf3\xe7\xcf\
\xa7\xba\x84\xdf3R\xd1\xf9\x85\x10[\x15E\xd9\x9f\x8f\
\x83\xe5\xf3SNv_\x95\x18!\x04\x91H\x84\x81\x81\
\x01z{{9w\xee\x1c\x8d\x8d\x8d|\xf6\xb3\x9f\xa5\
\xa1\xa1\x01\x97\xcbe\xf6\x12\xa5<\xd0\x0cAc,\xc9\
\xa8E\xba\xaf\x14`\x8e\xc7\xc5\x12\xbf\x07_\x8eO\xf5\
T=\xc3\xe1\x91v\xc2Z\xca\xd4\xe0\xf6LJ\xa5\xe5\
\xed\xa3\x0c\xb7t^\xd9\x130\x09(6\x1b\x81\x19\xd5\
lx\xe4~\x9c\xbe\xc9Q\xb0\xce\xa4\xd2Dz\x06\xe8\
<r\x96\x8b\xaf\x1f\xa2\xffl\x0b\xfa\x18'j\x0a\xdd\
\xa0\xf9\xe5\xfd\x94\xcd\x9a\xc6\xba?\xfc(\xde\xca\xb2\xa2\
vb%\x86\xc3\x1c\xff\xd9\xf3\x84:\xfa\xf2\x9a\x8ff\
du\x86[:\xd9\xff\xdd'\xe8k\xbc\xc4\xca\x8fm\
g\xc6\x8a\xc5E\xff\xfdJ\x81\xc3fc\x91\x7f\xda\x0d\
\x0bX\xa1P\x88\x97_~\x99\xef|\xe7;\x1c=z\
\x14\xc30\x88\xc7\xe3$\x12\x09>\xf5\xa9O1o\xde\
\xbc\x92\xff\xb7q(6\x16\xf8\xaa\xf1\xda\x9d\xa4\xf4+\
\xef\xe1\x93\xe1.\x1a\xcagS\xe5\xb2\xb3p\xe1BS\
\xd7\xd7\xd7\xd7\x87\xdf_\xf8\xae\xd4\xf9\xb53\x98]\xb7\
\x04\xe7\xac9\xa6^\xc3$se\x84\xa0[\xd58\x1d\
K\xb2\xad2X\xb0bQ\xb5\xd3\xc1\xea\xa0\x8f\xaeT\
\x9a\xee1laW\x0d\x83c\xefno\xf4\xdaK\xe3\
3\xab\xbe\xbe\x9e\xf5\xeb\xd7\xd3\xd2\xd2B$\x121{\
9\xbfcpp\x90W^y\x85\xb5k\xd7\xf2\xe0\x83\
\x0f\xe2p\xc8m\xd7R\xd1l\x07,W\xc0\xfap\x1e\
\x8f%Y\x94\xae\xeb\x84\xc3a\x06\x06\x06\xe8\xef\xef\xe7\
\xfc\xf9\xf3\x1c9r\x84}\xfb\xf6\xd1\xd9\xd9\x89\xae\xeb\
\xb8\xddn\xbe\xf4\xa5/\xc9'\xc5SDoZ\xa3-\
\xa5Zf\xf2\xa0\xd7nc\xb1\xd7\xcd\x5cO\xee\x05\xd2\
\x8b\xf1A.'\x86H\x9b\x18\xdc\x0e0p\xae\x95\xee\
\xe3\xe7H\x86\xa2\xa6\xaec<\x9c^7\xf5wlf\
\xf6\xba\xe5f/\xe5\x86\x0c]'14J_\xe3%\
.\xbcz\x90\xce\xc3\x8d\xa8\xd1\xf1o\xc1\x13Bp\xec\
\xa7/\x10\x98^\xcd\xf2{\xb7^\x09@/B!A\
\xd724\xbd\xb0\x87\x8eCg~#\x9f+\x9f\xb2j\
\x9a\x8b\xaf\x1d\xa4\xe7d3k?y\x17\x0bo\xb9\x89\
\xaa\x85\xb3q\xb8\x5crZa\x1e(\xc0tw\x90\x1a\
\xb7\xff\xbaA\xe3\xa3\xa3\xa3\xec\xda\xb5\x8bG\x1f}\x94\
S\xa7Na\xbc\xdb\xf5z\xf1\xe2E\xbe\xff\xfd\xef\x13\
\x8b\xc5\xf8\xd3?\xfdS\x16.\x5cX\xd2E,\x05\x85\
\x80\xc3\xcd\x1co%\x97\xe2\x83\x00\xf4\xa9\x11\xda\x12\xc3\
\x04\x1d\xb3q\xd9\xcc\xfdR\xa6iZQ\xba/f\x04\
\x03\xcc\xf6y\x88\xd8l\x96\xe9\x90\x96\xcc\x11\xd3uN\
G\x93,\xf3{\xa9-\xd0\x94`\x9b\x02\xb3\xddN\xd6\
\x97\xfb\x19\xd1\xb2\xa4\xc6\xf07\xd7\x18M\xb2\xa9\xdc\xcf\
l\x9b\xb3$\x86,(\x8a\xc2}\xf7\xdd\xc7\xee\xdd\xbb\
-Y\xc0\x028{\xf6,O=\xf5\x14k\xd6\xac\xa1\
\xbe\xbe\xde\xec\xe5H\xa5c;\xf0\x8f\xf98\x90\xec\xc0\
\x92\xaeK\x08\x81\xa6i\x8c\x8e\x8e222\xc2\xc0\xc0\
\x00\xa7N\x9db\xef\xde\xbd\xec\xdf\xbf\x9f\x91\x91\xdf\x0d\
\x9b~\xfa\xe9\xa7\xf9\xd8\xc7>\xc6\xb4i\xd3d\x17\xd6\
$\x97\x15\x82S\xd1$\x91\x8c5\xda\xa0\x15`\xae\xc7\
\xc5\x22\x9f\x07w\x8e\xdb\x9c\xe2\xd94\x87FZId\
\xcd\x0d\xda\xd4\x92).\xbe~\x88P[\xaf\xa9\xeb\x18\
\x0f\x9b\xc3AM\xdd\x5cn\xfa\xf4\xbdf/\xe5\xba\x84\
\x10\xa8\x918\xa1\xb6\x1eZ\xde:\xcc\xc57\xde!\xda\
\x9b\xdb\x96\x1e]\xd38\xf4\x83_\xe2\xaf\xa9`\xc1\xcd\
kq\x16h\xf2\xd3\xfb\x84\xa0\xe7\xd4\x05N\xfc\xfcE\
\xb4D\xaa\xc0\xa7\x12\xc4\x07G\xd8\xff\xe8/\xe8|\xa7\
\x91u\x9f\xbe\x97\xda\xd5u\xf8\xaa\xca\xe5\xb6\xc2\x1c)\
\x8a\xc2\xf2\xe0\xcc\xebv_\x8d\x8c\x8c\xf0\xfc\xf3\xcf\xf3\
\xedo\x7f\x9b\xc6\xc6F\xc4oucvvv\xf2\xd8\
c\x8f\x91L&\xf9\x8b\xbf\xf8\x0b\x16-Z\x84\xad\x84\
\xff]\xec\x8a\x8de\xc1\xda\xf7\x0bXB\x08N\x84\xbb\
X\x1c\x98\x86\xd3\xe60\xb5\xee\x9a\xc9d\xde/>\x16\
\x92\xcf\xebe}E\x903.\x07=\xaa&\xbb\xb0J\
\x98!`$\x93\xe5h$\xce=\xd3*p\x14\xa8X\
\xe4\x7fw+a\x9b?Mc,y\xc3\xbf\xb9\xc4\xbb\
\x85\xb5\xea\xea2|%\xd2\x85\xf5\xe1\x0f\x7f\x98\xba\xba\
:\xda\xdb\xdb\xd14s\xe3)\xaeF\xd34\x0e\x1f>\
\xccSO=\xc5\x17\xbf\xf8\xc5\xa2t\x8bJ\x12\xf0a\
!\x84\xa2(J\xce\x97\xaa\xbc\x14\xb0\x84\x10\xdb\x019\
\xce`\x8a\x10B\x90N\xa7\x89D\x22\x8c\x8e\x8e\xd2\xde\
\xde\xce\xc1\x83\x07\xd9\xb7o\x1f\xc7\x8e\x1d#\x1e\xbf~\
\xe7B\x7f\x7f?\xcf=\xf7\x1c\xf5\xf5\xf5\xcc\x9b7\xaf\
H\xab\x96\x0aa \x9d\xa1%\x99&i\x91\xee+\x8f\
\xddF\x9d\xdf\xc3\x9c\x1c\xbb\xaf\x04\x82S\xe1.zR\
a\xb2\xc2\xdc\xdf\xad\xe7D3='\xcfO\xa8#\xc8\
\x0c\x8a\xa2\xe0\xaf.\xa7\xe1\xe1\x1d\x04k\xad\x9b\x9f\x90\
Q\xd3\xc4\x07F\xb8\xbc\xe78M\xcf\xeff\xa4\xb5;\
o[\xef\x92\xa1\x08\x07\xfe\xfd\x09\xbc\xe5\x01f6\xd4\
cw\x15hB\x9c\x80\xd8\xc0\x08\xfb\xbf\xf3s\x92#\
\xe1\xdf)h\x14R\xe7\x91F\x86.u\xb0\xf6\x0f\xee\
\xa2\xee\xf6MT\xce\x9b\x89\xd3\xe3*J\xc7\xd9Td\
Caip\xc65\xbb\xa6B\xa1\x10O>\xf9$\x8f\
>\xfa(\x17/^\xbc\xe6q\xfa\xfb\xfb\xf9\xd9\xcf~\
F2\x99\xe4\xaf\xff\xfa\xafY\xbcx1v{n\x83\
,&+\x1b\x0au\x81i8\x14\xdb\xfb\x9f\xe3\x97\xe3\
\x83\xf4\xabQ\x82\x0e7\x0e\xc5\xbc\xff/\xc5*`y\
<\x1e\x96\x04|D\x9dnB\x99\xace\xae\xd5\x929\
R\xba\xc1\xb9x\x8a\x86\xa0\x8f\xf9\x05|\xb8R\xe3r\
\xb0\xa1\xdcO\x87\x9a\x1e\xd3\x03\xceS\xb1$7\x95\xfb\
\xf0\xd8]\x94B\xc9\xbd\xbc\xbc\x9c\xdbn\xbb\x8d3g\
\xce\xd0\xdd\xddm\xf6r\xae\xaa\xbb\xbb\x9b]\xbbv\xb1\
i\xd3&>\xf2\x91\x8f\x94\xf4\xc3\x10\xa9h\xdc\x5c\xd9\
\xb1\xb7'\xd7\x03\xe5\xab\x03k[\x9e\x8e#\x99\xc40\
\x0c\xd2\xe94\xb1X\x8cP(DKK\x0b\x07\x0f\x1e\
d\xef\xde\xbd\x1c?~\x1cU\xbd\xf1\xd8\xdc\x0fz\xe6\
\x99g\xb8\xef\xbe\xfb\xa8\xad\xad\x95]X\x93\x94!\xe0\
D4A4k\x9d\xec\xab\x85^7\x8b\xbcn\x5c9\
\x06hG3*\xef\x84\xdaP\x8d\xb1\xe5\x1f\x15\x8a\x16\
Or\xfe\xe5}\x8cvYoZ\xcd\xb58<.f\
\xadY\xca\xd2\xbbn1{)We\xe8:j$N\
\xef\xa9\x0b\x9c~\xfa5zN5\x93I\x8e\xef\xf3k\
,F.ws\xe8?\x9ea\xfb_\xff7j\xea\xe6\
b+@\x11AK\xa68\xf2\xe3g\x19hj\xc50\
\xe1\x8bij4\xca\xa1\x1f<M\xc7;\x8d\xac\xff\xcc\
}\xccj\xa8\xc7WU\x8e-\xc7\xc9\x9f\xa5F\x01\x82\
N\x0fs}\x95\xd8\xae\xd2\x174::\xcaO\x7f\xfa\
S\x1e}\xf4Q\xda\xda\xdanx\xbc\x91\x91\x11\x9e|\
\xf2Ib\xb1\x18_\xf9\xcaW\xa8\xaf\xaf/\xc9\x1c\x13\
\x9b\xa20\xc3\x13\xa4\xda\xedgP\x8d#\x10\xe8Bp\
*\xdc\xcd,O9\xe5N\xf3&\xf3\x15k\x0b\xa1\xd7\
\xeb\xc5a\xb7\xb1\xa6\xccG\x97\xaa\xd1\x99J\xcb.\xac\
\x12&\x80hV\xe7@8\xc6,\xb7\x0bg\x81\x86\x8d\
8\x14\x85\xd9\x1e\x17\xeb\xca\xfc\xec\x0d\xddx\x82s8\
\x93\xe5\x5c,E\x85\xc3\x81\xbfD&\x12\xee\xd8\xb1\x83\
\x9d;w\xd2\xdb\xdb[\x94b\xf6D\x9c={\x96\x1f\
\xfd\xe8G444\xc8)\xb7R\xb1X\xaa\x80%\xf3\
\xaf&!\xc30PU\x95D\x22\xc1\xe8\xe8(MM\
M\xbc\xf5\xd6[\xbc\xf5\xd6[477\xe7t\xf3\xd5\
\xdf\xdf\xcf\xae]\xbb\xa8\xaf\xaf7=LU\x9a\x98p\
6\xcb\x85\x84u\xb2\xaf<v\x1bK\xfc\x1ef\xb9s\
+\x88\x1aBp`\xe42!-\x81ab`\xba\x10\
\x82\xd6\xbd'\xe8ol)H\x81\xa5\x10\x14\x9b\x8d\xf2\
9\xb5\xac\x7f\xe4~\x1c\x05\xca\xd8\x980!H'R\
\x84;\xfb9\xf7\xdc\xdb\x5cx\xed \xc9Pa\xf3'\
:\x0f7r\xf2\x89\x97\xd8\xf8'\x0fR1gF^\
\xb7\xd9\xe9Z\x86\xb6\xfd'9\xf3\xf4\xeby\x0dm\x9f\
\x88\xdeS\xcd\x0c_lg\xc5}\xdbY\xf5\xe0\x1dT\
-\x9a\x8d\xc3\xed*\xe9\x0c\xa6\xf1\xb0)6\x96\x04\xa6\
\xe3\xb8\xca\xf6\xc1p8\xcc\x0f\x7f\xf8C\xbe\xf3\x9d\xef\
\x8c\xebI}4\x1a\xe5\xb9\xe7\x9e#\x1e\x8f\xf3\xado\
}\x8b\xe5\xcb\x97\xe3tZ\xec=Y\x046\xael#\
\x1cJ\xb7\xbc?\xff\xa2)\xd6\xcb\xe6\xaa\x05\x04\x1c\xee\
1M|,\x84bu`y\xbd^\xecv;\x0b\xbc\
n\xe6{\xdd\x0ci\x19\xd9\x85U\xe24Cp)\x91\
\xa6%\xa9\xb2<P\xb8\x22n\x99\xc3\xce\xda\xa0\x9f\x8b\
\xc94=\xa9\x1bG1\x1c\x8f&X\x15\xf4\xe2\xb3\xbb\
J\x22Vq\xf5\xea\xd5\xac^\xbd\x9as\xe7\xce\x11\x8d\
Z3\xdf4\x95Jq\xf8\xf0a~\xfe\xf3\x9f\xf3\x97\
\x7f\xf9\x97%y\x0d\x91\x8a./MO\xf9*`\xdd\
\x99\xa7\xe3H\x05\xa6\xeb:\xe9t\x1aUU\x19\x1c\x1c\
\xe4\xe8\xd1\xa3\xbc\xf1\xc6\x1b\xec\xdb\xb7\x8f\x8e\x8e\x8e\xbc\
\xdep=\xfd\xf4\xd3\xdc}\xf7\xdd\xcc\x993G~(\
N2\x82+\xddW\xb1\xacn\x89\xa7\xb9\x0aP\xe7\xf3\
\xb0\xc0\xeb\xce\xf9\x89\xe2\xb0\x16\xe7p\xa8\x0d\xcd0\xb7\
(\x90\x8e\xc6izq\x0f\xd1\xdeAS\xd71\x1e\xde\
\xca2\x96|d\x133W/1{)\xbfA\xd72\
$G\xa34\xed\xda\xcd\xe9\xa7_'>0R\xb4\xed\
v\xe7\x9e}\x9b\xe0\xf4j\x1a\x1e\xbe\x13\xff\xb4\xca\xbc\
\x14u\x84\x10$CQ\xf6~\xfbg\xa6\x17\xaf\xde\xa3\
%UN\xfd\xf2UzN_`\xd3\x9f>\xc8\xc2\xad\
7\xe1\xf2\xfb\xcc^\xd6\xa4`W\x14\x96\x95\xd5\xf2\xdb\
i\xf8\xd1h\x94\x7f\xfd\xd7\x7f\xe5\x07?\xf8\x01\x83\x83\
\xe3\xff\x1cH&\x93\xbc\xfa\xea\xab\x84\xc3a\xfe\xe5_\
\xfe\x85\xb5k\xd7\x96\x5c'\x96\xa2\xc0\xb2\xe0\x0c\x0e\x0c\
_\xc6x\xf7j\x95\xcafh\x8a\xf6Q\xe3\x0e\x10t\
\x983!\xb5\x98\x05,\x9b\xedJ_\xdf\xaa\x80\x87\xce\
T\x9a\x0e\xd9\x85U\xf2\x92\xba\xc1\xeeP\x94\xc5~\x0f\
\xae\x02=hP\x80j\x97\x9d\xad\x15\x01v\xa63d\
n\xf0\xf7>\xa2eiI\xa4\xa9p8r\x9e =\
\x19(\x8a\xc2\x8e\x1d;8x\xf0 g\xcf\x9e5{\
9\xd7\xd4\xd9\xd9\xc9\x93O>\xc9\xf6\xed\xdb\xd9\xb0a\
\x83\xd9\xcb\x91\xa6\xbe\xbc\xd4\x8cr\xfe\x04\x11B\xc8\xed\
\x83\x16\xf7\xc1\xed\x81\xe7\xcf\x9f\xe7\xc7?\xfe1\x8f<\
\xf2\x08[\xb7n\xe5\x91G\x1e\xe1\xa7?\xfd)mm\
my\xbf\xd9\x1a\x1c\x1c\xe4\xa5\x97^\xa2\xb3\xb33\xaf\
\xc7\x95\x0aO\xd5\x0d\xce\xc4R\x96\xe9\xber\xdbl,\
\xf5{\x98\x99c\xd7\x8f!\x04o\x0d5\xa3\xea\xe6n\
\x8b\x14B\xd0\xfc\xf2\x01\x86[\xba\xd03\xd6\xd8\xa2y\
#v\xa7\x83iK\xe6\xb1\xf6\x0f\xee6{)\xef\x13\
\x86A&\xa5\xd2\xf2\xf6Q~\xfd\xf9\xff\xc5\xc1\xef\xff\
\x92X\xffpQ\xb3\xa2\x84\x10\x1c\xfd\xc9\xf3\x5c\xdes\
\x8ct,\x91\xaf\x83\x92I\xa9x\x82~\xcbm\xd7\x1b\
\xbe\xd8\xc1\xc5\xd7\x0e\x11\xc91\x0c\xbf\x94\xb8lv\x96\
\xf8\xa7\xffF\xf9*\x1e\x8f\xf3\x8do|\x83\xef|\xe7\
;\x13*^\xbdG\xd34\x0e\x1d:\xc4\xe7>\xf79\
\x8e\x1d;F\xd6\x22[\xbe\x8bEAa\x9e\xb7\x1a\x97\
\xed7\xdf'g\x22=D3\xaai\x85\x9cL&S\
\x94-\x84\x1e\x8f\xe7\xfd\x0c\xb4\x05\xefN\xe7\xcdu\xc0\
\x894\xf9\xe9B\xd0\xabf8\x1dM\x16\xf4<\x1e\x9b\
\x8d:\x9f\x9b\xe5\x81\xb1\x15\x8a\xaf\xc4RX\xe3\xa1L\
1\xdc~\xfb\xed,\x5c\xb8\xff~\x9a\x92\x00\x00 \x00\
IDAT\xd0\xd29\x85B\x08\x9a\x9b\x9b\xf9\xf6\xb7\
\xbfM*U\xd8A1\x92\x04\xf9\xa9\x1d\xe5\xe3*\xb7\
5\x0f\xc7\x90\xf2\xcc0\x0c\xb2\xd9,\x9a\xa6q\xe1\xc2\
\x05\xbe\xff\xfd\xefs\xff\xfd\xf7\xb3e\xcb\x16>\xff\xf9\
\xcf\xf3\xe2\x8b/^u\x82`\xbe=\xf3\xcc3\x9c=\
{\xb6(7rR\xfe\x9c\x8a%\x89d\xb2X\xa3|\
\x05K\xde\x0dn\xcfe\xaa\x8e@0\x98\x8er:\xdc\
\x8dnrp{r8L\xd3\x0b{\x88\x0f\x86L]\
\xc7x\x94\xcf\x9eN\xc3Cw\xe2\xab,3{)\x00\
\x18Y\x9dP[\x0f/}\xf9\xdfx\xf9+\xdfa\xe8\
b\x07\x86I7\xc6Y5\xcd\xc1\xef=E\xd7\x91\xb3\
d\xd3\xb9O\x1cRl6\xaa\x16\xcc\xe2\xa1\x1f|\x95\
\xb9\xebW`wZ\xa7\xab&0\xbd\x8aU\x0f\xdeN\
\xf5\xc29f/eRp(6\x16\xf8j\xf0\xda\xff\
\xab\xf8\x9eJ\xa5\xf8\xf2\x97\xbf\xcc\x7f\xfe\xe7\x7f2:\
:\x9a\xf39\xb2\xd9,'N\x9c\xe03\x9f\xf9\x0c{\
\xf6\xec\xb1l\xdeJ\xa1\xb8\xed\x0e\xe6\xf9\xab\x7fc\xbb\
\xe0\x88\x96\xa0#\x19B\xd5\xcd\xc99,f\x06\xd6{\
\xe1\xcb6EaE\xd0K\xad\xd5\xb6wK\xa6H\x0b\
\x83\xbd\xa1\x18Z\x81\x1f\xe8\x949\xec|\xb82\x88w\
\x0c]U\xdd\xaaF\x97\xaa\x91.\x91\xcf\xa8\xca\xcaJ\
n\xb9\xe5\x16f\xcd\x9ae\xf6R\xae+\x1e\x8f\xb3\x7f\
\xff~~\xfe\xf3\x9f\x17\xf5\x01\xa0T\xb2r\xae\x1d\xe5\
\xa3\x80%;\xb0,F\xd7u\x8e\x1d;\xc6?\xfd\xd3\
?q\xf3\xcd7\xb3n\xdd:\xbe\xf8\xc5/\xb2g\xcf\
\x9e\x1bN\x10\xcc\xb7\xa1\xa1!^~\xf9eZ[[\
\x8bz^i\xe2\x0c\xe0X$A\xca\xb0\xc6E\xcc\xa1\
(,\xf5{\x98\x91\xe3\xa47]\x08^\x1f<O\xd6\
\x02\xbf\xd7\xe9\xa7_#\xdc=\x80\x98$7q.\xbf\
\x97Y7-\xa3\xee\x8e\x8df/\xe5J\xd6U,\xc9\
;?|\x86\x9f\xff\xe1\x97i\xd9}\x0c]37\x8c\
\x1f\xde\x9bL\xf8$\xbd\xa7.\xe4\xe7\xdfUQ\xf0U\
\x95\xf1\xe0w\xfe\x8ee\xf7l+\xdc\xa4\xc3\xf1,\xc9\
\xa6\xb0\xfe\x91\xfb\x99\xb9z\x89\xe5:\xc3\xac\xcaa\xb3\
\xb3\xb2\xfc\xbf\xbe\xbch\x9a\xc6\xe7>\xf79\x1e{\xec\
\xb1\xbc\xe6\xa2\x18\x86\xc1\xe5\xcb\x97y\xe4\x91Gx\xe1\
\x85\x17\xf2v\xdc\xc9b\xb1\xbf\x06\xdbo=\xe08\x13\
\xe9&\x9a1\xa7\xa3@\xd3\xb4\xa2f`\xbdg\xb1\xd7\
\xcd\x5c\xaf\xec\xc2\x92\xae\x0c\xe2\x19\xc9d8\x1a)\xec\
}\xbf]Q\x98\xe6r\xb2\xb9\x228\xa6\x9f?\x13O\
\x12\xc9N\x8e{\x9f|\xb8\xf3\xce;'E\x16pW\
W\x17\xdf\xfb\xde\xf7hoo7{)\xd2\xd4g\x89\
\x0e\xac{\xf2p\x0c)\x07B\x08R\xa9\x14o\xbd\xf5\
\x16_\xfa\xd2\x97X\xb1b\x05\xb7\xddv\x1b\xdf\xfc\xe6\
79y\xf2$\xaa\xaa\x9aZQ\xdf\xb9s'\xa7N\
\x9d\x92]X\x93DS<\xc5\xb0\x9615\xe0\xfc\x83\
\x96\xf8=\xcc\xf6\xe46M\xc7\x10\x82\xbeT\x84\xb3\xd1\
^\x84\xc9\xe9 \xa3\xed\xbd\x5c|\xfd\x10j8f\xea\
:\xc6L\x81\x9a%\xf3X\xf7\xe9{\x0b2io<\
\xb2\xaa\xc6\xf9\x97\xf6\xf1\xf8\xa7\xff\x96\xc3\xff\xb9\x93L\
J\x05\x8b\xfc\x9d\x02\x84\xdaz\xde\x9f\x1a\x98/v\xb7\
\x93;\xbf\xfa\xe7l\xfe\xb3\x87p\xf9\xcd\x9b\xaa\x06\xb0\
\xf4\xae[X\xb4u\x1d\x9e\xb2\xb1}Q\x91\xc0e\xb3\
\xb1,8\x03\xb8\x92Y\xf5G\x7f\xf4G\xfc\xf2\x97\xbf\
$\x99\xcc\xff\xd6\x1e!\x04}}}|\xf6\xb3\x9f\xe5\
\xf1\xc7\x1f\xcf\xfb\xf1\xadl\xb1\x7f\xda\xef\x04\xb6\xb7%\
\x86\x19L\xc7\xc8\x9a\xd0q\x9b\xcdf\x8b\x9a\x81\xf5\x1e\
\x9b\xa2\xb0,\x0f\xdb\xed\xa5\xa9!c\x08\xf6\x84b\xa8\
\x05\x8e\x83\xf0\xd9ml,\xf7S\xe5\xbaq\xb7\xf0\xa5\
\xb8\xca\x80\x96!k\xa1kw!\xadY\xb3\x86\x95+\
W\xe2\xf7\xfb\xcd^\xcau\xbd\xf7\x10\xe4\x1f\xff\xf1\x1f\
e\x17\x96Th9\xd7\x8er*`\x09!,\xf08\
^J\xa5R|\xedk_\xe3\xc1\x07\x1f\xe4\xd1G\x1f\
\xa5\xa5\xa5\x85d2Y\xb4\x10\xd1\x1b\x19\x1e\x1e\xe6\xb5\
\xd7^\xa3\xa5\xa5\xc5\xec\xa5Hc\xf0N8N\xda\x02\
]Jp\xe5\xc9\xde\x8a\x80\x97\xe99v\x9fd\x84\xce\
\x9b\x83\xcd\xe8\x16\xf8\xbd\x8e\xff\xfcEb\x83\xa1Is\
\x83P6s\x1a\xf5\x1f\xd9L\xcd\xe2y\xa6\xad!\x9b\
\xd6\xe8<\xdc\xc8\xaf\xbf\xf0\xbfx\xfd[\xffA\xa4{\
\xc0\xb4\xed\x82\xd7#\x84\xa0\xeb\xe8Y.\xbdu\x98\xd8\
@\xfe\xb6h\xdb\x9d\x0e6<\xf21\xb6~\xe1S\xf8\
\xaa\xca\xf3v\xdc\xf1\xa8\x98S\xcb\xda?\xb8\x9b\xf2\xb9\
3~;\x8b\x5c\xba\x06\xa7\xcd\xce|_5~\xbb\x9b\
P(\xc4\xef\xff\xfe\xef\xb3k\xd7\xae\x82\xe6\x8c\x08!\
\x18\x1a\x1a\xe2\xaf\xfe\xea\xaf\xf8\xeew\xbfk\x89{\x80\
b\x98\xe5\xa9\xc0\xefp\xa1|\xe0\x8fS\x17\x82\xf3\xb1\
~\x22&ta\x15\xeb\xfe\xeb\x83\x19X\xefY\xe4\xf3\
0\xcf\xeb\xc6%\xbb\xb0J\x9e\x00\x22\x19\x9dC\x918\
\x85\xbc\xfdQ\xb8\xb2\x95\xf0\xb6\xaa\x1bG\x0cd\x85\xa0\
)\x96$\x9c\xb1\xde5\xbc\x10\xecv;\xb7\xdez+\
\x8b\x17/6{)7\x14\x8b\xc5x\xe3\x8d7\xd8\xb5\
k\x97\xd9K\x91\xa6\xb8\x5ckH\xb9^\xddn\xc9\xf1\
\xf5R\x1e8\x9dN\xb6m\xdbF4\x1aEUU\xcb\
\xdd\xb0\x0a!x\xf1\xc5\x179q\xe2D\xc9\x05\xccN\
6\x1d)\x8d\xaeT\xda2O\xc6\x16\xfb\xdc\xcc\xf1\xb8\
p\xe5\xd0}\xa5\x0b\x83\xee\xe4(\x17\xe2\x03y\x5c\xd9\
\xc4\xf4\x9d\xbeH\xfb\x81\x93d\x12\x93#(\xd3\xeet\
P\xbb\xb2\x8ee\xf7lC1aj\x90\xa1\xeb\x84\xda\
{\xd8\xfb\xaf?\xe3\xc5\xff\xf9mzN6\x93I\xaa\
\x08\x0b\x14\x22\xaf\xc6S\x1e\xa0\xe1\xa1;Y~\xef6\
\x025\x95y=\xb6\xc3\xedb\xd5\x03wp\xfb\x97\xff\
\x94\xcay\xb5(9N\xe3\x1c\x0f\x9b\xc3\xc1\xc6\xff\xf1\
 5K\xe6\x99\xde\x857\x998\x15;K\x033\x18\
\xe8\xef\xe73\x9f\xf9\x0co\xbc\xf1\x06\xaa\xaa\x16\xfc\xbc\
B\x08B\xa1\x10_\xfd\xeaW\xf9\xda\xd7\xbeV\x94s\
\x9a\xcda\xb31\xcf[\x85\xe3\xb7\x8a6\xe7\xa3}\x84\
\xb4D\xd1;o\xcd\xc8\xc0z\x8fSQX\xe2w3\
KvaI\x5c)\xe4\xee\x1b\x8d\x17|\xaa\xb4\xcb\xa6\
\xb02\xe0e\xa1\xf7\xc6\x81\xee\xe7\x13*#\x99lA\
\x8bjV\xb2}\xfbv\x96.]\xfa;\xefU+\xa9\
\xa8\xa8\xe0\xbe\xfb\xee\xe3\xeb_\xff:\xdb\xb6\xc9t \
\xa9\xe0r\xca\xc1\xca5\x19V\x06\xb8[\x80\xc3\xe1x\
?$\xb0\xaf\xaf\xcf\x92\x9d\x1d\x03\x03\x03\xbc\xf1\xc6\x1b\
\xac]\xbb\x96\xe5\xcb\x97\x9b\xbd\x1c\xe9\x1a\x8eF\x13\x96\
\xe9\xbe\xb2)Wn\x86j\x5c\x8e\x9c\x1a>T#\xcb\
\xde\xe1Kd\x0cs\x9f\xf6\x09\xc3\xe0\xd8\xe3\xbbH\x0c\
\x87-\xf9\x1e\xbd\x9a\x9a%\xf3Yq\xff\xf6\xe2w\xfd\
\x08H\x8c\x84\xb9\xf0\xea\x01\x1aw\xbeI\xb4o\x08\xcd\
\xc2E?\xbb\xd3\xc1\xe2[7\xb0\xfa\xa1\x8f0}\xe9\
B<e\x81\x82\x14\xfc\x9c^7\x8b?\xbc\x1eOY\
\x80\xfd\x8f\xfe\x82\xc1\x0bmE\xe9D[\xf9\xb1\xed\xcc\
\xdf\xd4`\xfa\x16\xc6\xc9\xc6\x89\x82s(\xc1\x7f\xfb\xcb\
\xff\x8b}\xfb\xf6\x91N\xa7\x8bvn!\x04\xa3\xa3\xa3\
|\xf7\xbb\xdf%\x16\x8b\xf1\xf5\xaf\x7f\x9d\x8a\x8a\x8a\xa2\
\x9d\xdf\x0c\x8b\x0254\xc7\xfa\xc9\xf0_\xef\x89xV\
\xa351\xcc\x0cw\x19e\xce\xb1MJ\xcb\x073;\
\xb0\x00\x16z\xdd\xcc\xf3\xba\xe8Ikd,rM\x97\
\xcc\x13\xcbf9\x14\x89sGu\x19\xce\x1c\x86\xe1\x5c\
\x8f\x02\xf8\xed6\xee\xa8)\xe3\xc7\xddi\xf4\xeb\xdc\xe7\
$\xb2:\x97\x12*3\x5c\x0e*,4\xa4\xa4P\xa6\
M\x9b\xc6\x86\x0d\x1b8t\xe8\x10\xdd\xdd\xddf/\xe7\
}\x81@\x80\xb5k\xd7\xf2\xb1\x8f}\x8c;\xee\xb8\x83\
Y\xb3f\x11\x08\x04,\xbf\xddQ\x9a\x12n\x01\xfee\
\xa2/\xce\xf5S\xe3\xe39\xbe^\xca\x03EQ\x08\x04\
\x02\xdc}\xf7\xdd\xfc\xe4'?\xb1d\xd6\x94a\x18\xbc\
\xfa\xea\xabl\xdf\xbe\x9d%K\x96\xe0pL\xfd\x0b\xd6\
d\x13\xc9\xea4\xc5S\xd7\xbd\xe9(\xa6\x05^\x17s\
\xbdn<9<\xb1\xca\x08\x9d\xf6\xc40\x97\xe2\x13\x1f\
S\x9f/\xad{\x8f\xd3s\xb2\x99\xac\x05\x02\xc7\xc7\xc2\
[Y\xc6\xfc-\x0d\xcc\xdb\xb8\xaa\xa8\xdd>j4N\
\xfb\xc1\xd3\x9c}\xf6-\x86.\xb6\x93\x1a\x8dY:\xec\
~\xe6\xea%\xac\xf9\xfd\xbb\x98\xbdn9\xc1\xe9U\x05\
\x0f[wx\xdc\xcc^\xb7\x9c\xdb\xff\xe7\x9fp\xf0\xfb\
\xbf\xa4\xfbD\x13Y5\xf7\xc9\x87\xd7RS7\x8f5\
\x0f\xef 0\xbd\x0a\xa5@_|\xa6\x22\xbb\x01\x99\x9e\
a\xfe\x9f\xff\xfd/\xbcs\xe8\x90i]P\xe1p\x98\
\x9f\xfc\xe4'\xa4R)\xbe\xf1\x8do0c\xc6\x8c)\
\xfb\xef\xb8\xc8W\x83\xe3\xb7r\xb0\x04\x82\xa6h\x1fK\
\x033\x8a^\xc0*\xf4\xbd\x98\xcdf\xc3\xe3\xf1\x5c\xb5\
\xab\xc3m\xb3Q\xe7\xf3\xd0\x91\xd2\xe8H\x15\xafp*\
Y\x93\x10p$\x12gC\xb9\x9fjgn\x0f\x05\xaf\
\xc7\xae(\xcc\xf7\xb8h(\xf3q2\x92\xb8\xf6z\xb8\
\x92\xb7\xba<\xe0-\x89\x02\x96\xcdfc\xdb\xb6m\xbc\
\xf6\xdak\xa6\x17\xb0<\x1e\x0fK\x97.\xe5\xee\xbb\xef\
\xe6\xf6\xdbog\xc9\x92%TTTPVVv\xd5\
b\xb8$\x15HN5\xa4\x09\x7fj\x08!V\xe4r\
b)\xbf\xecv;\x0f=\xf4\x10\x8f?\xfe\xb8%\x0b\
X\x00\xfd\xfd\xfd\xbc\xf5\xd6[\xac_\xbf\x9e\x95+W\
\x9a\xbd\x1c\xe9\x03\x0c\xe0T,I\xb2\xc0-\xe6c\xa5\
(\xb0:\xe8\xa3&\xc7\x1b\xad\x94\x9e\xe1\x9dP\x1b\x9a\
\xc9\xddW\x99\xa4\xca\xf1\x9f\xbd@j4f\xa9\xd0\xf1\
kQl6f\xae^\xc2\xb2\xbb\xb7\xe2\x1c\xc3v\x80\
|\xc8\xa65\xfa\xcf\xb5p\xee\xb9\xddt\x1e9Kb\
x\xd4\x12\xd3\x05\xaf%8\xbd\x9a\xd5\x0f}\x84E\xdb\
\xd7S9o&N\x9f\xa7h\x85\x01\x87\xcb\xc9\xf4\xe5\
\x8b\xf8\xf0_\xfd\x11G\xff\xcfs\xb4\xee;A:v\
\xed/\x0b\x13>\x8f\xc7\xc5\xa6\xff\xf1q\xaa\x16\xcd\x91\
S\x07\xc7A\xcfd\x19\xbc\xd0\xc1\x89\xef>M\xcb\x89\
\xc6\xa2v^]M8\x1c\xe6\x97\xbf\xfc\xe5\xfbE\xac\
\xf9\xf3\xe7[z+\xcbDU\xbb\x03\x94;}$t\
\xed7\x86\x90\x0c\xa8Qz\xd403<ex\xed\xc5\
\xd9VW\x8c\x0e\xack\x15\xaf\xe0J7\xcc\x02\xaf\x9b\
\xf9^7\xbd\xb2\x0bK\x02b\x19\x9dc\x91\x04\xb7U\
\x95\xe1.\xe0C)\xb7\xdd\xc6\xadUA\x9a\xe3*\xa9\
\xeb|\x1f\x19\xc9d\xe9T\xd3\xd4\xba\x9d\xf8M\x88(\
(\xb6\x86\x86\x06V\xaf^\xcd;\xef\xbcC\x22\x91\xff\
\xeb\xf5\xf5\xd8\xedv\x16,X\xc0\xad\xb7\xde\xca\x1dw\
\xdc\xc1\xaaU\xab\x986m\x1a\x95\x95\x95\xb8\xdd\xee\xa2\
\xaeE\x92\xde#\x84X\xa1(J\xd3D^\x9bK\xd9\
[\xe6_Y\x88\xcdf\xe3\x96[na\xf6\xec\xd9t\
ttX.\x07\x0b@\xd7u\xde|\xf3M\xb6n\xdd\
J}}=N\xa7\xccg\xb0\x8a\x8c!8\x1a\x8e[\
\xa6\xfbj\x96\xdb\xc5<\xaf\x1bo\x0e75\x9a\x91\xa5\
51Lk|8\x8f+\x9b\x98s\xbbv\xbf\xbb\xdd\
krd\xc0U/\x9aC\xfdG6S\xb5pv\xc1\
\xcf%\x84`\xb4\xbd\x97\xe6W\x0e\xd0\xba\xe7\x18\xe1\xae\
~\xd2\xf1\xfcOh\xcb\x17\x87\xdbI\xdd\xed\x9bX\xf5\
{\xb7QS?\x1f_E\x99)\xf9`v\xa7\x83\x9a\
\xbayl\xfe\xb3\x87\xf1V\x96q\xe1\xd5\x03$\x86\xc3\
y=G\xc3C\x1fa\xee\x87V\xe1\xf0\xb8\xf2z\xdc\
\xa9L\xd72\xf4\x9f\xbb\xcc\x81\xef>A\xff\x99Kd\
\xb4\xc2u\xc7\x8dG8\x1c\xe6\xb9\xe7\x9eCUU\xbe\
\xfa\xd5\xaf\xb2l\xd9\xb2)\xd7\x09\xedPl\xcc\xf3U\
2\x94\x8e\x91\x16\xff\xf5Y\x9b\x15\x06\x97b\x83,\xf0\
U3\xdb[\x9cm\x94\xc5\xc8\xc0\xf2z\xbd\xd7\xed\x98\
\xf0\xdam,\xf2\xb9iK\xaat\x15\xb0KS\x9a\x1c\
\x04p,\x92`M\xd0\xc7\x0c\x97\x93B\xd5\xb0l\xc0\
\x0c\x97\x93\xf5e~\x0e\x85c\xd7\xbc\xaf\xd4\x85\xe0R\
Be\xb1\xcf\x83\xdf>\xf5\xaf1~\xbf\x9f\x8d\x1b7\
\xf2\xf6\xdbos\xfa\xf4\xe9\xa2\x9c\xb3\xba\xba\x9a\x8d\x1b\
7\xb2c\xc7\x0e\xd6\xaf_\xcf\xdc\xb9s\xa9\xa9\xa9\xc1\
\xef\xf7O\xd9N\x5ciR\xb9\x05(z\x01\xeb\xe6\x1c\
^+\xe5\x99\xa2(\x94\x95\x95q\xc7\x1dw\xf0\xd3\x9f\
\xfe\x14\xcd\x227\xcd\xbf\xad\xaf\xaf\x8f\xdd\xbbw\xb3i\
\xd3&V\xaf^m\xf6r$\xae\xdcD\xb4$U\x86\
\xb5\xac%\xba\xaf\x00V\x06}T9\xed9u_\xc5\
\xb3i\x8e\x86\xdaH\x1b&\x16\x8d\x84 >4\xca\xe9\
_\xbe\x8a\x96\x98\x1cA\xca\xee\xa0\x9f\xf9\x9b\x1bX\xb8\
u\x1d\xf6\x02\xb7\xf6\xc7\x87Fi\xdd{\x9c\x96\xb7\x0e\
3x\xa1\x9d\xe4H\xc4\xb2\xdb\x05\x15\x9b\x8d97-\
g\xd5\xc7\xef\xa0v\xe5b\xca\xe7\xcc(\xf8\xff\x9f\x1b\
\xae\xc9n\xa3r\xc1,\xd6\xfd\xe1G\xf1\x94\x079\xf7\
\xfc\xdbD\xba\xf33\xac\xa0v\xe5b\x1a\x1e\xba\x13o\
e\x99\xbc\xd1\x1d\xa3\xac\xaa\xd1s\xf2<\xef\xfc\xf0W\
\xf4\x9d\xb9\x88\x9e\xb1V\xc1:\x1a\x8d\xf2\xf2\xcb/\xa3\
i\x1a\x7f\xf7w\x7f\xc7\xda\xb5kq\xb9\xa6\xc6\x17\xc7\
x<N\x22\x91 \x107H\x87\xa2$\xb2\xbfy\x0f\
t6\x9cdN\xda\x05e3\xb1+\x85/8\x87B\
!2\x99\xc2v\x90\xba\x5c.FFF\xe8\xef\xef\xbf\
\xe6\xcf\xb8\xb3:\xe5\xb1\x18\x97\xa2\x09t\xab\x5c\xe0'\
1\xa7\xd7\x8b\xd3\xebC\x99\xa4\x1d\x8c\x91L\x96\xd3\xd1\
\x04\xdb\xab\xcarz@x#vEake\x80\xa6\
D\x8aQ-s\xcd{\xcbNU\xa3/\x9d\xa1\xd6\xed\
\xc4U\x02\xd7\x99-[\xb6\xb0j\xd5*\xce\x9c9S\
\xb0,\xd4`0\xc8\xbau\xeb\xb8\xed\xb6\xdbX\xb7n\
\x1d\x0b\x16,`\xd6\xacYTTT\xc8-\x82\x92\xd5\
\xdc\x0c\xfcp\x22/\xcc\xe5\xee\xfb\xce\x1c^+\x15\x80\
\xa2(<\xf8\xe0\x83<\xf9\xe4\x93\x96-`\xe9\xba\xce\
\xde\xbd{\xb9\xe5\x96[X\xbat\xe9\x94\xb9y\x9e\xcc\
t\x01G#\x09\xcbL\x1e\xacr:\xa8\xf3\xba\xf1\xd9\
&~\xa1\xd5\x8c,\x9d\xc9\x10\xed\x89P\x1eW6~\
\x86np\xea\xc9W\x18\xed\xe8\xb3la\xe6\x83\x14E\
a\xd6\x9a\xa5\xd4\xdf\xb9\x05\xdf\x18\xc6aOT&\x95\
\xa6\xe7d3\x17_?H\xd7\xb1&b\xfd\xc3\x96\xdd\
.\xa8\xd8l\x94\xcd\x9c\xc6\xca\x8fmg\xe1\xd6uT\
\xd7\xcd\xc5\xe9\xb1N\xcb\xbd\xa2(\x94\xcf\x9e\xce\xaa\x07\
n\xc3S\x1e\xa0q\xe7\x1b\x0c_\xec\xc8\xe9\xe6\xd8\xe5\
\xf7\xb2\xf1O\x1e\xa4b\xdeLl%\xb0\xb5#\x1f\xb4\
\xa4J\xd7\xd1\xb3\x1c\xfd\xf1\xb3\xf45^*J\xb8\xfe\
D\xc4\xe3q^\x7f\xfduTU\xe5o\xfe\xe6o\xb8\
\xf9\xe6\x9b\xf1z'\x7f8\xff\xce\x9d;y\xe6\x99g\
\x18M\xc6\xe9W#d\xc5\xef~\xde\xee\xf7\x04)s\
x\xb1\x15\xe1\x8br{{;###\x05=\xc7\xe8\
\xe8(_\xf9\xcaW\x08\x04\x02\xd7\xfc\x19!\x04\xa1\x8c\
\xceH&[\xf4I\x8cSQ\xfd\x8e{\xa9\xbb\xf3n\
\xbc\x15\xf9\x9d2[,\x028\x11M\xb2:\xe8c\xa6\
\xcdU\xb0.,\x05\xa8v9\xd8P\xe6\xe7\xedP\xe4\
\x9a[XU\xdd\xa0=\x95f\x81\xd7\xc5\x8c\x02\xe7G\
Z\xc1\xec\xd9\xb3\xb9\xe9\xa6\x9b\xd8\xbd{7===\
y;\xae\xc3\xe1\xa0\xbe\xbe\x9e\x9bo\xbe\x99m\xdb\xb6\
\xb1l\xd92\xe6\xcd\x9bGuu\xb5\xdc\xed\x22Y\xd9\
\x84kI\x13*`\x09!f\x01\x85\xdf[\x22\x8d\xdb\
\x96-[\x98={6\x97.]\xb2\xe46B\x80\xde\
\xde\xde\xf7\x8bX\x0d\x0d\x0df/\xa7\xa4\x19\x02\x06\xb4\
\x0c\x97\x93\xd6\xe9\x0eZ\x19\xf0R\xedr`\xcf\xe1\xc6\
*\x96Ms:\xd2cj\xf7\x95\xd0\x0d\x06/\xb4s\
n\xd7nt\x8b~\x99\xfdm\x95\xf3gRw\xeb\x06\
\xa6-[p%\x88,\xcf\x0c]g\xf0|\x1b-\xbb\
\x8f\xd2u\xa4\x91\x91\xd6\x9e\x82d7\xe5\x8b\xc3\xe3f\
\xe1-kY\xf5\xc0\xed\xccX\xb1\x18\x7f\x8du\xa7\xb8\
\x05gT\xb3\xf4\xae\x9bq\xfb=\x9c~\xfau\xfa\xcf\
\xb6`L`\x0b\x93bShx\xf8N\xe6mj\xc0\
.s\xaf\xc6$\x1dO\xd2q\xe84\xc7\x7f\xf6\x02\xfd\
\xe7Z,[\xbczO2\x99d\xf7\xee\xddd2\x19\
\xbe\xf8\xc5/\xb2}\xfb\xf6\xeb\x16A&\x83\x96\x96\x16\
\xdex\xe3\x0dR\xa9kO+m/\xder\x8aBU\
U\x0e\x1c8`\xf62J\xca\xf4\x15\xab&M\x14\xc0\
\xb5\x8cf\xb24\xc6\x93T8\x1d\x05\xcd\x9eR\x80\x0d\
\xe5~\xce\xc6\x92\xf4k\x1a\xd7\x8aa\xbb\x9cTY\xee\
\xf70\xdd\xe5,X\xb8\xbcU8\x9dN6m\xda\xc4\
\xca\x95+\xf3R\xc0Z\xb4h\x11\x9b7of\xcb\x96\
-,Y\xb2\x84\x85\x0b\x172w\xee\xdc)\xf1PB\
*\x09\xb3\x85\x10\xb3\x14E\xe9\x1d\xef\x0b'\xda\x81\xb5\
e\x82\xaf\x93\x0a\xac\xb2\xb2\x92\xed\xdb\xb7\xd3\xd9\xd9y\
\xdd\x1b93\xe9\xba\xce\xc1\x83\x07\xd9\xbbw/\xcb\x96\
-\x93]X&\xca\x08Ac,IJ\xb7F\xb13\
\xe0\xb0\xb3<\xe0\xcd\xe9\xa6J3tz\xd50\x97\x13\
Cy\x5c\xd9\xf8e\xd44'\x9fx\x99\xf8\xa0\xb9]\
`c\xe5\xf2yXp\xf3Z\x16\xdcrSA:\x8c\
\x22=\x83\xb4\xee;N\xfb\xfe\x93\xf47]&5\x1a\
EX<X\xd8\xe9q\xb1p\xdb:\x16n[7)\
\xb6\xd1\xf9*\xcbX\xb4\xfdC\xb8\xfc>\xce\xec|\x83\
\xae#g\xc9\xa6\xc7\xde\x8d\xab\xd8l\xccZ\xbb\x945\
\x9f\xd8\x81+\xe0-H\x11s\xaaQ\xa3q\xda\xf6\x9f\
\xe4\xe4\x13/\xd3\x7f\xae\x05a\x91\xcf\xd2\x1bI\xa7\xd3\
\xec\xdb\xb7\x8fl6K\x22\x91`\xc7\x8e\x1dTTX\
\xb7@+IV\xe0p\xb9\xb1O\xf2\x8e\x16\x01\x9c\x8a\
&Y\x19\xf0\xe1\xb59\x0b\xda\x91X\xe5\xb4\xf3\xa1\x0a\
?\xaf\x0eeQ\xaf\xd2\x15\x09\x10\xce\xe8t\xab\x1a\xf3\
\xbdn\xcaK\xe0\xa1\xc9\xaaU\xabX\xbbv-\xfb\xf7\
\xef'\x99\x1c_\xde\xa7\xa2(\x94\x97\x97\xb3i\xd3&\
\xb6l\xd9BCC\x03uuu,\x5c\xb8P\xe6Z\
I\x93\xd5\x16\xe0W\xe3}\x91,`MA\xbf\xf7{\
\xbf\xc73\xcf<c\xd9\x02\x16@OO\x0f{\xf6\xec\
a\xdb\xb6m\xacY\xb3\xc6\xec\xe5\x94$\x01$t\x9d\
\xc6\x98u\xfeN\xea\xfd\x1e\xa6\xbb\x9d8r\xb8\x08\xc7\
\xb2*g#\xbd$\xb3\xe6m\xa3\xd5\xb5\x0c]\xc7\xce\
\xd1\xba\xe7\x98ik\x18\x17\x05f\xae\xa9g\xf1m\x1b\
\x09\xd6\xd6\xe4\xf5\xd0j4N\xe7\x91F\xda\xf6\x9d\xa4\
\xfbx\x13\xd1\xbe\xe1I\xf3\x04[\xb1\xdb\xf0V\x04'\
\xd5M\xa1\xa7\xcc\xcf\xfc-kp\xf9\xbd\xb8|\x1e\xda\
\xf6\x9fDK\xdc\xf8=\xae(\x0a\xfe\xea\x0a6\xfe\xf7\
\x07(\x9f3cR\xfd\xcef\x0aw\x0dp\xe1\x95\x03\
\xf4\x9fm\x99\x14\xdb\x84?(\x93\xc9p\xe0\xc0\x014\
M#\x95J\xf1\xd1\x8f~\x94\x9a\x9a\xfc\xbe\xff%i\
*q\xb8'\x7f\x01\x0b`D\xcbr!\x9e\xa2\xca\xe9\
\xc0\x9fK\xbb\xfb\x18\xac\x09\xfah\x8c\xa5\xe8H\xa5\xaf\
\x1a\xe8n\x08Ak2\xcd\x12\x9f\xa7$\x0aX\x15\x15\
\x15\xac[\xb7\x8e\xba\xba:\xce\x9c9s\xc3\x9fW\x14\
\x05\xbf\xdfOCC\x03\x1b6l`\xcd\x9a5,]\
\xba\x94e\xcb\x96QYY9%'\xcaJ%\xa5\xa8\
\x05\xac\xad\x13|\x9dT\x04\x9b6mb\xf6\xec\xd9D\
\x22\x91\x82O\xc1\x99(]\xd79r\xe4\x08o\xbd\xf5\
\x16\xcb\x96-\x93c\x5cM\x90\x15\x82\xf6\x94\xc6\xb0E\
\xb2\x87\x5c6\x85\x86\xa0/\xa7\xee\xab\x8c\xd0\xe9W\xa3\
\x5c\x8c\x0d\xe6qe\xe3#\x84 5\x1a\xe3\xd4S\xaf\
\xa0F\xe3\xa6\xadc<\xcag\xcd\xa0\xee\xb6\x8d\xd4\xae\
X\x84\x92\xa7P\x0c#\xab\xd3\x7f\xae\x85\xd6\xbd\xc7i\
?x\x9a\x91\xd6n\xb2j:/\xc7\x96\xae\xcf\xe9u\
3\xfb\xa6e8\xbcn\xdc\x01?-\xbb\x8f\x92\x1c\xb9\
\xfe\x84B\x87\xc7\xc5\xaa\x07nc\xfe\xe6\x06Y\xbc\x1a\
\x07w\xd0O\xf9\x9c\x198}n\xb4\xb8u\x1e\x06\x8c\
\xd5{\xd7\xe2l6K*\x95\xe2\x81\x07\x1e\xa0\xb6\xb6\
\xd6\xeceI\x92%\xd9]nl\x8e\xc9_\xc0\x12\xc0\
\xe9X\x92e\x01/^\xbb\x8bB\x96@\xca\x1cv6\
\x94\xfb\x18\xd42\xc4\xaf\xb1\xbd\xba?\x9d\xa17\x9da\
\x9e\xd7\x8d\xbbP\xc1\x5c\x16\xb2~\xfdz\xd6\xad[G\
cc\xe35\xf3*=\x1e\x0f\x0b\x17.\xe4\xa6\x9bn\
b\xfd\xfa\xf5\xac\x5c\xb9\x92\x15+V0g\xce\x1cy\
\x8d\x96\xa6\x92\x09\xd5\x94\xc6]\xc0\x12B8\x81M\x13\
9\x99T\x1c\xd5\xd5\xd5l\xdd\xba\x95\xb6\xb66\xe2q\
\xeb~\x81\xee\xe9\xe9a\xef\xde\xbd\xdc~\xfb\xed\xb2\x0b\
\xcb\x04\xaaap&\x96\xb4L\xac\xeb\x5c\xaf\x9b\xd9n\
'\xce\x5c\xba\xaf2*\x17b\xfd\xc4\xb2\xe6eze\
SiZ\xf7\x1f\xa7\xfb\xd8\x84&\xc3\x16\x9d\xc3\xedb\
\xe1\xd6\x9b\xaet\xed\x04|y9f\xa8\xad\x87\x8ew\
\xce\xd0~\xe84\xbd'\xcf\xa3\xc6\x92`\x91!\x01\xa5\
\xc2\xeer2se\x1d.\x9f\x07W\xc0\xcb\x85W\x0f\
\x12\xeb\x1f\xbe\xe6\xcf\xceY\xb7\x9c\xd5\x0f}\x04{\x09\
\x04\xe9\xe6S\xf9\xec\xe9\xac\xfc\xd8\xad\xa8\x91\x18\x17^\
;d\xd9a\x04\xd7c\x18\x06\xc7\x8f\x1f\x7f\xbf\x13\xeb\
\xe1\x87\x1ff\xee\xdc\xb9f/K\x92,EQ\x14\xec\
n76\x87\xb9\xd3gs\x22\x04\xc9\x91\x11\x0cC\xe7\
\xb2\xa2p\x5c\x8d\xa3\x05\xbdx&\xd0\xc5c\xb3\xd9p\
8\x1cc\x9al7S\xd7)W\x93\x84S\xe9\xab\x0e\
\x0cR\x81\xe6\xac\xcat-E\xad\xfbw\xafAv\xbb\
\xbd(a\xe4v\xbb\x1d\x87\xc3Q\xf0\xae\xa6y\xf3\xe6\
\xb1n\xdd:^y\xe5\x95\xdf\x98\x22\xear\xb9\x989\
s&\x0d\x0d\x0d444\xb0r\xe5JV\xaf^M\
}}\xbde\xe2V\x0c\xc3@\xd3\xb4\x82MQ\xcc\x95\
a\x18d\xb3Y\xcb\xe6@\x0b!\xd04\xad\xa8\xeb\xb3\
\xd9l\xd4\xd4\xd4\xe0\xb0\xe6g\xd7&!\x84SQ\x94\
q\xdd<M\xe47\xd9<\x81\xd7HE\xf6\xd1\x8f~\
\x94\x9d;wZ\xba\x80\xa5\xeb:'N\x9c\xe0\xf5\xd7\
_\x97]XE\xa6\x0b\xc1\xb0\x96\xa5\xd5\x22\xe1\xed\x0a\
\xb06\xe8\xc3\x97\xc3\x88_]\x18\x0c\xa4c4\xc7\xae\
=R\xbc\xd0\x0c]'\xdc\xdd\xcf\x99g^\x1fW\xf6\
\x90\x99jW.\xe6\xffg\xef\xce\xa3\xe3\xb8\xcbD\xef\
\x7fk\xed\xeaURk\xb36[\xb6$\xdb\x92\x97x\
\x8f\x9d=NHB\x16\x98\x10\x08\x97\x0b\x93;Y\xc9\
\x00\x93\x19x\x87\xcb\xcc\xe5\x9e;\x1c\x06\x0e\xef\x1c\x0e\
\x97a\x06\xee\x10\xe62\x03\xef\x10`\x92\x90\x84$,\
aI\x9c\x84\x84l\xce\xea=\xdedK\xd6n\xed\xbd\
UW\xd5\xfb\x87l\xc7N\xbc\xb4z\xab\xea\xd6\xefs\
NN\xbcH]\x8f\xacVw\xd5S\xcf\xd2~\xf9z\
*\x9b\xea\xf3\xf2x\xb6e\xf1\xd6C\xbfc\xd7\xaf\x9f\
czx\xac\xe4\xda\xaa\xca\x89\xa4\xc8T\xb7\xb5p\xde\
\x87\xafB\x0f\xf8\xd9\xf5\xabg9z\xf0\xd4Y\x99\xc7\
\xb7,\xae\xfe\xf8uD\x1aj]\x8a\xb4t\xc9\x8aL\
\xf5\xa2\x16V~\xf8*\x92\x13\xd3\x1cx\xee5\xec\x12\
\x99\x83u2\xc7qx\xf3\xcd7\xb9\xf7\xde{\x89\xc5\
b|\xecc\x1fc\xd1\xa2En\x87%\x08\x9e!k\
\x1a\x8a\xa6!\x95p\xcb\x96mY\xbc\xfa\xa3\x7f'u\
\xec\xda\xe0\x80O\xa3\xc5\xd0\xb3\xaaz\x92e\x19M\xd3\
2N\xf6\xec\x8d%\xe9O\x9ag\xdcx\xbdK\x95y\
\xd9\xef#\xaa\x9dzi*IRQ\x13X\x9a\xa6\x15\
\xbc\xc2I\x92$\xb6o\xdf\xfe\x9e\x7f;Y\x961\x0c\
\x03M\xd3p\x1c\x87\xee\xeen\xba\xbb\xbb\x0b\x1a\xcbl\
9\x8eC2\x99\xf4|\x02\xcb\xab\x1dH03\x83\xb2\
\x98\x09\xacP(\xc4g?\xfbY\xea\xea\xea\x8av\xcc\
Y\xda\x08<;\x9bO\x10\x09\xac2\xb5q\xe3F\x9a\
\x9b\x9b\x19\x19\x19!\xed\xe1y3\xc7\xab\xb0\xae\xba\xea\
*\xb1\x91\xb0\x88\x92\xb6\xc3\xee\xa9\x041\x8f\x5chU\
\xeb*m\x01\x1fz\x0e\xa5\xe3\x93\xe9\x04\xfb\xa6\x868\
\x9a\x9a\xddP\xcc|JN\xc6\xd8\xf3\xdb\x17\x18\xdcy\
\xc0\xb5\x18f#T\x1be\xf1U\x9b\xa8_\xd6\x86\x94\
\xafmD\x0e\x8c\xf7\x0d\x91\x98\x98\x12\xc9+\x0f\x90$\
\x89\xca\xf9\xf3X\xf1\xa1+\xf0\x85\x03l\x7fl\x0bC\
\xbb\x0e\x9e8\xf94\xc2A:\xaf\xbd\x88\x05\xe7\x8b\xd7\
\xdfl)\xba\xca\xbc\xceE\x5c\xf2\xa772\xcf6x\
\xee\x0f\xa5\xbb\x19n\xf7\xee\xdd|\xff\xfb\xdf'\x16\x8b\
\xf1\xa7\x7f\xfa\xa7,Y\xb2D\xb4\xab\x08\x023\xf3\xaf\
J\xba\xfa\x8a\x99\x04\xd6\xb6\x87\xeegz\xc8\xbd1\x0b\
\xc2\xcc\xfb\xf2\xe9\x12\x7f\xa6ir\xf0\xe0A\xf6\xec\xd9\
\xe3\xd9\x04\x91Pzjjj\xb8\xf5\xd6[\xcb*\x81\
\x95\xcd\x15\x8bh\x1f,\x01\xd5\xd5\xd5l\xda\xb4\x89`\
0\xe8v(geY\x16\xaf\xbf\xfe:\xbf\xfc\xe5/\
I&\xc5|\x9cbp\x80)\xcbb\x87\x87\xe6\xb5\xac\
\x0c\x07\x88\xa8J\xd6+\x94m\xc7a 9\xc9N\x17\
\xab\xaf\xd2)\x93\xc1\x9d\xfb\xd9\xf1\xf83%q\xe2!\
\xab*\x0b/Z\xcd\xfc\xf3WbDBy|\x5c\x85\
%W]\x80/\xec\xed\xd7\x9e\xb9&T\x17\xa5\xeb\xfa\
KX\xfb\x89\x1bh\x5c\xb5\x04YU\xd0\xfc>\x9a\xd7\
u\xb1\xfc\xc6+\x90\xe7\xc0\xf0\xdcB\x0a\x07C\x5c~\
\xd1%\xfc\xc5_\xdcCWW\x97\xdb\xe1\xe4\xe4\xc0\x81\
\x03\xfc\xf0\x87?\xe4\xde{\xefe\xfb\xf6\xed\x9em\xc5\
\x10\x84bRt\x1fJ\x19\xcc\xbf\x12\xdc\xe78\x0e\x96\
e\xbd\xa7J\xc8\xb2,OW7\x09B\x81\xcc:\xb7\
\x94M\x02kC\x16\x9f#\xb8\xe0\x9ak\xae!\x12\x89\
\xb8\x1d\xc69\xf5\xf6\xf6\xb2e\xcb\x16v\xed\xda\xe5v\
(s\x82i;\xf4&L\xfa=2\xab\xc5\xaf\xc8,\
\x0f\x07\xd0\xa5\xec+\x80\xa6\xd2I\x0eL\x0f3\x98\x9c\
\xc8cd\x99s\x1c\x87\xa9\xc1\xa3l\x7ft\x0b\x13G\
J\xe3\xcefm\xc7|:\xae\xdcH\xd5\xfc\x86\xbc?\
\xf6\x82\x0d+\xa8l\xae/\xf9\xbb\xd5\xe5\xc6\xa8\x08\xd3\
\xbey\x03\x1bn\xbb\x91\x05\x1bWR\xbb\xa4\x95U\x1f\
\xbd\x86p}\xb5\xdb\xa1\x95\xbc\x88f\xb0\xba\xb1\x8d\xf7\
]y%\x9f\xfa\xd4\xa7J~\x86Too/?\xfe\
\xf1\x8f\xf9\xcew\xbe\xc3\x1bo\xbc\xe1\xe9JnA(\
\x86\x99\x01\xee\xe2=M\x10\x04!\xcff\x9d[\x9a\xd5\
+\xb1\xe38M@i\x9f\x95\xcd!\x9b6m\xa2\xa9\
\xa9\x89\xbe\xbe>O\x9f|\xda\xb6\xcd\xf6\xed\xdby\xfc\
\xf1\xc7\xc5,\xac\x22\x98\xb6,\xb6O\xc5\xb0=r\x87\
\xa7=`P\xa7\xabd\xdb=\xe88\x0e\xfd\x89qv\
N\xf4\xbb6'\xdc\x9c\x8e\xd3\xb3u\x07\xfb\xb6\xbc\xec\
N\x00\xb3dT\x84\xe9\xbc\xfe\x12\xe6-k+H\xe5\
\x8dQ\x19\xa6\xf5\xc2U\x1c=x\x84\xf8\xa8;I\xc5\
\xbcp\xc0J\x99\x98qo\xcc\x8a\xcb\x07I\x82\x86\x95\
\x8b\xf1\x85\x02\x0c\xef;\xcc\xbc\xe5\xed\x9e\xfc\xfadU\
EQ\x95\x99\x80=N\x91d\xa2z\x90\x05\x81(a\
\xd5\xe0\xe6\x9bofhh\x88o\x7f\xfb\xdb\x8c\x8c\x8c\
\xb8\x1d^\xd6\x06\x07\x07\xf9\xcf\xff\xfcOb\xb1\x18\x9f\
\xfe\xf4\xa7Y\xbdzuQ\xe6\xd0\x08\x82\x17\xa9>\x1f\
\xb2x\xfe\x0b\x82 \xe4[\x8b\xe38M\x92$\xf5f\
\xfa\x09\xb3\xbd\x95\xb0f\x96\x1f/\xb8(\x1a\x8d\xb2q\
\xe3Fv\xef\xde\xcd\xe8\xe8\xa8\xdb\xe1\x9c\xd5\x91#G\
x\xea\xa9\xa7\xf8\xc0\x07>\xc0\x8a\x15+\xdc\x0e\xa7l\
\xd9\x0e\x8c\xa7-\xf6\xc5\xbc\xd1\xae\xa9H\x12\xeb*\x82\
9m\x1e\x8cY)\x0e\xc7G\xe9K\x8c\xe71\xb2\xcc\
\xd9\x96\xcd\xd1\x83G\xd8\xfe\xc8\x93\xa4<2\x14\xffl\
dE\xa6\xf5\x82\xf3h\xdd\xb4\x0a\x7fU\xe1*4\xdb\
/[\xcf\x9e\xdf\xfc\x91\xc4\xf8$\x8e\xed\x8dd\xe9l\
\xa5\x93)z\xb6\xee$5\xed\xfd\xefk6dEa\
\xf7\x13\xcf\xbb\x1d\xc6i\xd5\xb4\xb7P\xbb\xb8\x15\xd5\xf0\
\xc6\xe6\xa5\xb3\x09\xa8:M\xfeJ\xc2\xaa\x01\xcc\xcc\x9b\
\xf8\xe4'?\xc9\xc0\xc0\x00?\xfa\xd1\x8f<\xbdL\xe5\
\x5cFGGy\xf8\xe1\x87\x99\x9e\x9e\xe6\xb3\x9f\xfd,\
k\xd7\xae\xc50\x0c\xb7\xc3\x12\x84\xa2S\x0d\x03ET\
`\x09\x82 \x14\xc2\x1a@$\xb0\x84\x19W]u\x15\
\x8f=\xf6\x98\xe7\x13X\xb6m\xb3s\xe7N\x1e~\xf8\
a\x96,Y\xe2\x99u\xb1\xe5&a\xdbt\xc7SL\
\xa6\xbd\xb1\x9d\xa3FWY\x14\xf0\xa1\xe4\x90\xc0\x1aJ\
N\xb1wj\xc8\xb5\x8a\xb2\xc4\xd8\x04\x07\x9f\x7f\x9d\xde\
\xd7w\xbbr\xfc\xd9\xaal\x99G\xd7\xf5\x97R9\x7f\
^A\x8fS\xdd>\x9f\xfa\xae6\xc6{\x07IM{\
g\xde\xdal\xa4\xa6\xe3\xbc\xfe\x9f\xbfv;\x8c9i\
\xed'\xae'\xd2XW\x12\x09\xac*\xcdO[\xb0\xe6\
\xc4\xef%I\xa2\xbe\xbe\x9e\xbf\xfd\xdb\xbfexx\x98\
G\x1f}\x94T\xaa4\xb6\x92\x9e\xce\xe4\xe4$\xbf\xfc\
\xe5/\x99\x9c\x9c\xe4\x0b_\xf8\x02\x9b6m\xc2\xef\xf7\
\xbb\x1d\x96 \x14\xd5\xcc\x10wQ\x81%\x08\x82P\x00\
k\x80\xc72\xfd\xe0\xd9\x0e\x9d\x11\x09\xac\x12s\xbc\x8d\
P-\x81\xbbF}}}\xfc\xf6\xb7\xbfe\xf7\xee\xd2\
H\x04\x94\xa2I\xcbb\xb7G\x92\x09\x12\xb0&\x12@\
\xcf!ye:\x16}\x89q\x0e\xc7\x8e\xe6/\xb0Y\
\xb0R&\x03;\x0f\xb0\xfd\xb1\xa7Kb\xe3\x9e\x160\
X\xfe'\x9b\xa9\xefZ\x84\xa2\x15\xf65A\x92$\xda\
/\xdf@\xb0\xa6\xaa\xa0\xc7\x11\x047)\x92L\xb5\x1e\
\xa2\xc9\x7f\xea\xf3\x5c\x96e\x9a\x9a\x9a\xf8\xfb\xbf\xff{\
6l\xd8\x90\xf1\xaay\xaf\x8a\xc7\xe3l\xd9\xb2\x85\xbf\
\xfb\xbb\xbf\xe3\x99g\x9e!\x16so\xdb\xab \xb8A\
\xb4\x10\x0a\x82 \x14\xcc\xacrL\xb3=\xa3\x12\x1b\x08\
KLee%\x1b6l\xa0\xa2\xa2\xc2\xedP\xce\xc9\
q\x1c\xf6\xed\xdb\xc7\x83\x0f>\x88izc\xc0x9\
\xb1\x1c\x87Q\xd3\xe2`\xdc\x1b\xed\x83\x86\x22s^8\
\x88\x9cC\x02k89\xc5\x81\xd80\x09\xdb\x85\x19o\
\x8e\xc3\xf8\x91A\xf6\xfc\xe6y\xc6\x0e\xf5\x15\xff\xf8\xb3\
$\xc92\xf3\xd7/\xa7\xed\xb2\xf5\x04\xa2\xc5y=h\
\xd9\xb0\x8c\xca\x96y\x05O\x96\x09\x82[\x22\x9aAs\
\xa0\x0a\xbf\xf2\xde\x0b[EQhoo\xe7\x1b\xdf\xf8\
\x06\x8b\x17/F*\x81y^g\x93J\xa5x\xe1\x85\
\x17\xf8\xe2\x17\xbf\xc8\x93O>\xc9\xf4\xf4\xb4\xdb!\x09\
B\xd1\x88!\xee\x82 \x08\x053\xab\x1cS\xc6\x09,\
\xc7q\xe6\x01\xf5\xb3\x0eGp\xdd\xe6\xcd\x9b\xa9\xad\xad\
u;\x8c\x8c\xf4\xf7\xf7\xf3\x9b\xdf\xfc\x86\xbd{\xf7\xba\
\x1dJ\xd9\x99\xb2l\xf6\xc5\x12\xa4<0\x8fH\x96$\
:\x82\x06Q]%\xdbK:\xdbq\xe8K\x8cs`\
\xda\x9d!\xc9f<\xc9\x917\xf6\xf0\xf6\xef_t\xe5\
\xf8\xb3\x15\x9eW\xcd\xea\x8f_KEs\xf1^\xc6\xf5\
\x80\x9f\x05\x17\x9cG\xa0\xba0\x093Y\x91Q\x0d_\
I\x0c\xfa\x16\xcaST\x0f\xd2\x1a8\xf3\x16GUU\
Y\xb3f\x0d\xff\xf4O\xffDCCC\xc9'\xb1\xd2\
\xe94\xaf\xbd\xf6\x1a\x9f\xff\xfc\xe7\xf9\xe5/\x7fY\xd2\
\xf3\xbd\x04a6fZ\x08E\x02K\x10\x04\xa1\x00\xea\
\x8f\xe5\x9a22\x9b\x0a\xacUY\x04#x\xc0\x05\x17\
\x5c@cc#\x8a\x92\xffmc\xf9\xe68\x0e\xfb\xf7\
\xef\xe7\xbe\xfb\xee\xf3\xf4\xe6\xc4R4\x91\xb6x\xdb#\
\xc3\xa8U\x09\xd6F\x02Y'\xaf\x00&\xd3\x09\x0e\xc7\
F\x19M\x15\xbf\x95\xc5\xb1m\x06w\x1fd\xe7\xe3O\
\x93\x9c\xf2~+\x8d\xea\xd3Y\xfb\x89\x1b\xa8\xef,|\
\xeb\xe0\xbb\xb5]\xbc\x96\xc8\xbcZ\xa4l\xd7L\x9e\x8e\
$\xa1\x07\xfdT\xb7\xcf\xa7e]\x97\xa8\xf0\x12\x5c\xa1\
\xca2\xb5z\x90F\xe3\xec\x09ZUU\xb9\xe2\x8a+\
\xf8\xd2\x97\xbeD4\x1a-\xf9$\x96m\xdb\xec\xde\xbd\
\x9b\xcf\x7f\xfe\xf3<\xf4\xd0C\x22\x89%\xcc\x09\x8a\xee\
C\x113\xb0\x04A\x10\x0a%\xe3\x5c\xd3l\xce\xfaE\
\x02\xabDUTT\xb0a\xc3\x06\xdez\xeb-\x86\x86\
\x86\xdc\x0e\xe7\x9c\x86\x86\x86\xf8\xf5\xaf\x7f\xcd-\xb7\xdc\
\xc2\xe2\xc5\x8b\xdd\x0e\xa7,\x98\x8e\xc3p\xca\xe4H\xd2\
\xfd\xd6L\x09\xa8P\x15\x96\x04\xfd9%\xb0z\xe2c\
\x1c\x88\x0d\xe7+\xacY\x89\x1d\x9d\xa0\xfb\x8579\xfc\
\xf2vW\x8e?\x1b\x92,\xb1\xf0\xe25t\x5c\xb1\x01\
#\x12*\xfa\xf1+\xe7\xcf\xa3~Y\x1b#\x07zH\
\x8c\xe7~\xa1\xabh*\xfe\xca\x08\xcbo\xdc\xcc\xdaO\
\xdc\xc0\xf6G\x9f\xa4\xf7\xb5]X)\xf7\x9f\xdb\xc2\xdc\
\x12\xd5\x82\xcc\x0fV\xa3\xc9\xe7\xbe9$\xcb2w\xde\
y'\xdd\xdd\xdd|\xfb\xdb\xdffbb\x02\xc7\xa5\xc5\
\x13\xf9\xe08\x0e\xdd\xdd\xdd\xfc\xf5_\xff5\x13\x13\x13\
\xdcv\xdbm\x04\x02\x01\xd7\xe2\xd14\xed\x8c\xdb\x11-\
\xc7>\xe7\x92\x0fI\x92\x90\x91rji?.\x9dN\
\x93N\xa7\x0b\xfe\xfd\xf5\xf9|y\x99\xad\xe603b\
 \xd7p\x1d\xdb\xc2.\xc2\xd7\xed\x96\x99\x19X\xe2f\
\x89 \x08B8\x9fa\xa2\x00\x00 \x00IDAT\
\x81\xac\x022\xda\x9c4\x9bW\xe2\xf3\xb2\x8bE\xf0\x82\
K/\xbd\x94\xc7\x1f\x7f\xbc$\x12X\xc7O\x8c\xff\xfd\
\xdf\xff\x9d\xaf~\xf5\xab%?\xfc\xd6\x0b\xc6M\x8b\xbd\
\xb1\xa4k\x9b\xfaN\xa6\xc9\x12k*\x82\xa89\x5c(\
$\xed4\xbd\xf1Q\x8e\xc4\xc7\xf3\x18Yf\x1c\xcb\xe6\
\xc8\xeb\xbb\xd8\xf1\xd8\x96\x928Q\x0f\xd5F\xd9x\xe7\
M\x04k\xa3\xae\xc5\xb0\xe8\x92\xb5\xf4l\xdd\x91S\x02\
K\x92%\xf4\x80\x9f\x96\x0d\xcb\xb9\xe83\x1f\xa3\xba\xad\
\xe5\xd8_\x94v5\x8bP\xba\xea|a\x16\x9e\xa5}\
\xf0t\xbe\xf4\xa5/\xd1\xd3\xd3\xc3\xcf~\xf6\xb3\xb2\xa8\
\x5c\x1a\x1a\x1a\xe2\x7f\xfc\x8f\xff\xc1\xf8\xf88\x7f\xfd\xd7\
\x7f\x8d\xcf\xe7s%\x8e\xb5k\xd7r\xdbm\xb7\x9dv\
~\xe6\x9e\xc9\x01\x86S\xd3\xd8\xce\x99\x17m\x84T\x1f\
-\x81(\xd5z0\xe7X\xb6m\xdb\xc6\xd6\xad[\x19\
\x1f/\xdc\xfb\x93\xaa\xaa\xdc|\xf3\xcdTU\xe5\xbe$\
#i\xdb\x1c\x8c\xa7\x18\xca\xf1&\xc0\xd1\x03\xfb\x19\xd8\
\xf6&\xf11oo\xbd\xce\x96j\x88-\x84\x82 \x08\
\x05\x94q\xaeI$\xb0\xe6\x88\x0b/\xbc\x90\xc6\xc6F\
v\xec\xd8\x81]\x02\xdb\xd2FFFx\xfc\xf1\xc7\xb9\
\xfd\xf6\xdbioow;\x9c\x927\x91\xb6\xd8\x17\xf3\
F\xfb\xa0.\xcb\xac\x0e\xe7v\xa7\xbe7>\xca\xc1\xd8\
\x88+\x09\xb9\xe1}\x87\xd9\xf3\xbb\x17\x18\xef\x1d,\xfa\
\xb1gK\x92$.\xfc\xcc\xc7\xa8Z\xd0\x88\xac\xb8\x97\
\x08n^\xdbE\xb4\xb5\x91\x91\xfd=YUJ)\x9a\
Jta\x13\x1bn\xbd\x91%\xd7\x5c\x98\xdfvDA\
\xc8B@\xd1i\xf0WP\xe3\x9b]U\xa3\xaa\xaa|\
\xfb\xdb\xdff``\x80-[\xb6\x90Hx\xe3u9\
\x17\x93\x93\x93|\xe5+_ahh\x88\xaf\x7f\xfd\xeb\
h.lj\xbb\xf6\xdak\xb9\xf6\xdakO\xfbwO\
\x0d\xed\xe6\xb9\xe1}\x8c\x99g\xde\xc0k(\x1a\x1b\xa3\
\x0b\xb9\xaea9RN\xb5\xc1\xf0\x9d\xef|\x87\xfd\xfb\
\xf7\x174\x81\x15\x0e\x87\xf9\x9f\xff\xf3\x7f\xe6\xa5J\xdd\
t\x1cvO'\xf8a\xefpN7ev<\xfa\x10\
S\x03\xfde\x9b\xc0Rt\x03E\xcc\xc0\x12\x04A(\
\x94\x8csM\x19]\xd18\x8e\x13\x00:\xb3\x0eGp\
]8\x1cf\xfd\xfa\xf5%3\xcc\xddq\x1c\x8e\x1c9\
\xc2\xf7\xbe\xf7=\xb7C)y)\xdba(e2\x9c\
r\x7f\xa6\x98*I\xb4\x18:5z\xf6\x178\x0e\x0e\
=\xf11\x0e\xc7\x8a\x7f\x92l\xc6\x93\x1cz\xe9-\xf6\
my\xa5\xe8\xc7\xceF\xe7u\x17\xb3\xe8\xd2\xb5h~\
w\xaa\x22\x8eS4\x95\xf9\x1bW\x12i\xa8\x99\xdd'\
J\x12\xa1\xda(\x9b>\xf9\x11n\xfe\xfe\x97Y\xf2~\
\x91\xbc\x12\xbc\xa1\xde\x88\xd0\x1a\xa8\xce*\xd9\x11\x0a\x85\
\xf8\xfe\xf7\xbf\xcf\x9a5k\x5cI\xf6\x14B\x22\x91\xe0\
_\xfe\xe5_\xb8\xe3\x8e;\x88\xc5\xbc5\x17\xb0\xde\x17\
!\xa0\xe8g\xfd\x98\x84e\xd2\x97\x18g09\x99\xf3\
\xf1\x92\xc9d\xc1o\x14\x06\x02\x81\xbcU\xa7k\x92D\
\xa3Oca\x8e\xef\x13\x8eea[V^b\xf2\x22\
\xcd0\x90\xcb\xe4\xe7U\x10\x04\xc1\x83:\x8f\xe5\x9c\xce\
)\xd3w\xbf\x959\x04#x\xc4\xc5\x17_Lcc\
\xa3\xdbadltt\x94\xc7\x1e{Ll$\xcc\xd1\
X:\xcd\x81x\xca\xed0\x00\xd0e\x89\x959V_\
\x0d$&9\x1c\x1b%n\x15\x7f\xe6Q\xcf\xd6\xed\xec\
\xfa\xd5s\x98q\xefWMD\x1aj\xd9\xf4\xe77c\
\x84s\x9b{e\xc6\x93\x1c\xf8\xc3k<\xfbO\xf71\
v\xb8?\xeb\xc7i\xddt\x1e\x95\xcd\xf3\xc8\xf4z\xdf\
\x08\x07\xe9\xba\xee\x12>\xf4\x7f\xbe\xc8\xba?\xfb F\
8X\xf2\xc3\xaf\x85\xf2 IPo\x84\x99\x1f\xc8\xbe\
}\xab\xa1\xa1\x81\x7f\xfe\xe7\x7ff\xe9\xd2\xa5e\xd3&\
\x9fJ\xa5\xf8\xe9O\x7f\xcaO~\xf2\x13R)o\xbc\
\xe7\x00\xd4\xfb\xc2\x04\xd4\xb3'\xb0\x00\x86\x93S\xec\x9d\
\xca}\xccB*\x95\xc2*p\x22'\x9f\x09,\x80\xa0\
\x22\xb36\x92\xdb{\xb3mY8v\xf9&\xb0\x14]\
\x17[\x08\x05A\x10\x0a+\xa3\x9c\x93H`\xcd!\x1b\
7n\xa4\xa5\xa5\xa5$\xb6\x11\xc2L\x15V__\x1f\
\xdf\xfd\xeew\xdd\x0e\xa5\xa4\x8d\x99\x16\x07\xe3I\xb7\xc3\
@\x02\xfc\xb2Lg\xf0\xf4\x83v3u8~\x94\xc3\
\xf1\xe2W_M\x1c\x19\xe2\xc0\xb3\xaf2\xb8k\x7f\xd1\
\x8f=[\x92,q\xe9\xffs\x0b\xe1\xba\xea\x9c+\x96\
\x86\xf6t\xf3\xe2\xff\xfd\x19\xaf\xdd\xf7K\x1e\xfa\xd4W\
y\xee\xdb?aj\xf0\xe8\xac\x1f'T\x17\xa5ae\
\x07\xc1\xea\xca\xb3~\x9c\xaak4\xaf\xed\xe2\xaa/}\
\x8a+\xfe\xf6\x0ej\xdaZf\xb6\x0c\x8a\xdc\x95\xe0\x11\
\xd5z\x88\x16\x7f\x15\xc69\xaaz\xceF\x92$V\xae\
\x5c\xc9?\xfc\xc3?\xd0\xd1\xd1Q\x16\xc9YUU\xb9\
\xfd\xf6\xdb\xb9\xf9\xe6\x9b=UYV\xa5\x07\x09\xab\x06\
\x8at\xf6S\xde13\xc6\x81\xe9a\x12Vn\xd5\xca\
\xa5V\x81\x053\xad\xfdm\x01\x83\xba\x1c\xaa\xa3\xedt\
\xba\xac+\xb0\x14\x9f\xd8B(\x08\x82P`+2\xf9\
\xa0L\xdf\xfd2z0\xc1\xdb\x22\x91\x08k\xd6\xac\xa1\
\xae\xae\xce\xedP2699\xc9\xa3\x8f>\xca\x9e=\
{\xdc\x0e\xa5$%l\x9b\x81\x94\xc9Q\xd3\xfd\xf6A\
]\x96h\x0f\xfa\x08\xaa\xd9'PcV\x8a\xde\xf88\
\xa3\xa9\xe2\xb6\xa8\xd8i\x8b\x03\xcf\xbd\xc6\xde-/c\
\xa7\xbd}\x82.\xc92+oz\x1f\xad\x17\xacB\xc9\
\xe1b\x04`\xa2o\x98\xbdO\xbdD\xff\xb6\xbd\x98\x89\
$c=\x03\xbc\xf6\x93_\xf1\xb3O\x7f\x95\x97\xfe\xed\
a\xe2c\x99\xb7\xdbH\xb2\xcc\xfc\xf3WR5\xbf\xe1\
\xf4\x7f/ID\x176q\xc1\xa7\xff\x0b\xd7\xfc\xfdg\
Xx\xf1j\xf4\x90\x1f\xc9\xc5\xd9]\x82p:\x0dF\
\x05-\x81h\xce9UUU\xd9\xbcy3\x7f\xf37\
\x7f\xc3\xc2\x85\x0b\xf3\x12\x9b[\x0c\xc3\xe0\xee\xbb\xef\xe6\
\xab_\xfd*\xa1P\xc8S\x099Y\x92\xa8\xf5\x85\xce\
\xd9Fh9\x0e\xc3\xc9i\x0e\xe6\xb8\xdd6\x99L\x96\
\x5c\x05\x96\x04\x84T\x995\x15\xd9Wa\xd9\xe94\x8e\
\xe5\xfd\x19\xab\xd9\x12-\x84\x82 \x08\x05\x97Q\xd1T\
\xa6\xb5\xb0\xcbs\x08D\xf0\x08I\x92\xd8\xb4i\x13\xbf\
\xf8\xc5/\xe8\xeb\xebs;\x9c\x8c\xd8\xb6}\xa2\x0a\xeb\
\x7f\xff\xef\xff\xedv8%g\xd4\xb48\x14\xf7\xc6\xf6\
AC\x96Y\x1e\x0a\xe4t\xd1\xd7\x1b\x1b\xa3/>\x8e\
u\x96mR\x85p\xe4\xcd=\xec\xdb\xf22S\x83\xde\
\x1eN+\xc92\xd1\x85M\x9c\x7f\xc7\x87\xd0\x02\xb9U\
\xbaY)\x93#\xaf\xefb\xd7/\x9f\xc5:\x96\x00u\
l\x9b\xe4T\x8c\xd4\xbe\xc3\xbc\xf2\xc3\xc7\xd8\xfb\xe4K\
,\xff\xe0\xe5t^\x7fiFs\xb6\xea;\x17Q\xd3\
\xb1\x80\x81\x9d\xfb1O\xaa\x0a\x0c\xd6T\xd2\xb1\xf9|\
\xban\xb8\x94\xe8\xc2&\xf4P\xc0S\x17\xc0\x82p\x9c\
OVi0\x22\xd4\xe9\xb9\xb5\xe6\x9ex<\x9f\x8f\x9b\
n\xba\x89\x9e\x9e\x1e\xbe\xfb\xdd\xef\xd2\xdb\xdb\x9b\x97\xc7\
-\xa6`0\xc8'?\xf9I\xfe\xe6o\xfe&/[\
\xf1\x0a!\xaa\x07\x09\xa8\x1a\x93\xe9\xb3\xb7\x7f\x8f\x9a\xd3\
\xec\x9b\x1ebix^\xd6\xc7*\xc5\x16B\x98\xa9\xc2\
Z\x1e\x0a\xf0\xcc\xd1IbY$\xa2l\xbb\xdc[\x08\
}\xa2\x85\xb0\x80jkk\x09\xd5\xcf\xc3\xd4tlN\
=g5d\x99\xa8\xaa\xa2\x89\x19\x98\x82\x07\xc5\xe3q\
z{{\x19\x1a\xca\xbd\x05]\xc8,\xe7\x94\xe9+\xb1\
\xa8\xc0*\x13\xeb\xd7\xaf\xa7\xb5\xb5\x95\xd7^{\x8dt\
\xda\xfd\xaa\x9cL\xc4b1\x1ey\xe4\x11\xee\xbc\xf3N\
:;\xc5.\x81\xd9\x185\xd3\x1cJ\xb8?\x8bD\x96\
\xa0RUr\x1a\x12\xeb\x00=\xf1Q\x06\x92\x13\xf9\x0b\
,\x03\xf1\xb1I\xf6?\xb3\x95\xde\xd7v\xe1x|\x83\
\xa7\x1e4\xb8\xe4\xaf>N\xa8\xae:\xe7\x04\xd0\xd0\xee\
\x83\xec\xfa\xd5\x1f\x98\x1azo\xd2\xce\xb1l\xe2c\x13\
$'\xa7\x99\x1c\x18a\xd7\x13\xcf\xd1u\xfd\xa5,\xb9\
\xfa\x024\xff\x99\x13g\xaa\xa1\xd3\xbc\xa6\x93\xde\xd7v\
1\xb4\xe7 \x9a\xdfG\xcb\xbae,\xfb\xc0\xe54\xad\
^\x8a\xbf*,.\x10\x04O\x9bgDh\xf6W\xa1\
\xca\xf9k\xc5\x0f\x87\xc3\xdcu\xd7]\x0c\x0f\x0f\xf3\xe3\
\x1f\xff\xb8\xa4N\x82+**\xb8\xeb\xae\xbb\xf8\xdc\xe7\
>\xe7\xe9%1\xd5z\x08\x7f\x06-\x9fq\xcb<Q\
\xe5[\xa5gW\x8dT\x8c\x16\xc2`0\xff3\x01e\
 \xa2*t\x85\xfc\xbc2>=\xeb\xcfw\xd2VI\
l\xb9\xce\x86$I\xc7f`\x95\xc6\x08\x8eRt\xf1\
\xc5\x17s\xd5'\xfe\x1b\xfd\xd5u\x1c~\xd7\xdc\xd6*\
]ece\x88\x95!\xbfK\xd1\x09\xc2\x99\xed\xdd\xbb\
\x97\xef~\xf7\xbb<\xfa\xe8\xa3n\x87R\x0e2\xca9\
\x9d\xf3J\xc1q\x9c\x16\xa0:\xe7p\x04O\xa8\xa8\xa8\
`\xd5\xaaU<\xf7\xdcs\x1c9r\xc4\xedp2b\
\xdb6\xfd\xfd\xfd|\xef{\xdf\xe3\x9b\xdf\xfc\xa6\xdb\xe1\
\x94\x8c\x98e3\x904\x193\xdd\xbf#j\xc82\x1d\
A\x03#\x87v\xb0\x91\xe4\x14G\x12\xe3\xc4\xac\x22&\
\xe4\x1c8\xf8\xdc\xeb\x1c\xf8\xc3\xab\xa4\xa6\xcf\xbc\x82\xdd\
\x0bT\xc3\xc7\x8a\x1b\xaf\xa0e\xfd\x8a\x9c\xe7^M\x0f\
\x8fq\xe0\xb9\xd79\xfc\xca\xf6\xb3&\xedl\xcbbj\
\xf0(\xb1\xa3\xe3\x8c\xf7\x0c\xf2\xf6\x93/\xd2u\xdd%\
,\xbad\xed\x19\x13YMk:\xa9yz+\xb2\xa6\
\xd0y\xcdE,\xb8`\x15\x15\x8d\xb59W\x8c\x09B\
14\xf9+i\xf2\x9f}\x8e[6\xea\xea\xea\xb8\xe7\
\x9e{\x18\x1f\x1f\xe7\xe1\x87\x1ff||<\xef\xc7\xc8\
\xb7h4\xca\x9dw\xde\xc9=\xf7\xdc\xc3\xbcy\xd9W\
,\x15CT\x0f\x9c\xb3\x85\x10\xc0v\x1cFS\xd3\xec\
\x9f\x1eb\xad\xbe \xabc\x15\xa3\x850\x18\x0c\x16d\
\xf8\xbfO\x96X[\x11d\xebD\x0cg\x96\x95\xdb\xb6\
\x95\xc6)\xd3\x19X\xb2\xa6\xa3h\x1a\xd29\xe6\xa8\x09\
\xd9\x8bD\x22\xac\xe9h\xa3\xb7\xae\x91\xe9\xd1\xa9S:\
\x07|\x8a\x8c\x1c\x09\xd2^_%\xc6a\x0a\x9e\x93J\
\xa5\x08\x87\xc3n\x87Q.\xaa\x1d\xc7i\x91$\xe9\xf0\
\xd9>(\x93W\xe2ey\x0aH\xf0\x00Y\x96\xd9\xb0\
a\x03\x0b\x16dwb\xe6\x96d2\xc9C\x0f=\xc4\
\xae]\xbbf}R5W\x8d\x99\x16\xbd\x89\x14\x96\x07\
\xfe\xbd\x02\x8aLg8\xb7;g\x87\xe3G\xe9OL\
\x14\xb5\x1dr\xe8\xedC\xec{\xfa\x15F\xbb\xbd\xddr\
+\xab*\xf5K\x17\xb2\xfac\xef\xcf\xa8\x95\xefll\
\xcb\xa6\xf7\xb5\x9d\xec\xfe\xcd\xf3\x19'\xed\xec\xb4\xc5D\
\xdf\x10\xdd\x7f|\x93\xe7\xbe\xf3S~\xf7\x95\xefq\xf0\
\xf9\xd7Oi\x13<.P]\xc9\xda[\xaeg\xf3\x17\
n\xa7\xeb\x86\xcb\xa8^\xd4,\x92WBI\xa8\xd2\x02\
4\xfa+\x09\xab\x85y\xbe\xb6\xb6\xb6r\xcf=\xf7p\
\xf9\xe5\x97\xe3\xf7{\xbb\xd2\xa0\xae\xae\x8eO}\xeaS\
|\xe63\x9f)\x89\xed\xc6!\xd5GH\xf5\xa1f\x90\
\x80\x187\x13\xbc=5\x98u\xabz1Z\x08\xfd~\
\x7fA\x12X\x8a$\xd1\xe0\xd3\x99o\xcc~A\x81\x9d\
\xb6\xca6\x81\xa5\xfa|\xc8b\x80{\xc1\x05\x15\x99f\
\x9fN\x8dvj}E\xd2\xb2\x19\xf4\xc8<WA\x10\
\x0a\xee\x9c\xb9'\x91\xc0\x9a\x83V\xaf^M[[\x1b\
j\x09\xb5\xea\x1c\xaf\xc2\xba\xf7\xde{E\x02+CG\
\xd3iz\x93\xa6\xdba\xa0J\x125\xbaF\x83\x9e\xfd\
\xc6.\xd3\xb68\x1c\x1f\xe5hj\xf6m\x0dY\x1f3\
\x96`\xdf\x96\x97\xe8\xd9\xba\x03+\xe5\xfe\xbf\xe3\x99H\
\x92D\xb0\xba\x82\xf5\xb7\xfe\x09\x91\x86\xdc[x\x86\xf7\
\x1eb\xef\x93/1vh\xf6I;+e2\xda\xdd\
\xc7\xdbO\xbe\xc4\xb3\xff\xf8#\x9e\xfe\xc6\x0f9\xfc\xf2\
6\xcc\xf8;sgdE\xa6v\xf1\x02\x1aV\xb4\xe3\
\xaf\x0a\xe7\x5c-&\x08\xc5\xd2\xe4\xaf\xa4\xc9\xa8D.\
\xd0|6Y\x96Y\xbe|9\xf7\xdcs\x0f\x17]t\
\x91\xa76\xf9\x9d\xac\xb1\xb1\x91\xbb\xef\xbe\x9bO~\xf2\
\x93477\xbb\x1dNF\x14I\xa6R\xf3\xe3W\xce\
\xfdoj\xdai\x06\x93\x93\xf4'\xb2kW/\xc5-\
\x84'3d\x895\x91\xd9\xb7O\xdaV\x1a\xbbLg\
`\xa9\x86\x98\x7fU\x0c\x120\xdf\xaf\xd3\xe2?\xf5|\
\xd1\x01\xc6M\x8bCq\xf7Gb\x08\x82Pp\xe7\xcc\
=e\xf2j,\x12Xe\xa6\xaa\xaa\x8a\x15+V\xb0\
e\xcb\x16zzz\xdc\x0e'c\xa6i\xf2\xc0\x03\x0f\
p\xc7\x1dw\xd0\xd9\xd9Y\xb0\x93\xb7r\x90\xb4\x1d\x86\
S&\xa3\x1e\xb8[\xe5Wd\x16\xfa}\xe89$*\
\xfa\x12\xe3\xf4'&H\xda\xc5\xfbz\xba_x\x93\xfd\
\xcfl%v\xd4\xdb\xad<\xbep\x90\xae\x0f\x5c\xc6\xfc\
\xf3\x97C\x8e\x17\xd6\x89\x89)\x0e>\xf7:\xdd/\xbc\
ybp{6\xccX\x82\xc1\xdd\x07\x19\xef\x1ddp\
\xd7\x01Z\xd6/\xa7c\xf3\x06j:\x16\xa0\x1a:\xb2\
R\x1asD$YB\x0f\x06Pt\xef\x5c\xb8$'\
c3\xdf\x1b\xaf&\xf2%\x09\xcd\xd0s\xae\xaa\xd3\x82\
\x86\xa7\x92\x9b\x9a\xac\xd0\x14\xa8\xa4\xd6\x97\x9f\xe1\xedg\
<\x8e\xa6\xb1q\xe3F\xee\xbe\xfbn\xa6\xa6\xa6x\xf1\
\xc5\x17=5W\xa8\xa5\xa5\x85;\xee\xb8\x83[o\xbd\
\xb5d\x92W\xc7\xcd\x0cr\xf71\x99~oe\xe8\xc9\
f.\x96\x13\xec\x99\x1a\xcc\xaa]\xb4\x14\xb7\x10\x9eL\
\x91$:C~~?2\xc1\xc4,\xb6\xee:\x96U\
\xb6[\x08U\x9f!\x12XE\x12\xd5TZ\x0c\x9d=\
\xd3\x09&Oz\xfeMZ\x16\x07\xe2IVEr[\
\x06$\x08\x82\xe7\xe5%\x81\xd5\x95\x87@\x04\x0f\x91e\
\x99\xb5k\xd7\xb2p\xe1\xc2\x92J`9\x8eC__\
\x1f\xf7\xde{/_\xff\xfa\xd7\xf1\xf9rk\x95*g\
cf\x9a\xfe\xa4I\xda\x03\x17\xb9\x01E\xa6#\x90\xdb\
\xf7\xea`l\x84\xa1\xe4T\x9e\x22:\xb7\xd1\xee#\xec\
\xf9\xdd\x0b\x0c\xef=\xec\xe9\xc1\xed\x9a\xdfG\xf3\xdaN\
V\xdcx\xc5Y\x87\xa7g\xc2q\x1c\x8e\xbc\xbe\x9b}\
[^\xce[\xd2.9\x15\xa3\xef\xad\xb7\x19\xef\x1d\xa4\
\xef\xad\xb7i^\xb3\x94E\x97\xae\xa3\xa6}>\xaa/\
\xfb\x8a\xbcb\xd1\x83~\xce\xfb\xc8\xfb\x98\xb7\xbc\xc3\xed\
PNx\xe5\xff{\x94\x81\x1d\xfb=[\x15\xa8h*\
\xad\x17\xae\xa6\xf3\xda\x8bsz\x9c\xca\x96y\xe8\xa1\xec\
\x86h\x17B\xbd/L\x93Q\x89/\x83\x0a\x9e\x5c\xf9\
\xfd~6o\xde\xcc\xe8\xe8(\xb1X\x8c7\xdex\xa3\
\xe0\xc7\xcc\xc4\x82\x05\x0b\xb8\xf5\xd6[\xb9\xf5\xd6[i\
iiq;\x9cY\xab\xd2\x83\x19\xcd\xc1\x02\x98N'\
\xd9?=\xc4\xa6\xe8B\x8cY~\xcfK=\x81%1\
3\xcc}Y\xd8\xcf\x8bcS\xd8\x19\x9eF\xd8V\xba\
l\xb7\x10\x8a\x04V\xf1\xa8\x92D\xb3\xa1\xd3d\xe8\xec\
\x9azg\x8cA\xd2\x9e\x99\xeb:\x91\xb6\xa8\x10\xc3\xf4\
\x05\xa1\x9c\x9d3\xf7$\x12Xs\xd4\xca\x95+\xe9\xe8\
\xe8\xe0\x85\x17^\xc04\xbdy!t:\xb6m\xf3\xc0\
\x03\x0fp\xdbm\xb7\xb1b\xc5\x0a\x94\x12\xa9\xe4(\xb6\
\x113\xcd\x11\x0f\xb4\x0fj\xb2D\xad\xaeQ\xef\xcb\xfe\
\xa2o2\x9d\xa0'6\xca\xa4y\xf6\xf5\xe7\xf9\x92N\
\x9a\xbc\xfd\xfb\x17\xe9\xdd\xba\xe3\x94\xd67\xaf\x91\x15\x85\
\xaa\x05\x0d\xac\xfe\xd8\xb5T4\xd5\xe5\xfcx\xa3\xddG\
\xd8\xbb\xe5e\x86\xf6\x1c\xcc=\xb8w\x89\x1d\x1d'6\
:\xce\xc8\xfe\x1e\xfa\xb7\xed\xa5y\xddr\x16^\xb4\x8a\
\xe8\xc2f\x14\xcd\xbb\x17\x05\x8a\xae\xd1\xb0r1\xed\x97\
op;\x94\x13v\xfd\xfa9\x86v\x1d\xc4\xab\x97\x89\
\xb2\x22\x13mm\xa4\xe3\x8a\xf3\xdd\x0e%o$`A\
\xa0\x9a\x06\xa3\xa2hw\xfe+++\xb9\xfe\xfa\xeb9\
z\xf4(SSS\xec\xdb\xb7\xafHG~/I\x92\
X\xb8p!\xb7\xddv\x1b\x9f\xf8\xc4'J2y\x05\
\x10\xd5\x02\x043L`\xa5\x1d\x9b\x91\xe44\x87\xe2G\
Y\x1c\xaa\xcf\xf8\x18\x8e\xe3\x90J\xa5\x8a\xd2B\x98\xef\
-\x84'S$\x89\x0d\x15A^\x9b\x88\x91\xc8\xb0\xaa\
\xcaN[\xd8e=\x03\xcb\xbb\xefU\xe5\xa6^\xd7h\
\xf5\xfb\xd8\x1fK\x92:\xf6\xb3d;0\x99\xb6\xe8I\
\xa4\xa8\x10\xdb\x08\x05\xa1\x9c\x9d3\xf7t\xd6\xdb7\x8e\
\xe3,\x00\xc4X\xfd2TSS\xc3\xf2\xe5\xcb=\xbf\
9\xe8t\xfa\xfb\xfb\xf9\xc1\x0f~@<\xee\xed\xadp\
n1\x1d\x87\xe1T\x9a\x91\x94\xfb\xed\x83\x01E\xa6\xd5\
\xef\xc3\x97\xc3\x9d\xe2\xc3\xb1Q\x06\x93S\xa4\xb3\x1c\xa8\
;[=[w\xb0\xef\xe9\xadL\x0d\x1d-\xca\xf1\xb2\
\x15\xaa\x8b\xb2\xfcO\xae\xa0iug\xce\x8fe\xc6\x93\
\x1c|\xfeu\x0e\xbd\xf0\xe6i\x07\xaf\xe7\x85\x03\xb1\x91\
1\x0e>\xff\x06\xaf\xff\xf4W\xfc\xf1\xbb\x0f\xf0\xe6\x83\
\xbfed\x7fO\xd9^\xf4\x08\xe5\xa1R\x0f0?P\
ED+\xee\xb2\x81\xfa\xfaz>\xf2\x91\x8f\xf0\xd1\x8f\
~\x94\xa6\xa6\xa6\xa2\x1e\xfb8I\x92hkk\xe3\x8e\
;\xee\xe0\x96[n)\xb9\x050'\x0bk>B\x9a\
\x0f%\xc3MrS\xe9$;'\xfagu\x8ct:\
M:\x9d.\xf8\xac\xceBV`\xc1L\xd2\xb6\xd1\xa7\
3\xdf\xef\xcbx\xe6\xdbL\x05\x96w+\x96s\xa1\x18\
\x06\x8aH`\x15\x8d_\x91i6\xde{\xf3s\xfaX\
\x1b\xa1 \x08e-\xec8N\xeb\xd9>\xe0\x5c\xef~\
\xb9_\x19\x09\x9e$I\x12\xabV\xad\xa2\xbd\xbd\xdd\xed\
P\xb2\xf2\xe0\x83\x0f\xb2s\xe7N\xd2i\xf7\x934^\
3\x91\xb6\x18L\x99$=p\x22\x19R\x14\xdarh\
\x1f\xb4q80=\xcc\xa8Y\x9c\xe1\xed\x93\x03#\xec\
\xfa\xd5\xb3\x0c\xef=\x84\xed\xe1Y\x1e\xfe\xca0m\x97\
\xaec\xc9U\x17\xe4e>S\xff\xb6\xb7\xd9\xff\xf4V\
&\xfa\x86\xf3\x10\xdd\xd99\x8e\xc3\xe4\xc0\x08{\x9fz\
\x99\xad\xff\xf1\x18/\xfe\xdf\x9f\xb1\xe3\xd1-\x8cv\xf7\
\x95\xed\xc5\x8fP\xda\x16\x04\xa24\xf8+3N|\xe4\
Skk+\x1f\xff\xf8\xc7\xf9\xe0\x07?HUUU\
Q\x8f-I\x12\x1d\x1d\x1d%_yu\x9c*)T\
d8\xc8\x1d a\x9b\x1c\x8a\x1de\xdc\xcc\xfcfY\
1\xaa\xaf\x00\x82\xc1`\xc1\xe7\x80*\x92\xc4\xbaH\x10\
5\xe3\x04V9o!4\xc4\x16\xc2\x22\xab\xd75Z\
\x0d\xfd\x94\xaa\xd7\x84\xedp$\x91\x22\xee\xe1\xf33A\
\x10\xf2b\xe9\xd9\xfeR$\xb0\xe6\xb0e\xcb\x96\xb1d\
\xc9\x12\xcfn::\x9b\xde\xde^\xee\xbb\xef>&'\
'\xdd\x0e\xc5s\x86Ri\xfa=0\x1fg\xa6}P\
\xa5^\xcf\xfe\xf95\x96\x8a\xd1\x97\x98 \x96.\xfc\xd7\
c\xa7-\xf6\xfe\xfeEz\xb6\xee 5\x15+\xf8\xf1\
\xb2\xa5\x1a:\xf3\x96w\xb0\xfc\xc6\xcd\x04\xaa+r~\
\xbc\xc9\xfea\xde\xfe\xfd\x8b\xf4o\xdfW\xd4\x04\x92c\
\xdb\x8c\xf7\x0e\xb2\xfb\x89\xe7y\xe9\xdf\x1f\xe1\xe5\x1f<\
\xc2\xee'\x9eg\xbcwpf\x8a\xb2 x\x80\xa1h\
\xb4\x06\xaa\xa9\xd6\x83\xae\xc5\xb0t\xe9R\xfe\xec\xcf\xfe\
\x8c\xf7\xbf\xff\xfd\x04\x83\xc5\x89C\x92$\x96,Y\xc2\
\xed\xb7\xdf^\x16\xc9\xab\xe3\xaa\xb4\x00A5\xb3\x9b*\
\xb6\xe30n\xc6\xd97=\x94\xf1\xe3'\x12\x89\xa2$\
\xb0\x0a]\x81u\xdc\xe2\xa0ATS\xcey\xb1\xe0\xd8\
\xf6\xcc\x10w\x0f\xcc\xdd,\x04\xd1BX|\x11U\xa1\
\xd9\xd0\x89\x9c4\xef\xcar\x1c\xc6L\x8b>\x0f\x9c\xe3\
\x0a\x82PPg\xcdA\x9d\xeb=\xe9\xac\xd9/\xa1\xb4\
\xd5\xd6\xd6\xb2l\xd9\xb2\x92l#\x04x\xe0\x81\x07\xd8\
\xb5kWI\xcd\xf0*4\x1b\x18N\x99\x0cy\xa0}\
0\xa8(\xcc7r\xdb>\xd8\x1d;\xca\xa8\x19\xc3)\
BF\xa3\x7f\xdb^v\xff\xe6y&\x07F\x0a~\xac\
lI\x8aL\xb4\xb5\x89e\x1f\xb8\x8c\xba%\xad9?\
\x9e\x9529\xf0\x87\xd7\xe8~\xe1M\x92\x93\xc5\xa9r\
{7;m1\xda\xdd\xc7\x8e\xc7\x9f\xe1\x85\x7f\xfd\x19\
\xaf\xde\xf7\x0b\x0e\xfc\xe1Ub#c\xae\xc4#\x08'\
k\xf2W\xd0\xe4\xaf\xc4'\xbbw\xf1*\xcb2\xabV\
\xad\xe2\x8e;\xee\xe0\xd2K/-\xf8M'I\x92\xe8\
\xec\xec\xe4\xce;\xef,\xab\xe4\x15@\xa5\x16 \xa8d\
^\x15\x1c\xb3LvN\xf6ae\xd8\xc2^\x8c\x01\xee\
P\xbc\x04VH\x91\xe9\x0c\xfaQ\xcf\xf1>n[V\
YW\xd0\xaa>\x03Y\x11\x09\xacbR$\x89z\x9f\
F\x8b\xff\xd4\xb9uq\xdb\xe6@L\xb4\x11\x0aB\x99\
;k\x0e\xea\x5c\xaf\xc6\x22\x81U\xc6$Ib\xc5\x8a\
\x15,Y\xb2\x84\xc3\x87\x0f\xbb\x1d\xce\xac\x1d9r\x84\
\xfb\xef\xbf\x9f\x8e\x8e\x0ejjj\xdc\x0e\xc7\x13\xa6\xd3\
\x16\xc3\xa94\xb1Y\xac\xbe.\x94\x88\xaa\xb0\xc0\x9f\xfd\
\xa69\xdbq\xe8\x8e\x8d01\x8b\xf6\x8dl\xc5G'\
\xd8\xf6\xf3'\x19\xde{\x18\xdb\x03\xffvg\x12\xaa\x8d\
\xb2\xf8}\x9bXt\xc9\x1a\xc8\xc3\x00\xdf\xc1]\x07x\
\xfb\xc9\x97\x18;<\xbb9/\x85`\xa5LF\xf6\x1d\
f\xa2w\x90\xbe7\xf6\xd0z\xd1jZ\xd6uQ\xbb\
\xa4\x15#\x12r;<a\x0eR$\x89\xf6P\x1d5\
>\xf7\x9f\x7f\x9a\xa6q\xfe\xf9\xe7s\xd7]w1>\
>\xce\x1f\xff\xf8\xc7\x82T\xfa\xc8\xb2Lgg'w\
\xdcq\x07\x1f\xfd\xe8Gihh\xc8\xfb1\xdcT\xa5\
\x07\x08\xa9\x99\xbf/\x99v\x9a\x9e\xf8\x18\xc3\xa9)\xea\
}\x91s~|\xb1Z\x08\x8b\x95\xc0\x02X\x15\x09\xf0\
\xfad\x0c\xd3N\x9f\xf1V\x92m\xa5\xcb\xb6}\x10D\
\x05\x96[\xa2\x9aJ\xab\xdf\xc7\xee\xe9\x04\xe6\xb1u\x98\
\x09\xcb\xa6;\x9e$\xed8\x19\xb7\xb7\xba\xe9\xe0\xc1\x83\
\xec\xdb\xb7\x8f\xe9iwn\x12\xe6\x83\xcf\xe7\xe3\xca+\
\xaf\x14\x8b\xb3\x84b\xca)\x81\xb5$\x8f\x81\x08\x1e\xd4\
\xd9\xd9IWW\x17O?\xfdtIV2=\xf8\xe0\
\x83\xdct\xd3Ml\xd8\xb0\x01]\xcf>YR.\x86\
\xcd4C)\xd3\xf5\x0e,U\x92\xa8\xd2\x14\xe6\xf9\xb2\
\xff\x9e\x8c\x991\xfa\x13\x13$\xac\xc2>/m\xcbf\
\xef\x96\x97\xe9\xfe\xa3{UH\x99\xf0\x85\x83\xb4^p\
\x1eK\xdf\x7f\x11\x9a?\xf7a\xd2\xd3\xc3c\xec\xfc\xd5\
\x1f\x18\xd8\xbe\xd7SI;3\x91\xa4o\xdb\xdb\x0c\xef\
?\xcc\xe1\x97\xb7\xb1\xe8\x92\xb54\xaf\xe9\xa4\xba}>\
z\xa0\xb8C\xb4\x85\xb9-\xaa\x07i\xf6W\x11\xca\xb0\
\xe5\xac\xd0\x02\x81\x00\x97]v\x19\xe3\xe3\xe3\x8c\x8f\x8f\
\xb3m\xdb\xb6\xbc>\xfe\xf1\xe4\xd5]w\xdd\xc5\xcd7\
\xdf\x5c\xb2\xd5\xd9g\x13V\x0dB\xea\xcc`r;\x83\
v7\x07\x88\xa5S\xec\x9c\xe8\xa3\xbe\xf6\xdc\x09\xacd\
2Yv\x09\xac\x86cU0Si\x0b\xf3\x0c\xfff\
N:]\x94\xaf\xdb-\xaaa\x88\x04\x96\x0b\x02\x8aL\
\xa3O\xa7V\xd78\x92H\x013\x8b\x8aF\xcc\x99E\
E\xb9l\xb8.\x96\x17^x\x81\x1f\xfc\xe0\x07%Y\
(\x003\xc5\x0e\xd5\xd5\xd5\x5cz\xe9\xa5\x22\x81%\x14\
\xd3YsPg|5v\x1c\xa7\x1a\xc8|w\xb0P\
\x92jkk\xe9\xea\xeab\xde\xbcy%\xf9\xe2\xda\xd3\
\xd3\xc3\x83\x0f>H{{{Y\x9el\xcf\xd6p*\
\xcd\xb0\xe9\x85\xf6\xc1\x99\x93\x0e_\x0e\xed\x83\x07b#\
\x8c\x9b\xf1\x82'\xe3\x86\xdf\xeef\xdb\xc3O254\
Z\xe0#eO\xd15\x1aVt\xd0u\xfd\xa5T4\
\xd5\xe5\xfcx\x96\x99f\xff3\xaf\xd0\xfd\xc77\x88\x8f\
ys\x8e\x9c\x19K\xd0\xb3u\x07\x03;\xf7\xd3\xb4j\
)\xed\x9b70oY;\xd5m\xcd\xa89$F\x05\
!\x13\x12\xd0\x11\xaa\xa3\xce\x17B\xc2;w\xf9+*\
*\xb8\xe6\x9ak\x18\x1b\x1b\xe3\x9b\xdf\xfc&\x07\x0f\x1e\
\xcc\xcb\xe3\xca\xb2LWW\x17w\xdf}7\x1f\xf9\xc8\
G\xa8\xab\xcb\xfdu\xc6\x8btY!\xa2\x19\x18\x8aF\
,\x9d\xca\xe8s\x12V\x9a\x9d\x93\x03l\xaan;g\
+i1[\x08\xa5\x22U\x9f\xc8\x92\xc4\xaap\x80\x03\
\xb1$\xe6\x19nv\xcc\xb4\x10z\xe7FH\xbe\xcd\x0c\
q\x17\x09,7\xd4\xe8*m~\x1f}\x89\xd4\x89\xf3\
\xc1\xb8es \x9e,\x89\x04\xd6\xe8\xe8({\xf7\xee\
e\xdf\xbe}n\x87\x92\x15I\x92\xa8\xaf\xaf/\xeb\x04\
\xb5\xe0I\xf5\x8e\xe3TK\x92t\xda\xb9.g\xbb}\
\xb3\xb8@\x01\x09\x1e\x22I\x12\xcb\x96-c\xd9\xb2e\
n\x87\x92\xb5\xe3\xb3\xb0R\xa9\xccNF\xcbU\xcav\
\x18N\xa5\x197\xdd?\x89\x8c\xa8\x0a\xf3\x8d\xdc\xda\x07\
\x0fN\x0f3\x95.\xec\x9c\x83\xc4\xc44o\xdc\xff\x04\
#\xfb\x0ec{t\xa3\xa5$KT\xcdo`\xc9\xd5\
\x17\xd2\xb4*?]\xddC\xbb\x0f\xb2\xebW\xcf1v\
\xc8\xfd\xd6\xc1s1c\x09\x0e>\xff:O\x7f\xe3\x87\
<\xff\x7f\xfe\x93\xb7\x7f\xff\x22G\x0f\xf4b\x97q\xbb\
\x8a\xe0\xbe\x80\xaa\xb3(XC\x85\xe6w;\x94\xf7\xa8\
\xab\xab\xe3\xc6\x1bo\xe4\x96[n\xc9K\xa2\xe9x\xe5\
\xd5\xa7?\xfdin\xbe\xf9\xe6\xb2M^\x1dW\xa9\x05\
\x08\xcf\xa2\xaa\xcerl\x06\x13\x93\xf4\xc6\xcf=\x97\xaf\
\x18\x15X\x92$\xe1\xf7\xfb\x8bV\x81\x05\xd0\x114\xa8\
\xd6T\x943$\xcd\xect\xba\xccg`\x89\x16B\xb7\
T\xa8\x0a\xad~\x1f\x01\xe5\x9d\xe7{\xd2v8\x18O\
\xba\xdem \x08BA\x9d1\x17%\x12X\x02K\x96\
,a\xf9\xf2\xe5%\xb9\x8d\x10ffa=\xf2\xc8#\
\x0c\x0de\xbe)\xa8\x1c\x8d\x9ai\x86M\x93\xb4\xcb[\
\x80dI\xa2JSi\xcc!\x815\x9e\x8e\xd3W\xe0\
\xf6A\xc7\xb6\xd9\xff\xccV\xf6?\xb3\x95\xa4\x87\xb7\x0e\
\x06\xa2\x15t\x5cq>\xed\x9b7 )\xb9_\xb0\xc4\
G'\xd8\xf6\xc8\x93\x0c\xee:PRI 3\x9ed\
\xff\x1f^\xe5\xf7_\xfdW\xb6\xfe\xe8q\xd2\x89\xb9\x9d\
\xb0\x16\x0aka\xb0\x86z#\x82*y\xb3e\xa2\xa5\
\xa5\x85[n\xb9\x85\x0f\x7f\xf8\xc3D\x22\xe7nm;\
\x13Y\x96Y\xbat)\x7f\xf9\x97\x7f\xc9G>\xf2\x11\
jkk\xf3\x18\xa57Uh~B\xea\xec\xda\x91S\
v\x9am\x13\xbd\xe7\xfc\xb8b$\xb0t]G\xd7\xf5\
\xa2U`\x01\xf8e\x99\xae\x90\x1f\xe3\x0cU\xd5e?\
\x03\xcb\x10\x09,\xb7(\x92D\x8d\xae2\xdf\xffN\xd2\
9e\xdb\x1cI\x9a$\xac\xf2M\x9a\x0a\x82\x90]\x02\
\xab\xa3\x00\x81\x08\x1eT[[KgggI\xb7\xe0\
\x89*,\x18L\xcd\xcc\x04p[P\x91\x99\xe7\xd3\x08\
\xe6\x90l\xd9?=\xcc\xa4\x99(\xe8\xdd\xb5\xd1\xee>\
^\xfd\xd1\xe3\xc4F'\x0ax\x94\xdch~\x1f\xad\x17\
\xacb\xc95\x17bD\x829?\x9e\x952y\xfb\xf7\
/\xd2\xfd\xc2\x9b$&\xa6\xf2\x10a\x919\x0e\xe9\x94\
Ibl\xb2\xa8\x17o\xc2\xdc\xa2J2\x8b\xc3\xf5T\
j\x01\xb7C9\xabE\x8b\x16\xf1\x99\xcf|\x86k\xae\
\xb9\x06\xc3\x98\xfd|8EQX\xbcx1\x9f\xfb\xdc\
\xe7\xb8\xe9\xa6\x9b\xa8\xae\xae.@\x94\xdeS\xa1\xf9g\
\xb5\x89\x10\xc0t,\xf6L\x0e\x92\xb0\xcf~S%\x91\
H\x14\xbc\x85\xb0\x98\xed\x83'[\x16\xf2\x13V\x95\xd3\
6\xd4\xdai\xab\xac[\x8c\x14\xd1B\xe8\xaaJMe\
Q\xc0@>\xf6\xbcw\x80\x98e\xd1\x9b,\xbd\xd9\xbd\
\x82 d\xec\x8c\xb9\xa8\xb3\xbd\x1a\x8b\x04\xd6\x1c\xd2\xd9\
\xd9\xc9\xca\x95+Kr\x0e\x16\xc0\xe0\xe0 \xcf>\xfb\
,\xcb\x96-+\xe9D\x5c\xb6l`(e2\xea\x81\
\xf9W\x15\xaaBs\x8e\xed\x83\xfb\xa6\x86\x98\xb6\x0a\x97\
\x8cLM\xc7y\xe5\x87\x8fr\xf4`\xaf\xa7\x06\x98\x9f\
LV\x14\xe6-kg\xc9\xd5\x17R\xbd\xa8\xf9\xbd\x1f\
\xe08\xd8\x96=s\xe1`\x1d\xfb\xef\xf8\xaf\xd36\xce\
)\xbf\xb7\xb0-\x9b\xa9\xa1\xa3\xbc\xf5\xd0\xef\x9882\
X\xfc/(\x0fdE\xa1zQ3\x17\xfd\xc5\x7fE\
\x13\x03\xdd\x85\x02\xa97\xc24\x1b\x95\xf8\x15oW%\
K\x92DGG\x07\xff\xfd\xbf\xffw\x06\x06\x06x\xee\
\xb9\xe7Hg\xd8\x0a\xad(\x0a\x1d\x1d\x1d|\xf1\x8b_\
\xe4\x86\x1bn\xa0\xa2\xa2\xa2\xc0\xd1zGH\xf5\x11\x9c\
\xc5&B\x98y_\x1a7\xe3\x1c\x9c\x1eai\xf8\xcc\
\xe7\x18\xc5\xd8B\x18\x0c\x06\x8b\xda>x\x5c\x9dO\xa3\
\xd1\xd0\x195-\x92\xef\xfa\x1a\x1d\xcb*\xf3\x16B\x03\
E$\xb0\x5c\x13Pd\x9a\x0d\x9d\xb0\xaa0~\xec<\
7e;\x1c\x88'h\x0fxc\xc9\x86 \x08y'\
\x12X\xc2\xd9utt\xb0r\xe5J\x9ex\xe2\x89\x8c\
O\x80\xdd\xa6i\x1a\xe1p\x98H$Bcc#~\
\xbf\x1f\xc7\xe5\xf69\xb7\xc4,\x8ba3\xcd\xb4\xcb\xe5\
\xd4\x12P\xa9\xaa4\xe60d{\x22\x1d\xe7Hb\xac\
`\xed\x83\x8em\xb3\xff\xd9\xad\xec\xf9\xed\x1f1\xe3\x85\
\x9d\xb1\x95\x0b\x7fU\x98\xf9\x1bWR\xd3\xde\xc2\xd4\xe0\
\xd1\x99!\xb9\x96\x8dm\xcd$\xa7,3Mbb\x9a\
\xc4\xe4\x14\xc9\x89i\x92\x931\x12\xe3S$&\xa6H\
NN\x93\x98\x9c&1>Erb\x8a\xc4d\x8c\xe4\
\xe44\x96\x99\x86\x12\xfd\x19\x91d\x89P]\x15\xe7\xdf\
\xf1!\xaaZ\x1b\xdd\x0eG(S\x12\x12\xcb\x22\x8d\x9e\
\xaf\xbe:NUUV\xacX\xc1\x97\xbf\xfce>\xfd\
\xe9O\xb3}\xfb\xf6s\xbe\x0f\xca\xb2L[[\x1b\x7f\
\xf7w\x7f\xc7u\xd7]G8\x1c.R\xb4\xde\xe0W\
t\x02\xaa\x8e*\xcb\xa4g\x91t1m\x9b\xb7\xc6{\
Y\x12\x9ew\xc6\xb1\xfe\xc5h!t\xab\x02Kb\xa6\
\x0a\xeb@,\xf9\x9e\x04\x96\x95\x16-\x84B\xe1\xcc\x9c\
[*\xb4\xf9}\xbczR\x02\xeb`<\x85\xcd\xd9\xdb\
\x89\x04A(YY%\xb0\xda\x0b\x10\x88\xe0Q55\
5tuu\xd1\xd0\xd0\xe0\xe9*,]\xd7\x09\x06\x83\
\x04\x02\x01\xda\xda\xda\xb8\xec\xb2\xcb\xb8\xf2\xca+Y\xb3\
f\x0d\xc1`\xee-V\xa5j0\x99\xf6D\xf5\x95.\
\xcbT\xeb*\x15Z\xf6sc\xde\x9e\x1ab:\xc3\xed\
P\xd9\x98\xe8\x1f\xe6\xf9\x7f\xb9\x9fT,Q\xb0c\xe4\
\x83Q\x11f\xecP?/\xdc\xfb \x89\x89i\xe2\x13\
\x93\xc7\x12R\xd3$'\xa7IM\xc7\xe7N\xc2V\x02\
_8\xc8\x92k.d\xf1\xfb6\xb9\x1d\x8dP\xc6B\
\xaaN{\xa8\x96\xb0V:w\xf5u]g\xfd\xfa\xf5\
|\xedk_\xe3\xee\xbb\xef\xa6\xb7\xf7\xcc\xb3\x9adY\
f\xd1\xa2E|\xedk_\xe3\xea\xab\xaf\x9e\x93\xef\x9b\
\x12\x10R|\x04\x14\x9d\x09;\xf3\xf7\x01\xcb\xb1\xd85\
5@\xd221\xceP\x9dW\x8c\x04\x96[\x15X\x00\
\x1d\x01\x83\x0aMa<ma\x9f\xf4\xfec[\xe5>\
\xc4\xdd@V\xbd]\x91Y\xee\x22\xaaL{\xd0\xe0\xf5\
\xc9\x18\xb6\xe3\x90v\x1c\x06\x92)&\xd3\x16\x15\xaa7\
g\x15\x0a\x82\x90\x933\xe6\xa2N\x9b\xc0r\x1c\xa7\x11\
\x98[\xb7\xe4\x04\x16/^\xcc\x9a5k<\x95\xc0\x92\
$\x09M\xd30\x0c\x83`0Hgg'\x9b7o\
f\xf3\xe6\xcd\xac[\xb7\xaed\x07\xcf\xe7\xdb\xb0i2\
\xe6\x81\xed\x83\x95\x9aB\x83O\xcbz\xe9\xbc\x83\xc3\xde\
\xa9\xc1\x8c\xd7\x9b\xcfV:\x99\xe2\x8f\xffr?\xe3=\
\x83\x9e?\xd9\x1e\xd9w\x98\x91}\xde\xf9Yt\x93\xaa\
\xeb4\xae\x5c\xcc\xf9\xb7\xdf\xe4v(B\x99\xeb\x8a4\
P\xa5\x05\x91\xb2~\x15s\x87\xdf\xef\xe7\xb2\xcb.\xe3\
\xab_\xfd*\x7f\xf9\x97\x7f\xc9\xf8\xf8\xf8{>F\x96\
e\xe6\xcf\x9f\xcf\xd7\xbf\xfeu\xde\xf7\xbe\xf7\xcd\xc9\xe4\
\xd5q!\xd5GP\xf11af\x9e\xc0r\x80X:\
\xc5\x9e\xe9\x01VD\x9aO\xfb\x0c)\xe7\x19X0\xd3\
\xca\xb5\xc8o0\x94L3}\xd2\xd7\xe9\x94\xf3\x0c,\
I\x9a\xd9B\xa8\x88$\x89\x9b|\xb2L\x83O\xa3Z\
W\x19:6\xfb\xca\xb4\x1d\x0e\xc4\x93\xac\x0a\x97F\xc5\
\xac \x08\xb3\x12v\x1c\xa7Q\x92\xa4#\xef\xfe\x8b3\
U`\xb5\x158 \xc1\x83\xda\xdb\xdbY\xbdz5\x8f\
=\xf6\x98\xab'\x22\xb2,\xa3\xaa\xea\x89j\xab\xe5\xcb\
\x97s\xfd\xf5\xd7s\xc3\x0d7\xd0\xd6&\x9e\x9a\xef6\
3\xff*\xcd\xb8\x07Z?+\xd5\x99\x04V\xb6bV\
\x8a\xbe\xc48I;O_\x8b\xe3\xcct\xcc9\x0e\xb6\
eq\xf0\xf97\xd8\xf9\x8bgKj\xfb\xde\x5c'\xc9\
2U\xad\x8d\x5c\xf4\x17\xff\x15\x9f8I\x15\x0aH\x91\
%\xba\x22\x8d%U}u\xb2P(\xc4\x87>\xf4!\
\x0e\x1f>\xccW\xbe\xf2\x15\x92\xc9wZ\xa4eY\xa6\
\xa5\xa5\x85{\xef\xbd\x97K.\xb9$\xab\xa1\xef\xe5$\
\x9b9X\x00\x96c\xf3\xc6X\x0f\xcb\xc3M\xa7M\x22\
\x95\xf3\x0c\xac\xe3\x96\x06\x0dvL\xc5NI`\x95\xf3\
\x16BU\xf7\xcdT_\x89\xc5!\xae\x0b\xab\x0aK\x82\
\xc6;\x09,\xc7a_,!\x12X\x82P\xbe\xda\x00\
\x91\xc0\x12\xce,\x1a\x8d\xd2\xd9\xd9ISSS\xd1\xab\
\xb0$IBQ\x14TU\xa5\xae\xae\x8e\xcb.\xbb\x8c\
\xeb\xae\xbb\x8e\xcb/\xbf|N\xac\xf5\xce\xc5\x84iq\
\xd4L\x93\xb2\xddm'\x93%\x89*M\xa5N\xcf>\
\x81\xb5\x7fj\x98x:\xb3\xd9W\x8e\xe3\xe0\x1c\x9b\xf9\
u\xa2\x95\xee\xd8\xff\x1d\xc7\xc1q\x1c\xd2\x89\xe4L\xcb\
\xddT\x8c\xe9\xe11\x9e\xfc\x7f\xbf\x8fm\x97\xe7Iv\
\xb9\x0a\xcf\xabf\xed\xc7\xaf\xa3vI\xab\xdb\xa1\x08e\
nQ\xa0\x96z_\x18U*\xddJ\x8bp8\xcc_\
\xfd\xd5_\xd1\xdd\xdd\xcd\xbf\xfd\xdb\xbfa\xdb6\x92$\
%Y\xcd\xd1\x00\x00 \x00IDAT\xd1\xd4\xd4\xc4\
\x0f\x7f\xf8C6m\xda\x84\xaeg?\xa3\xb0\x5c\x84T\
c\xd6\x9b\x08af\x98\xfb\xae\xc9\x01\xe2V\x8a\xa0\xfa\
\xde\xcf/\xe7\x19X\xc7\xb5\xfa}T\xeb\x1a\xc3\xa94\
\xe9c\xef\xb9v\xba|[\x08E\xf5\x95w\x84\x14\x99\
\x8e\x80\xc1\xf3\xa3\x93\xd8\x0e\xa4m\x87\x83\xb1$\x0e\x94\
X\xcd\xac \x08\x19j\x03\x9e}\xf7\x1f\x8a\x04\x96p\
\x8a\xb6\xb66\xd6\xad[W\xd4\x04\x96\xaa\xaa\xb4\xb6\xb6\
r\xf5\xd5Ws\xc3\x0d7p\xc1\x05\x17\xcc\xb9\xa1\xb2\
\xb9\x184M&<\xb0I/\xa2\xca\xd4\xf9449\
\xfb\xd3\x88\xfd\xb1\xe1s\xae)?np\xe7~\x0e<\
\xf7:\xb1\x91\xb1\x99a\xe6\xe3\xc7\x86\x97O\x1c\x1fd\
\x1e\xc3J\x89\x15\xcb\xa5\xcc\x88\x84h\xbbd\x1d]7\
\x5c\xe6v(\xc2\x1c\xb0\xaa\xb2\x99\xd0i\x92\x12\xa5&\
\x14\x0a\xf1\x8do|\x83\x83\x07\x0f\xf2\xfb\xdf\xff\x9e\x86\
\x86\x06\xee\xbf\xff~\xd6\xae]+\xda\xee\x8f\x09\xabz\
V\x15X\x00\xa6m\xb1c\xb2\x8f\xb5\x95\x0b\x90\xdf\x95\
HJ&\x93\x05o!t\xbb\x02K\x96\xa0#\xe0\xe3\
H\x22ub\xf6\xe6\xcc\x92\x11\xf7\xcfC\x0aA\xf5\x1b\
b\x80\xbbG\xa8\x92D\xb5\xa6\xd2h\xe8\xf4\x1c\x1b\xe0\
>\x91\xb6\x18I\x99\xd4\xe4p\xf3T\x10\x04\xcf:m\
N\xeaL\xaf\xc8\x8b\x0a\x18\x88\xe0a\x8b\x16-b\xfd\
\xfa\xf5<\xfc\xf0\xc3\x05=\x8ea\x18tuu\xf1\xfe\
\xf7\xbf\x9fk\xae\xb9\x86\x95+W\xe2\xf7\xfb\x91e\x19\
E\xdc\xe9\x9a\x95\xc1\xa4\xc9\xb8\x07\xe6_U\xa9*\xf3\
r8\x81\xb0\x1c\x9b\x03S#$\xad\xcc\xda\x07\x87\xf6\
t\xf3\xc6\xfdO\x10\x1b\x19\xc7\xc1\x99\x19Pr\xec\xff\
3\xbf\x9c#\x03\xce\xcb\x94\xa2\xab4\x9e\xb7\x98\x8d\x9f\
\xfc0R\x0eIQA\xc8D\xb5/Hk\xb0\xfa\x8c\
\xc3\xb9KM8\x1c\xe6?\xfe\xe3?\xb8\xfd\xf6\xdb\xf9\
\xf2\x97\xbf\xcc\xca\x95+E\xf2\xea$\x01e\xa6\x85P\
\x96\xa4S\x86\x91g\xc2q\xe0\xf5\xb1\x1eVU\xb4 \
\xbf\xabZo.T`\xc1L\x1b\xe1k\x13\xd3\x8c\x1e\
\xbbGT\xceC\xdcU\x9f\x1fY\x11\x09,\xaf\x08(\
2\x1d~\x83\x9e\xf8\xcc\xacT\xcb\x81\x03\xf1\x94H`\
\x09By:mN\xeaL\xaf\xc8\x0b\x0b\x18\x88\xe0a\
\x95\x95\x95tvv2\x7f\xfe|\x0e\x1d:\x94\xd7\xc7\
\x0e\x06\x83\x9cw\xdey\x5c}\xf5\xd5\x5c}\xf5\xd5,\
^\xbc\x18\xc30\xd04\x0dU\xdc\xdd\xca\x8a\x03\x0c\x99\
i&<p\xe7\xb3JW\xa9\xcfa\xfeUO|\x94\
i+\x89Mf\x17\x13\x8a\xae\xa1h\xaa\x98gU\x8e\
$\xa8i\x9f\xcf\x86\xdbo\xc4_\x15q;\x1aa\x0e\
XU\xd1L(\x8b\x962\xaf\x92$\x89\xfa\xfaz~\
\xfa\xd3\x9f\x12\x08\x04\xc4\x8d\xa1w\x91%\x89\xa0:\xb3\
\x89p*\x9d<\xf7'\x9c\xc4\xc1a\xdf\xf4\x10\xe3f\
\x9cj\xdf\xa9\x03\xff\xcb}\x0b\xe1q\xd5\xbaF\xa3\xe1\
c \x95&a\xd9\xd8\xe9t\xd9\xb6\xe7\xab\x86\xa8\xc0\
\xf2\x92\xa0\x22\xd3\x1e\xf4\xf1\xf4\xa8tb\x1b\xe1\x81X\
\x92\xf5\x15sw)\x85 \x94\xb1\xd3\xe6\xa4D\x05\x96\
p\x0aI\x92hmme\xfd\xfa\xf5yI`\xd5\xd4\
\xd4\xb0q\xe3F\xae\xb8\xe2\x0a.\xbe\xf8bZZZ\
\x08\x04\x02\x18\x86!\x92Vyp\xd4L3\x96J\x93\
vy\xfe\x95.KDU\x85H\x0e\xab\x8c\xf7N\x0d\
f\x5c}\x05\xa0\xea\x1a\x9aQ>\x17\x9c\xc2;*\x9b\
\xe7\xb1\xfcO6\xd3\xb0\xa2\xc3\xf5J\x03\xa1\xfc\xf9d\
\x95\xe5\x91&\xfcJy\xcd\x86\x92$I\xb4\xe3\x9fE\
H\xf1\x11R}\xb3N`\x01\xa4m\x9b\x9d\x93\xfdl\
\xd4\x16\xa2\xc9\xef\xbc\xef\x95\xfb\x16\xc2\xe3$f\xda\x08\
\x0f\xc4\x12\xf4\x1fK`\x1d\x9fIYn\xc4\x0c,o\
Q$\x89\xa8\xa6\xd2\xe8\xd3\xe8I\xa4\xb0\x1c\x87\x83\x09\
1\x07K\x10\xcaTf\x15X\x8e\xe3\x84\x80\xfa\x82\x87\
#x\xd6\x82\x05\x0b8\xff\xfc\xf3y\xe8\xa1\x87\xde\x19\
\x8e=\x0b\xad\xad\xad\x5cr\xc9%\x5cq\xc5\x15\xacY\
\xb3\x86\x9a\x9a\x1a\x82\xc1 ~\xbf_$\xad\xf2l0\
\x95f\xd2\x03\x15HU\xaaJ\x8d\xae\xe5t\xf2\xb0o\
j\x98\xd4,\xb6\x0f*>\x0d\xd5/\x12X\xe5\xc6\xa8\
\x08\xb1\xf0\xe25t^{\xb1\xb8\xeb-\x14\xc5\xb2\x8a\
\x06*u\xff{\xe6\x19\xcd\xd6\xf1\xc1\xe9o\xbe\xf9f\
\x9e\x22\x13\x8e\xab\xab\xab\xe3\xa3\x1f\xfd(\x9b7o\xce\
\xdbc\x06U\xdfi\x07\xb1g\xea\xcd\x89\x1e\xd6U-\
@\xe3\x9d\xe4F\xb1\xb6\x10\xba\x9d\xc0\x02h\x0b\x18D\
\xb5i\x06R&\x8ee\xe18e\x9a\xc02\x0c$\xf1\
^\xe4)~Efq\xd0\xa0'\x91\xc2af\x99\xd1\
\x88\x99\xa6F\x13\xdf'A(3\xf5\x8e\xe3\x84$I\
\x9a:\xf9\x0fO\xf7\x93\xdeZ\x9cx\x04\xaf\xaa\xa8\xa8\
8\xd1F\xd8\xdd\xdd\x9d\xd1\xe7\xb4\xb6\xb6r\xf9\xe5\x97\
s\xd5UW\xb1|\xf9r\xa2\xd1(\x91H\x84@ \
\xe0z\xa9{9\x1bL\x9aL\xa6\xdd?i\xac\xd2U\
jsh\x1f\x1cIM3\x94\x9a\xc2\x9a\xc5\x09\xb0\xaa\
\xeb\xa8FyUL\xccu\x8a\xa6\xd2\xbc\xba\x93U7\
_\x85/,\xda\x01\x84\xc2\x93$X]9?/\xd5\
WSSS\xbc\xf2\xca+<\xf5\xd4Sy\x88L8\
\xd9\x82\x05\x0b\xb8\xf8\xe2\x8b\xf3\xfa\x98A\xd5\x97\xd3\xd0\
\xfe\x9e\xd8\x18\xc3\xc9I\x9a\xfcU'\x92\x9f\xc5\x9a\x81\
\xe5\x85\xf3\xaa\x80\x22\xd3b\xe8\xf4$R3-\x84\x1e\
\xb8\x99V\x08\xaa\xe1\x177S<\xc6/\xcf$\xb0\xb6\
\x1c\x9d\xc4v\x1c\xaccm\x84\xd5\x15\xaa\xa8\xc2\x12\x84\
\xf2\xd3\x0al;\xf9\x0fD\x02Kx\x0fY\x96Y\xb0\
`\x01\x1b6l8c\x02K\xd34\x96-[\xc6\xe5\
\x97_\xcee\x97]\xc6\x82\x05\x0b\x88F\xa3D\xa3\xd1\
\x13\xc3\xd8\x85\xc2r\x80a3\xcd\x94\x07N\x1a\xab4\
\x85j-\xfb\x12\xfb}\xd3C$\xadt\x86\xd3\xaff\
(>\xd1BXn\xea:\x17\xb2\xe2\xc3WR\xd9\xd2\
\xe0v(\xc2\x1c1\xdf\x1f\xa5\xd1\xa8@\x91r\x7f\xcf\
r\x1c\x87T*E<\x1e\xcfCd\xc2\xc9\x12\x89\x04\
\xe9t\xe6\x15\xba\x99\x08*zNs\xcfL\xdbb\xf7\
\xe4\x00uF\x04\x9f4s:]\xac-\x84^\xa8\xc0\
\x92\x80\xf6\xa0\xc1\xae\xe9\xc4\xb1!\xee\xee\x9f\x8b\x14\x82\
&Z\x08=\xe7\xddm\x846\xb0?\x9e`\x9d\x98\x83\
%\x08\xe5\xa8\x95\x0c\x12X\x0b\x8a\x12\x8a\xe0i--\
-\x5cx\xe1\x85<\xf8\xe0\x838\x8e\x83$ID\x22\
\x11\xd6\xacY\xc3\xc6\x8d\x1b\xd9\xb4i\x13---\xd4\
\xd6\xd6RSS\x83\xcf'\x12\x09\xc56aZ\x8c\x9b\
\xee\xcf\xbf\x0a(2QM% g\x7f\x82\xf7\xf6\xe4\
\x00\xa63\xbb\x93_U\xd7PE\x02\xablT\xce\x9f\
\xc7\xd2k.\xa2ym\x17r\x0e\xb3\xd4\x04a6\xd6\
T\xcdT_\xb9\x9f\x0e\x10\x8a-\xa8\xea\x844\x1f\x92\
\x94\xfd\xd2\xda\xb7&z\xd9P\xbd\x10\x9f\xfcN\x02k\
\xaeT`\x014\xfat\xea}\x1a\xaam\x97\xef\x0c,\
1\xc4\xdd\x93\x0c\xf9\x9d6B\xdbq8\x18Kb;\
\xa0\x88\x17sA(7\xef\xc9M\x89\x0a,\xe1\xb4\xc2\
\xe10+V\xac\xe0\x82\x0b.\xa0\xb6\xb6\x96\xf3\xcf?\
\x9fU\xabV\xd1\xd0\xd0p\x22i\xa5\xeb\xa2}\xcbM\
C)\x93)+\xd3\x9d}\x85S\xa9\xa9Tk*r\
\x96'\x0d\x09\xcb\xe4p|\x94\xf4,O\xfaU\x9f\x8e\
&Z\x08\xcb\x82\x11\x09\xb1\xe8\xe2\xb5,~\xdf&\xf4\
\x80\xdf\xedp\x849\xa2B\xf7\xb34\x5c\x8f\xe6\x91d\
\x80P\x5c\xaa\xa4\x10Tt\xfc\x8aF,mf\xf5\x18\
\x03\xc9I\x06\x13\x13\x04\x82:\xaa$\x17m\x0b\xa1\x17\
*\xb0\x00|\xb2\xc4\x02C',\x81S\xe0\xaf\xdb-\
\x8a\xcf@VD\x02\xcbk|\xb2DG\xd0\xe0\xa9\xa3\
\x938\x8e\xc3X\xdab<mQ\xa5)\xe2\x86\x84 \
\x94\x97\xd6w\xff\xc1\xe9^\x91\xe7\x17>\x0e\xc1\xeb\x14\
Ea\xf5\xea\xd5|\xe3\x1b\xdf \x10\x080o\xde<\
\xa2\xd1\xa8X\xc5\xed!\x03)\x93i\x0f\xb4\x0fF5\
\x85h\x0e\x833\x0f\xc7G\x99N\xa7pf\x99\x8aS\
D\x05VY\x90\x15\x85\xe6u]t^w\x09\xc1\xda\
*\xb7\xc3\x11\xe6\x90\x95\x91&\xc2\xaa\x1fI\x5c\xee\xcc\
Y\x01U'\xa4\x1aY'\xb0\xd2\xb6\xcd\x9e\xa9A\x1a\
\xfd\x95\xa8\x8a^\x94\x16B/U`\x01,\x0c\xf8\x88\
\xca\x94o\x0b\xa1a\x88\xaa`\x0fR$\x89\x1aM\xa5\
FS\x19J\x99X\x8eCo\x22E\xa5\xea\xc7#\xf9\
]A\x10\xf2\xe3=\xb9\xa9\xd3\xbd\x03\x8a\x16B\x01\x80\
\xaa\xaa*\xce?\xff|V\xacXAmm\xadH^\
y\xccP*\xcd\xb4\xcb\x03\xdc% \xaa\xa99%\xb0\
\xf6O\x0f\xcfjx\xfbq\xaaOG\x13[\x08K^\
}\xd7\x22:\xaf\xbd\x84\xda\x8e\xf9\x9e\xa9*\x10\xca\x9f\
&+\xac\xa9\x9c\x8f\x9a\x87\xd9WB\xe9\x0a(\xbe\x9c\
\xe6`\x01\xec\x9e\xec'yl\x83\xee\x5c\xab\xc0\x82\x99\
s\x80\x88\x04\xb2\xcb\xe3\x0c\x0aE5D\x05\x96W\xf9\
d\x99\xb6\xc0\xcc\xcf\xaf\xe3@w<\x89\xfb}\x09\x82\
 \xe4YF-\x84\xe7\x15!\x10A\x10r\x10\xb3l\
\x8e\x9aiR.\xaf\xad\xf6+\x0aU\x9a\x8a_\xc9\xfe\
\x22\xf0\xe0\xf40V\x16\x03HT1\xc4\xbd\xe4U4\
\xd5\xb1\xf8\xaa\x0bhY\xbf\x0cE\xcf~\x8b\xa5\x17L\
\xf6\x8f0\xd6\xd3O:\x91,\xe8qb\xc3c\x05\xbf\
@\xce\x85c\xdb\x8c\xf5\x0cp\xe0\x0f\xaf\xe6\xe5\xf1|\
\xe1 \xd5m-\xf8B\x81\xbc<\x1e\x80\x84D{\xa8\
\x96z#|b{\x9c07\xf9e\x8d@\x8e\x1b(\
\x07\x93S\x0c%'\x09\xab\xc6\x9c\x9b\x81\x05\xa0J\x12\
~\x1cT\xbc\xfb\xba\x94\x0b1\x03\xcb\xbb4YbI\
\xc8\xe0\x85\xb1)`&\x81\xe58 \x8aj\x05\xa1\xac\
\xbc'7u\xca+\xb2\xe38:`\x14-\x9cs0\
M\x93\x9e\x9e\x1e\xc6\xc6\xc6\xdc\x0eE\x10<e e\
\xb2gd\x82\xfe\xe4{\xdb\x1e\xfcUU\x04k\xea\x8a\
r\xc2U\xa9)T\xaa\xd9\xcf\x1b\x98N'\x19HN\
bg\x91\x88St]\xb4\x10\x960#\x12\xa4\xfd\xf2\
\x0d\xb4_\xbe\x1e\x7fe\xd8\xedpr6\xb8s?;\
\x1e\x7f\x9a\xa9\xa1\xa3\x05=\xcehw\x1fv\xda\xbb\xad\
:\x96i\xd1\xfb\xda.&\xfb\x86\xf2\xf2x\xd5\x8bZ\
X\xf7g\x1f\xcck\x02K\x91%6T-@\x95D\
U\xf1\x5cg(*\x015\xb7\x04\x96i[\xec\x9f\x1a\
f\x9e\x16\xc64\xcd9W\x81\x05\xa0\xd9\x16j\xb6\x93\
\xf0=N\xf5\x19H\xa2\x03\xc1\x93TI\xa2\xd1\xa7\x13\
V\x15&\xd3\x16\xfd)\x93\x84m\xa3\xcab\x0e\x96 \
\x94\x11\xc3q\x1c]\x92\xa4\xd4\xf1?x\xf7\x15nK\
\x91\x03:\xab\xc9\xc9I\xee\xbf\xff~\x9e\x7f\xfey\xb7\
C\x11\x04O\x99L[\x0c\xa6L\x12\xa7)\xd9_x\
\xd1\xa5,\xbd\xfe\x83\xf8\xc2\x91\x82\xc7\x11\xd5\x14*\xb3\
l\x1ft\x80\x9e\xf8\x18q\xcb\xcc\xaa\xe0[\xd5g*\
\xb0$I\xc2)\xd3\x13\xe7r\xa5h*\x0b6\x9e\xc7\
\xd2\xf7_DES\xbd\xdb\xe1\xe4\xc5\xf4\xc8\x18\x03\xbb\
\x0e0\xde3\xe0v(\xaerl\x9b\xa9\x81\x11\xa6\x06\
F\xf2\xf2x\xb6\xed`\xc6\x13yy,\x00Y\x92\xa8\
\xf7Eh\x0b\xd5\x89\xea+\x01C\xd1\xf0\xe7X\x81\x05\
\xb0{j\x80e\xfe\xba\x82\xcf\xbf\x92$\x09\xbf\xdf\xef\
\xb9\x04\x96dYH\x1e\xae\x0c\xcd\x85\xea\x13\x15X^\
%\x01AE\xa6\xd5\xef\xe3\xad\xc9\x18q\xcbf(e\
\x12Td\xcf\xfd\x8c\x08\x82\x90\x93\x16`\xdf\xf1\xdf\xbc\
\xfb\x15\xb9\xb9\xb8\xb1\x9c]\x22\x91\xe0\xe5\x97_\xe6\xd1\
G\x1fu;\x14A(\x19\xa1\xda::\xae\xba\xb6(\
\xc7\x8aj*\x95Z\xb6w&\x1d\xf6O\x0fcg\x99\
|\x92\x14\x19\xc5\xa7!k*V*\xbb\x01\xbc\x82\x0b\
$\x98\xb7\xa2\x83\xae\x1b.\xa5v\xf1\x02\xa4l\xd7W\
\x0aB\x16\x14IfUes\xcemcBy0\x14\
\x8d\x80\xa2!AN\x93s\xfa\x13\x13\xf4M\x1c\xc5\xb4\
\xd2\xf9\x0a\xed\xb4t]G\xd34\xcf]\x9c\xa7\xd3\xe9\
\x82'\xef\xdc\x22f`y\x9b\x22I,\x09\x1a\xbc5\
\x19\x03\xe0p\x22E\x8b\xdfw\xda!\xcf\x82 \x94\xac\
fNJ`\xbd\xfb\xe7\xdbS\x09,A\x10\xbc\xcb'\
\xcbTj*\x81,gq\xd8\xceL\x02k\xb6\xdb\x07\
Ov\xbc\x0aK(\x1d\xd1\x05\x8d,\xbb\xfeR\x1aW\
--\xf9\xb9WBi\x91\x90\x08\xa9>VT4\xb9\
\x1d\x8a\xe0\x11\xaa\xa4\xe0W449\xb7\x161\xd3\xb6\
\xd87\xd6O,\x9d:\xf7\x07\xe7 \x18\x0czj\xfe\
\xd5qe\x9f\xc0\x12\x15X\x9e\xa5J\x12\x0b\xfd>\xb4\
c7\xc3\x0e%\xcc\xac\xe6\xaa\x0a\x82\xe0i\xa7\xe4\xa8\
D\x02K\x10\x84\xacTh\x0a\x15\xaa\x82\x92\xc5\x9d`\
\x07\x98\xb6\x92\xf4'&\xb2\xae\xc0\x02Pt\x0d-\xe0\
\x99\xb1}\xc29\xf8+\xc3,\xb9\xe6BZ/\x5c\x85\
\x11\x09\xba\x1d\x8e0\xc7\xa8\xb2L{\xa8\x96j]<\
\xf7\x84\x19\x12\xf9k#|{\xb4\x8f\x98Y\xd8%\x0e\
\x81@\xc0s\xd5W0\x93\xc0\xf2\xf2r\x89\x5c\xcc$\
\xb0\xc4\x0c,\xaf\x92\x80JM\xa5\xee\xd8\x0d\xb1\xdeD\
\x0aK\xe4\xaf\x04\xa1\xdc\x9c5\x81%nK\x0a\x82\x90\
\x91jM\xa52\xcb\x93:\xc7q\xe8\x8d\x8f\x91\xb4s\
k\xfdS\xc4&\xc2\x92\xa1\xfat\x16]\xb2\x96\xc5W\
n\x22<\xaf\xc6\xedp\x849\xc8\x905\xd6V.@\
\x12\xe3}\x85\x93\x18\xb2F0\xc7A\xee\x00G&\x8e\
\x92L\x17\xb6\x9d\xdd\x8b\x03\xdc\xa1|+\xb0$YF\
\xd5u\xa4\x1c+\xf4\x84\xc2R$h\x0f\x18H\xc0\xa8\
\x99f\xda\xb2sj\x09\x16\x04\xc1sN\xc9Q\x89\x0a\
,A\x10\xb2R\xad\xa9D\xb2\x1c\xe0n\xe3\xb0oz\
\x98\x5c\xab\xbcUMC\xf5\x97o\x02KVd\xf4\x80\
A\xa0\xba\x82`M\x15Z\x89~\xad\x92,\xd3\xb8j\
)\xcb\xff\xe4\x0a\xa2\x0b\xc5}\x12\xa1\xf8TI\xa6\xc1\
\x88\xb0 \x10u;\x14\xc1c|\x8a\x9a\x97\x99h\xf1\
DbNn \x84\xf2M`)\xba\x8e\xaczo\xe6\
\x98p*\x19\x89\x8e\x80\x81$IX\x8e\xc3`J\xb4\
\x11\x0aB\x999%G\xf5\xee\xab\xcf\xc6\x22\x06\x22\x08\
B\x89R$\x89JM!\xa4d7\x8b\xc3rl\xf6\
O\xe56\xff\x0a\x8e\xb5\x10\x1a\xa5;\x8cYV\x15T\
\x9f\x8e\xe67\xd0\xfc>TCG\xd5uTCG\x0b\
\x18\xf8B\x01\x8c\x8a\x10\xbe`\x80\x89\xfea\xba\xff\xf8\
\x06f\xbc\xb0-*\x85\x10]\xd8\xc4\xaa\x9b\xaf\xa6\xbe\
k\xa1h\xc5\x10\x5ca(\x1a\xab+[r\x9eu$\
\x94\x1fC\xd6\xf2\x92\xc0\xb2L\xb3\xe0\x1bqE\x02\xab\
\xb8T\x9f\x18\xe0^\x0ad\x09Z\xfc\x1a\x01Ef*\
m\xd1\x970i\x0f\xf8P=\xf8\xb3\x22\x08BVN\
\xc9Q\x89\x04\x96 \x08\xb3\x16Td\x22\xaa\x82\x96\xd5\
\xfc+\x87\x98\x95\xa2?1\x9es\x1c\x8aOC\xf3{\
s\x06\x96\xa4\xc8\xa8\xba\x86j\xf8\xd0\x0c\x1dE\xd3P\
tm&9e\xcc$\xab4\xbf\x81\xbf*B\xb0\xba\
\x82@u%\xfe\xca0F$4\xf3g5\x95\x18\x91\
\x10\xb2\x223v\xb8\x9fW\x7f\xf2+\x92\x93\xd3n\x7f\
Y\xb3\xe6\xaf\x8a\xb0\xf2\xa6+i^\xdb\xe9\xd9\xef\x95\
P\xde\x14I&\xaa\x07Y\x1a\x99\xe7v(\x82\x07\x19\
\x8aFP\xcd\xbd\xba\xd5J\x998s\xb4\x02\xcb4\xcd\
\xb2L`i~?\x92\x22\x92\xde\xa5\xc0/+4\x1b\
:{\xa6\xe3\xf4%\xc5\x1c,A(3gM`5\
\x141\x10A\x10JT\x95\xa6\x12\xca\xf2\xa4\xce>6\
\xff*e\xe7~\xb2\xabj\xee\xcc\xc0\x92\x14\x19E\xd3\
P\xf5cI)\xdf\xb1\xff\xeb\x1a\x8aO\x9f\xd9\x8e\xe8\
\xf7aT\x84\x09\xd6T\x9eHF\x9d\xfc\xfb@\xb4\x02\
ES\xe1\x1c\x17#\xf1\xb1I\xf6ny\x85=O<\
\x8fe\x16vE{\xbei\x86\x8f\xc5\xef\xdbD\xdb\xe5\
\xeb\xf1WE\xdc\x0eG\x98\xa3\x0cEeYE\x03a\
\xb5\xf0\x09TEQP\x8b\xb8\xb1\xcc\xb6\xed\xb2\x1d\x9e\
],>Y%\x98\x87\x0a\xact\xd2\xc4\xb1\xe7n\x05\
V9>\x0fU\xbf_l ,\x11\x92\x04\x8b\x03\x06\
{\xa7\x13\xf4%M\xd2\xa2\x85P\x10\xca\xc9)9\xaa\
\x13\xaf\xca\x8e\xe3\xd4\xf3\xde\x84\x96 \x08\xc2{D5\
\x95P\x96\xad`\x96\xe3\xd0\x13\x1f\xcdK\x1c\x8a^\x80\
\x19X\x92\x84\xac*(\xaa\x8a\xa2)'*\xa7f\xfe\
SQt\x0d=\xe8'PUA\xa0\xba\x82@4B\
 :\x93\x90:\x9e\x98\x0aD#y\xa96J'M\
\x0e\xbf\xbc\x8d]\xbfz\x96\xe9\x91\xb1<|q\xc5#\
+2Mk;Y\xf5_\xae!\xd2P\xebv8\xc2\
\x1c%K\x12\x15\x9a\x9f\x95\x91\xc2\x8f\xf8\x0c\x85B\xac\
^\xbd\xba\xe0\xc79.\x1e\x8f\xd3\xdd\xddMwww\
\xd1\x8eY\x8e\x0cE%\xa0\xeaHH9\xb5\xb5\xdbf\
Z\xb4\x10\x96\x19\xcdg \x8b\x0a\xac\x92\xd1\x1e4P\
\x86%\x8e\x9ai\xe2\x96MDU\xc4\xca\x0eA(\x0f\
\xaa\xe38\xf5\x92$\x0d\xc0\xa9\x09+Q}%\x08B\
F\xaa4\x85p\x96\xf3\xafl\xc7\xa6'\x96\xbf\x04\xd6\
l\x07\x9b\xcb\x8a\x82\xac\xcd$\xa8dME\xd1T\xe4\
c\xc9*YUQ}:FE\x08\x7fe\x18\x7fe\
\x98`M\x15\xa1\xba(\xa1\xda*\x02\xd53\x09*\x7f\
e\xb8\xe0\xb3\x9c\x1c\xdbfx\xef!v?\xf1<\x03\
;\xf6\x17\xf4X\x85P5\xbf\x91\xf3o\xff\x10U\xf3\
\x1b<y\xc1%\xcc\x0d>Y\xa5=XK\xad/T\
\xf0c\xb5\xb6\xb6\xf2\xb5\xaf}\xad\xe0\xc79\xee\xd0\xa1\
C|\xf3\x9b\xdf\xe4\x1f\xff\xf1\x1f\x8bv\xccr\xa4J\
\x0a~EGS\x14RV\xf6U\xae\xe9\x22\xb5\x10\xca\
rv\xef\xbd\x85T\xae\x09,\xc50\xca\xaa\x85P\x92\
$Bu\xf5E\xa9*S$iV\xe7\x89\xd1h\x14\
M\xd3\xb2>\x9e\x04\xcc\xf3i\x84T\x85\xa3)\x93\xa1\
\x94I\xb5\xaef5\xeaB\x10fCUU\xc2\xe10\
55\xde\xdc\xb0\x1d\x8dFQ\xca\xe3u\xac\x01xO\
\x02K\x0c\x87\x10\x04\xe1\x9cf\x06\xb8\xab\x04\xb2L`\
\x99\x8eEo<?\xd5D\xea\xbbf`I\xb24\x93\
\xa0R\x8f\xff\xa7\xbe\xeb\xf7\x0aFE\x88PM\x15\xc1\
\x9a\xaa\x99v\xbe\xda\x99_\x87j\xab\x08VWbT\
\x86gZ\xfb\x5c6=<\xc6\xae_=\xcb\xfeg\xb6\
\xba\x1d\xca\xac\x19\x91 \xe7\xdfu\x13\xf5\x9d\x8b<\xf1\
o)\xccM\x12P\xa1\xf9YU9\xdf\xedP\x84\x22\
\x88\xc5bYW@\xd9\x89\x14Z\xcaf:\x95\xfd\x92\
\x8c\xd4T\x1c\xc7*l\x02K\xd34b\xb1\x98\xa7\x92\
X\x8e\xe3\x90L&\xcb\xb2\x85P\xd1tl\xd3\xc4\x8c\
\xc73\xfe\x1cI\x92\x905\xd5\x93\xc3\xdfeUe\xd3\
\xa7\xff\x8at\x22Q\xd0\xe3H\x12\x04U\x95\xebk+\
2N \xb5\xb6\xb6RWW\x97\xd3qe`\xbe\xa1\
1n\xa6\xe9O\xa5i\xb7\x1d4E$\xb0\x84\xc2\xaa\
\xaa\xaa\xe2\xca+\xaf\xcc\xf9\xf9[(\x81@\x80\xca\xca\
J\xb7\xc3\xc8\x87\x13\xb9*\x91\xc0\x12\x04aV\x22\xaa\
BDQP\xb2\xb8\xabe;\x0e\xe3\xa98\x93\xe9\xfc\
l\xd2S}:\x81h\x84`m\x15\xb2\xaa\xa0\xfb\x8d\
\x99\xc4T\xed;US\xa1\xda(\xc1\xdaJB\xb5Q\
BuQ\x14=\xfb;|\xc5\x92N$\xd9\xf3\xbb\x17\
\xd8\xf3\xdb\x17H'Sn\x873+\x8a\xaeq\xde\xcd\
W\xb3\xf0\xc2\xd5h\x011\xb4]p\x8f.\xab4\xfb\
+i\x09T\xb9\x1d\x8aP\x04O<\xf1\x04\xf1x<\
\xab$V_b\x9c}c=\x8c\xa6bY\x1f\xbf\xef\
\xad=\x05\xdf\x12\xdb\xdd\xdd\xcd/~\xf1\x0b|\xbe\xe2\
\xcf~<\x13\xdb\xb69x\xf0\xa0\xdba\x14Drb\
\x9c\xc3/\xbf\xc8x\xcf\xe1\x8c?G\x0f\x06\xa9n\xef\
\xa0r~k\xe1\x02\xcb\x92$\xcb\xb4]~eq\x8e\
%I\x5c\xb3\xa8\x81\xa8\xa6\x16\xb5\x8d\xaf\xd5o\xb0c\
*\xce\x80\x98\x83%\x14I]]\x1d7\xddt\x137\
\xddt\x93\xdb\xa1\x94\xbb\xd3&\xb0\xea]\x08D\x10\x84\
\x12\x13\xd5\x14\x82jvw\x7f\xd3\x8eMO\x22\x7f\xb3\
\x9c|\xe1 ]\xd7]\xc2\xa2K\xd6\x11\xaa\x8b\xe2\x0b\
\x07J\xbe]\xcd\xb1m\x0e\xbd\xb8\x8d\xddO<\xc7d\
\xff\xb0\xdb\xe1\xcc\x8a$\xcb,\xd8\xb8\x925\xff\xf5Z\
\x8c\x8a\xc2\xb7l\x09\xc2\xd9Th~\xce\xabl\x113\
P\xe6\x88\xcf|\xe63\xf4\xf5\xf5\x15|\x0e\x95\x9b~\
\xfe\xf3\x9f\xf3\xf3\x9f\xff\xdc\xed0\xe6\x8c\xa1\xdd;\x19\
\xda\xbdsV\x9fS\xd9\xb2\x80\xf5w\xfe\xb9'\x13X\
\xc5\xe48\x0e=\x89\x14\x95jv7<\xb3\xd5\xea\xd7\
Q$\x89A\x91\xc0\x12\x84rs\x22W%\x12X\x82\
 \xccJT\xd7\x08f\xd9>h\xe5\xb1}\x10@V\
\x15B\xf5\xd5\x84\xea\xab\xf3\xf6\x98n\x1b\xed\xeec\xc7\
/\x9e\xa1\xef\x8d=n\x872k\x15\xcdu\x5c\xfe\xf9\
?\x13\x1b\x07\x05\xd7\xa9\x92L\x9d/LG\xd0\x9b%\
\xfd\x82 \x08\xe5\xeep\x22Eg\xd0O1\xbb\xf8\x1a\
\x0c\x9d\xa0\xaap4\x9d\xc6\x14\x09,A(''r\
U\xf2\xe9\xfeP\x10\x04\xe1L\xaaT\x95@\x96\xc3\x00\
\xd3\x8eMo\x9e6\x10\x96\xa3T,\xce[\x0f\xff\x9e\
\x03\x7fx\xb5\xe4\xaa\x08\x14]\xe3\xca/\xdeE\xa4\xb1\
\x0e\xc9C\xf3Y\x84\xb9\xa9R\x0f\xb0\xa2\xa2\x11U<\
\x17\x05A\x10\x5c\xd1\x13Oa\xe7\xb0\xd93\x1b2\xd0\
l\xe8X\xb6\xc3\xb8i\x89*,A(\x1f\xa7M`\
\x89\xdb\x94\x82 \x9c\x95$IT\xa82~9\xbb\xdb\
i)\xdb\xa2/1\x9e\xe7\xa8\xca\xc7\x8e\xc7\x9ef\xef\
\x93/\x91\x9a\xce|`\xac\x17H\xb2\xcc\xa5\x9f\xbb\x85\
\xe6\xb5]\x05\xdf\xce(\x08\xe7\x22K\x12\xd5z\x80\xae\
\x88X\xae,\x08\x82\xe0\x96\x9ed\x0a\xcb\x85\xfc\xd1\x02\
CG\x95%\x86L\xd1F(\x08e\xe4D\xaeJ=\
\xdd\x1f\x0a\x82 \x9cNH\x91\x09e9\xcf \xedX\
\x0c&'1\xcbpSQ>\x1cz\xe9-v\xff\xfa\
9\xc6{\x06\xdc\x0eeVdUa\xd9\x07.c\xe5\
MW\xce\xe9\x8d\x83\xad\x17\xae\xa2\xb2e^\xc1\x878\
\xbf\xf4\xef\x8f0\xb0c\x1fV\xca,\xe8q\xb2\xa5\xf8\
4\xda.]G\xd7u\x97\xe6\xe5\xf1|\x91 \x95-\
\xb3\xdb1S\xa9\xf9Y\x1an\xc0\xaf\xe8y\x89A\x10\
\x04A\x98\xbd\x84e3\x942\xf1\x1b:r\x11\xe7`\
-0|\xa8\x92\xc4p2\x8di;\x18\xa2\x10W\x10\
\xca\xc1i\x13X\xb5.\x04rV\x91H\x84[n\xb9\
\x85M\x9b6\xb9\x1d\x8a \xb8\xca\x01\x9e=:\xc9D\
\xda\xc29G9v\xed\x92.\xf4`\xa0 qTi\
*\xfe,\xe7_\x99\xb6\xcd\x91<\xce\xbf*'\x93\xfd\
\xc3\xbc\xf9\xb3\xdf\xd1\xbfmoI\xb5\x0e\xca\xaaB\xf3\
\x9a..\xf9\xec-%\xb1\xdd\xb1\x90\xc2\xf5\xd5\x84j\
\xa3\x05\xff\xfem\x7f\xfciO\xb7h\xca\xb2Le\xf3\
<Z/\x5c\x95\x97\xc7\x93$\x09i\x16\xaf9\x12P\
\xad\x87X&\xaa\xaf\x04A\x10\x5c\xd7\x974i\xf2\xe9\
dY\xb8\x9f\x95y>\x0d\x9f,1l\xa6E\x05\x96\
 \x94\x8f\xd3&\xb0<w\xb6\x17\x0c\x06\xb9\xea\xaa\xab\
\xd8\xbcy\xb3\xdb\xa1\x08\x82\xab&\xd2\x16\xf1\xc3C\x0c\
\x9b\xe69\xa7\x09(\xaa\x86\xa2\x15&\x99P\xa5)\xf8\
\xb3\xbcx6\xf3<\xc0\xbd\x5cX)\x93\xd7~\xfak\
\x0e\xbf\xb4\x8d\xb4G\xabjNGRd\xa2\xad\x8d\x5c\
\xf1\xc5;0\x22A\xb7\xc3q\x9d$\xcbHE\xc8+\
I\x92\xe4\xf9\xadz\x92,\xb9V\x8d\x17\xd6\x0c\x16\x85\
j\xa8\xd4\x0a\x93\xc4\x17\x04A\x102\xd7\x974\xb1p\
\xd0\x8a\xf8\xce\xa5\xc9\x12\xf5>\x9d\xd1\xb4%\x06\xb9\x0b\
B\xf98Q\x8e\xaf\x028\x8e\x13u/\x963\x93$\
\x09\xc30\xdc\x0eC\x10\x5c7\x1cO\xa2\x04\x02hf\
\xda\xd58\xa29T`\xa5m\x8b\x81\xe4d\x9e#*\
};\x1e\x7f\x86}[^!>6\xe1v(\x19\x93\
$\x89p]5\x97}\xfeV\xaaZ<w\xefC\x98\
\xc3j\xf4\x10\x9d\xe1\x86\xa2\xb6\xab\x08\x82 \x08\xa7\xd7\
\x9fpg\x0eV\xa3O\xe3p<E\xd2\x9e\xe9[\x10\
\xef\x08\x82P\xfa\x1c\xc7\x89J\x92t\xf4\xf8\x95h\x8d\
\xab\xd1\x08\xc2,\x0c\x0e\x0e\xf2\xado}\x8b\xc9\xc9\xb9\
\x93\x0c\x19\xf1H\x19t\x95\xaafU\x81\xe5\x00);\
\xcd\xd1\xd4t\xfe\x83*a=[w\xb0\xfd\xb1-\x8c\
\xf7\xf4\xe3\xd8\xee\x7f\x7f3\xe5\xaf\x8a\xb0\xf1\xae\x0f\xd3\
\xb4\xbasV\xed]\x82PH\x01Eg~\xa0\x8ay\
F\xc4\xedP\x04A\x10\x04\xa0/e\xbaR\x05\xd5d\
\xe8\x80\xc3DZl\x22\x14\x842R\x03\xef\xb4\x10\x8a\
\x04\x96\xe0y\x96e\xf1\xea\xab\xaf\xf2\xbf\xfe\xd7\xffb\
\xdb\xb6m\xd8\xb6\xcd\x9dw\xdeI(\x14r;\xb4\x82\
\xf3B\x02K\x93%\xc2\xaa\x8c\x9e\xc5 \x83\xb4mq\
4\x15\xc3\xb4\xad\x02DV\x9a&\x07Fx\xed'\xbf\
bp\xe7\x01,\x97+\xebf\xc3_\x19f\xc5\x8dW\
\xb0\xf8}\x1bQ}s{\xee\x95\xe0-\xb5\xbe0\x8b\
\xc3\xf3P\x8b\xd1\xcb)\x08\x82 \x9cS\xc2\xb2\x193\
\xd3\x84\x159\xab\x05@\xd9j244Ib\xd4L\
\x93\xb6\x1d4E\xd4`\x09B\x19\xa8\x01\xf6\x1c?\xcb\
\xabv3\x12A8\x97x<\xce}\xf7\xdd\xc7\x9f\xff\
\xf9\x9f\xf3\xd4SO\xd1\xd3\xd3\xc3\xb7\xbe\xf5-\x9e}\
\xf6Y\x12\x89\x84\xdb\xe1\x15\xdcH\xca\xfd\x04VDQ\
0\x149\xab2\xec\xb4c3\x9c\x9a\xca{L\xa5*\
\x9d4y\xed\xc7\xbf\xa4g\xeb\x0e\xcc\x12z\xfe\xeaA\
?\xad\x17\xae\xe2\xbc\x8f^\x8d/,\xe6^\x09\xde\xa1\
\xcb*M\xfe\x0a\xe6\x07<9\x11A\x10\x04aNr\
\x80\x81\xa4Y\xf46\xc2\x88\xa2\x10Q\x15&\xc4\x1c,\
A('\xd5\xf0N\x05\x96H`\x09\x9ed\xdb6G\
\x8e\x1c\xe1\x9f\xff\xf9\x9fy\xe4\x91Gx\xfb\xed\xb7O\
l\xf9:t\xe8\x10_\xfb\xda\xd7hiia\xe9\xd2\
\xa5\xa8\xaa;C\x83\x8b\xe1\xa8\x99ve\x86\xc0\xc9*\
4\x05#\x87\x01\xeeCI\x91\xc0:n\xfb\xa3O\xf1\
\xf6\x93/\x11\x1f\x9b\xe4\x9cS\xf9=B\xf5\xe94\xac\
\x5c\xcc\xba\xff\xf6A\xc2\xf5\xe2-C\xf0\x96Z_\x88\
\xb6P-\x86\x5c\xbe\xef\x03\x82 \x08\xa5\xa8?e\x92\
v\x1c\xf4\x22N\xa2R$\x89z\x9f\xc6\xb4e\x8b\x04\
\x96 \x94\x8fj\x80\xe3W\xa3\xe2\x96\xa5\xe09\xc9d\
\x92W^y\x85/|\xe1\x0b\xfc\xe0\x07?`\xcf\x9e\
=\xa7\xac\xa8w\x1c\x87\x17_|\x91o}\xeb[\xf4\
\xf7\xf7\x17|}\xbd[\x12\xb6\xcdd\xda\xc2v\xf9\xeb\
\xabTU|Y\xeeA6m\x8ba1\xc0\x1d\x80\xc3\
/mc\xdb#O2\xd97\x84c\xdbn\x87\x93\x11\
YQ\xa8ioa\xdd\x9f\xde@m\xc7|\xb7\xc3\x11\
\x84S\xa8\x92L\x93\xbf\x92\x85\x011\x0dA\x10\x04\xc1\
k\x86\x5c\xea\x22\x98\xe7\xd3\x98\xb2l\xd7;\x18\x04A\
\xc8\x9b(\x88\x04\x96\xe0Q\xe3\xe3\xe3\xfc\xfc\xe7?\xe7\
\x8b_\xfc\x22\x8f<\xf2\x08\x83\x83\x83\xa7\xfd\xb8T*\
\xc5\xc3\x0f?\xcc\x03\x0f<\xc0\xd1\xa3G\x8b\x1ceq\
\x8c\x9ai\xccc[T\xdcT\xa9)\xf8\xb2\xac\xc0J\
\xdb\xa2\x02\x0b`\xa2o\x98W\xef\xfb\x05\xc3{\x0f\x95\
\xce\xdc+I\xa2r\xfe<\xce\xbb\xf9\x1a\x9a\xd7v\x22\
e\xf9\x1c\x10\x84B\x89\xeaAZ\x03\xd5\x845\x9f\xdb\
\xa1\x08\x82 \x08\xef2\x942\xb1\x5cH\x22\xd5\xeb\x1a\
\xd3i\x0b\xb3\x84\x96\xe4\x08\x82pVQx\xa7\x85P\
$\xb0\x04O\xb0m\x9bC\x87\x0e\xf1\xe3\x1f\xff\x98\x9f\
\xfd\xecg\xbc\xfe\xfa\xeb\xd8\xe7\xa8R\x19\x19\x19\xe1_\
\xff\xf5_ikk\xe3\x8a+\xae \x18,\xaf\xd9<\
\xa3\xa6\x85\x17\xeat*\xb5\xec*\xb0\xfe\x7f\xf6\xee;\
J\x8e\xf2\xcc\x1f\xfd\xb7B\xe7\x99\x9e\x9cg4I\xd2\
h\x94\x10HB\xb2\x90\x10\x92\x00\x13\x04\x12Z\x0ch\
\xb5\xc6\xc6{\x0c\xf6\x1a{\x17\xbc>\xbbg\xaf\xef\xde\
\xdf\xf5\xfe\xee\xd9\xbd\xb6\xb19\xc6g\xb9\xd8\x04\x83\x89\
\x22Z\x18\x81\x90\xc8(!\xa1Q\x9e\xa0\x99\xd1\xe4<\
\x9ds\x85\xf7\xfe1\x92\x96\xa00\xd3\xd3\xddU\xd5\xfd\
|\xce\xc1\xc6Vw\xd5\xa3\x09\xdd\xd5\xdfz\xde\xe7U\
\x19CP\x89\xc1/G\x93P\x95q\xc8\x91(\x9a\x9e\
\xdf\x8e\xde\xcfOB\x8e\xc4\xb4.g\xd2\x9c\xa5\x85\x98\
\xbb~5\xea\xafY\x02\xd1J\x01\x01\xd1\x17\x8e\xe3P\
a\xcbA\x9d\xa3\x10\x1cm\x94N\x08!\xba\xe3\x95\x14\
\x84U\x15\xb9@J_\xa5\x8b\xcc&H\x8c!\xa2\xaa\
P\xf1?]\x1b\x84\x10\xc3\xfaR\x80\x95\xa7a!\x84\
\x00\x00\x22\x91\x08\x8e\x1d;\x86?\xfd\xe9Ox\xf3\xcd\
7\xd1\xdb\xdb;\xe9\xe7\xb6\xb4\xb4\xe0\xd1G\x1fEY\
Y\x19.\xbf\xfc\xf2\xb4\x9a\x87\xe5\x96\x14M\xee\x5c}\
\x91\xc0qp\x8a\x02\xccq\xec\xee%1\x05n)\x04\
\x85\xe9!\x86\xd3N\xf3\xdb\x9f\xa2u\xc7n\xc4\x82!\
\xadK\x994{~\x0ef\xaeY\x8a\xc6\x9bV\xc1\x96\
\x9b\xadu9\x84|M\xae\xc9\x86jG\x01\xf2\xccv\
\xadK!\x84\x10r\x1e2c\xf0H\x0a\x8a\xcc\x0c\xa6\
\x14\xeeD\x98-\xf2\xb0\xf1\x1c\x02\xb2\x0aYeq\xed\
\xa2M\x08\xd1\x95<\x80\x02,\xa2\x13.\x97\x0b\x1f~\
\xf8!\x9e}\xf6Y\xbc\xff\xfe\xfb\xf0z\xbdSz>\
c\x0c\x1f~\xf8!\x9e~\xfai\xe4\xe7\xe7\xa3\xae\xae\
\x0e\x5c\x0a\xdf$\x93\xc9#\xcb\xd0\xba\xfb\xd9!\xf2\xb0\
\xf1<\xe2y\xef\x9f\x98\x7f\x95\xd9\xcb\x07\xfb>?\x89\
\xc3/\xbe\x83\xe0\x98\x07L\xebo\xe6$\x99\x1d6T\
-\x9d\x8fy\x1b\xd6\xc0Y^\xa4u9\x84|\x0d\x07\
\xa0\xf2\xcc\xec+!\x8ep\x9d\x10BHj\x8cI2\
jYj\x03,\x81\xe3\x90o2!tf\x90{*\
\x87\xc8\x13B\x92\xe2K\x01V\xae\x86\x85\x90\x0c\xa6\xaa\
*\xba\xbb\xbb\xf1\x97\xbf\xfc\x05[\xb7n\xc5\x81\x03\x07\
 \xcb\xf1\xcd\x06\x8aD\x22x\xe5\x95WP__\x8f\
-[\xb6\xa0\xb8\xb88\xc1\xd5j\xc3-\xc9P4\x9e\
\x80\x95#\x0aq\xdf\xb9\x8a\xa9r\xe6\x06X\x8c\xc17\
4\x86\x03O\xfd\x05c\xed=P\x15E\xeb\x8a&E\
0\x9bP\xb6`\x16\x16\xdc\xb6\x16E\xb3k\xb4.\x87\
\x90\xf3\xca\x12-\x98a/@\x91\x85\xba\x03\x090c\
\xc6\x0cX\xad\xd6im\xe8\x221\x05A9\x065I\
\xef\xb9V\xde\x04\x9b`\xca\xe8\x8f\xd1\x12c\xf0\xcbj\
j\xd7\x92\xa5PvY\x19\xcc\x8e,\xad\xcb\xd0\x9d\xd1\
\xa8\x04Ye)_\xc7Wl\x16\x11V\xd5\x899X\
Bj\xcfM\x08I\xb8\x5c\x80\x02,\xa2\xa1H$\x82\
\xe3\xc7\x8f\xe3\xc5\x17_\xc4\xeb\xaf\xbf\x8e\xce\xce\xcei\
\x1fsxx\x18O?\xfd4f\xcc\x98\x81o~\xf3\
\x9b\xc8\xca2\xfeE\x84GR4\xef\xc0\xca\x11\x05\x98\
\xe3\xbck&\xa9\x0a\xc6c\x19\x18`1 \x1a\x0c\xa3\
\xe9\x85\xb7\xd1\xbd\xef\x08T\xd9\x18\xe1\x15\xc7\xf3(\x9a\
]\x8d\xf9\xb7\xadE\xe5\xe2y\xe0\xa8\xe5\x9e\xe8T\x85\
=\x0f\xb5\xf6\x02\x98y\xfaTB\x80\xfb\xef\xbf\x1f\xa1\
PhZ\x01\xd6p\xd4\x8fC\x9e\x1e\x04\xe5\xe4\xcc)\
\xac\xb4\xe5\xa2\xd1Y\x86\x1c\xd1\x9a\x94\xe3\x1b\x81[R\
\xb0\xdf\x1b@\xc0 7t\xa6\xca\xe2\xc8B\xd1\x9cF\
\xad\xcb\xd0\x9d1I\x9b\x9d\x08\x8b,&t\x87\xa3\x90\
h'BB\xd2\xc1\x97\x02\xac\x1c\x0d\x0b!\x19\xc8\xed\
vc\xcf\x9e=x\xf6\xd9g\xb1c\xc7\x0e\xb8\xdd\xee\
\x84\x1d\xfb\xe8\xd1\xa3x\xe6\x99gPVV\x86\xa5K\
\x97\xc2d2%\xec\xd8\xa9&3\x06\x9f\xac@\xd5\xf8\
\x8d\xd7)\x8a0\xc5\x19dHL\x81;f\x9c\xb9O\
\x89\x22\xc7bh\xdb\xb9\x17G_\xdde\x9c\x1d\x07\x01\
\xe4U\x97a\xee\xfa\xd5\xa8\xbd\xea\x0a\x08\xe6\xf4\x99%\
G\xd2\x8b]4\xa3\xd6^\x80R\xabS\xebR\x88N\
l\xd9\xb2e\xda\xc7h\x0f\x8c\xc02p\x18#\x11\x7f\
\x02*\xfa\xbaZG!\xae-\x9e\x83\x86\xec\x92\xa4\x1c\
\xdf\x08Fc\x12\x0aF<h\x09\x84\xb5.\x85\xa4\x90\
K\xab\x00\xcb$\xa25\x18\xd1\xe4\xdc\x84\x90\x84\xa3\x0e\
,\x92z\x8c1\xf4\xf7\xf7c\xc7\x8e\x1dx\xe6\x99g\
\xb0o\xdf>\xc4b\x89\xbd\xd3\xc9\x18\xc3\xce\x9d;Q\
]]\x8d\xa2\xa2\x22\xcc\x9c9\xd3\xb0\xf3\xb0\xfc\xb2\x8a\
\x18c\x1a/ \x04\x9c\x82\x10\xd7\xdc\x02\x951D\x14\
\x09A\xc58\xbb\xee%\x82\x22\xc9\xe8?\xd4\x8c\x03O\
\xbe\x81X\xc08\xe1]vi!\xe6\xdc\xb0\x12\xb3\xd6\
-\x83%\x9b\x86b\x13\xfd\xaa\xb0\xe6\xa2\xc6Q\x00\xab\
`\xdc\x1b\x14D\x7f\x04\x8e\x87\x99O^p\xef\x8a\x05\
1\x1a\x0b`6J\xd2u\x05\xdd%\xd9\x05\x1eu6\
\x0b\x05X\x19\xc6'+\x88\xaa\x13\xd7\xb3\xa9\xfc\xd9\xcf\
5\x89\x90TU\xf3\xcd\x90\x08!\x09\x91\x03\x00\x22c\
\xcc\x02 s{\x99\x13LQ\x14tvv\xc2\xe5r\
\xa1\xb2\xb2\x12%%%i\xb5#\xdet\xc4b1\xb4\
\xb6\xb6\xe2\xf5\xd7_\xc7\x8b/\xbe\x88\x96\x96\x96i\xb5\
\xfa_L8\x1c\xc6\xab\xaf\xbe\x8a\xea\xeaj\xdc}\xf7\
\xdd(*2\xe6\x10j\xb7$'\xedk4\x15N\x93\
\x003?\xf5\xc1\x052S\xe1\x93\xa3\x9al\xe9.\xac\
\x00\x00 \x00IDATw\x90\xa5\x92*+\x18\xef\
\xec\xc3gO\xbd\x01w\xcf\xa0\xd6\xe5L\x9a-\xcf\x89\
\xd9\xd7.\xc7\x9c\x1bW\x22\xab8_\xebr\x08\xb9 \
\x0b/\xa2\xceQ\x882+5\x8f\x93\xc4\xe29>\xa9\
KR\xfdr\x04c\xd1\x00\x22\x8a\x04[\x86\x86\xafV\
\x9eG\x95\xd5\x0c3\xcf!\xa6\xf5|\x04\x922\x92\xca\
\xe0\x97'v\xd5\x16SxS\xd9\xccs\xe09\x0e\x99\
\xbd\x0f6!i\xc3\xca\x18\xb3\x88\x00\xa8\xff>\x81\xc2\
\xe10\x1e}\xf4Q\x1c=z\x14\xcb\x96-\xc3\x15W\
\x5c\x81\x8a\x8a\x0a\x94\x94\x94\xa0\xac\xac\x0c\x16\x8b\xc5\xb0\
\xdd@\xd3\xe1\xf7\xfbq\xe8\xd0!<\xf1\xc4\x13\xd8\xbe\
};\xc6\xc7\xc7\x93~\xce\x81\x81\x01\xbc\xf0\xc2\x0b\xa8\
\xac\xac\xc4\xfa\xf5\xeb\xe1p8\x92~\xceD\xf3\xc8\x8a\
\xe6o\xba\x1c\x80,\x81\x87\x18\xd7\x0e\x842\xbcR\xe6\
\xdcee\xaa\x0a\xff\xc88\x8e\xbe\xfc.z\xf6\x1f\xd3\
\xba\x9cI3;l\xa8[u\x05\xe6\xde\xb2\x1ay\xd5\
eZ\x97C\xc8E\x95\xdbrP\xed(\x80]0k\
]\x0aI3\x02\xc7\xc1\xcc%/\xc0R\x19\x83+\x16\
\xc4x,\x80J[fn\x00.p\x1crM\x22J\
,f\xf4\x86\xa3Z\x97CR\xc8-+\x90R\x1c`\
\x01\x13]\x7f*cP\x18\x83\x90\x81\x9f\xc1\x08I3\
N\x0a\xb0\x12HQ\x14\xf4\xf5\xf5\xe1\xf9\xe7\x9f\xc7\xf0\
\xf00\xde{\xef=8\x1c\x0e,X\xb0\x00K\x97.\
\xc5\xca\x95+QWW\x87\x92\x92\x12\x14\x15\x15eL\
\x98544\x84\x8f>\xfa\x08\x8f=\xf6\x18\xf6\xee\xdd\
\x8bH$\x92\xb2s\x1f:t\xe8\x5c\x88\xb5l\xd92\
\xc3u\xc3ye\xed\x07\xb8[\x04\x1e6\x81\x8f\xebM\
_b\x0a\xbc\x92q\x96\xd0M\x0bc\x88x\x03h\xdb\
\xb9\x0f\xc7\xff\xf2\x81\xd6\xd5L\x9ah1\xa3r\xf1\x5c\
\xcc\xdf\xb8\x16\xc5\x0d5Z\x97C\xc8E\x99x\x013\
\xb3\x8a\xa9\xfb\x8a$E\xb2\x97\x10\x02\x80;\x16\xc2H\
\xd4\x9f\xb1\x01\x16\x00Xx\x0e\xd56\x0b\x05Xi\x88\
1\x86\xd0\xf8\x18\xc6\xdb\xdb\xbe\xf6g\x9f\xe48\xe0\xca\
\xb2\xc1\x16GG\xfft\xb4\xf9C\x187\x89(\xb6\x98\
\xe2\x1a\x871\x1d\xad\xad\xad\x08\x87\x8d{#\x971\x86\
X,\x86\x0f?\xfc\x10\x16\x8bE\xebr2BVV\
\x16\xe6\xce\x9d\x8b\xecl\xdaa\xf9\x02\x9c\x22\x00\xfa\xea\
$H8\x1c\xc6\xb6m\xdb0<<|\xee\xff\x0b\x06\
\x83\xd8\xb7o\x1f\xf6\xed\xdb\x87?\xfe\xf1\x8fX\xb4h\
\x11V\xae\x5c\x89\xe5\xcb\x97\xa3\xa6\xa6\x06EEE(\
((\x80\xddnO\xbb0K\x96e\xf4\xf4\xf4`\xeb\
\xd6\xadx\xf2\xc9'\xd1\xde\xde\x9e\xf2\xe5p\x8c1\xbc\
\xfb\xee\xbb\xa8\xac\xacDii)\xea\xea\xea\x0c\xf5u\
\xf6\xc92\xb4\x9e\x80\x95#\xc67\xff\x0a\x98\xd8\x810\
S:\xb0b\xe1(\xba\xf7\x1f\xc3\xc1\xa7\xb7A\x89I\
Z\x973)\xbc \xa0dn\x1d\x16\xddy\x03\xca\x17\
\xcd\x01\x0c\xf4\xbbA2S\xb1%\x1b\xd5\xf6|d\x8b\
t!M\x12\x8f\xe7x\x98\x92\xbc\xab\xa5[\x0aa4\
\x1a\x80\xca\x18\xf8\x0c}\xcd\xb5\xf2<\xaa\xadf\xec\x06\
4\x9f\xf1I\x12\x8b)2z?\xdb\x87]\xff\xd7\xbf\
~\xed\x9a\xff\xaf\x1c\x07\x81\xe3R>\xff\xed\xec\xfc+\
^\x83sK\x92\x94\xf0Y\xbf\xa9\xe6\xf1xp\xe7\x9d\
w\x1a\xea\xf3\x93\x91\xcd\x9d;\x17\x7f\xf8\xc3\x1f\xb0p\
\xe1B\xadK\xd1\xabl\x0a\xb0\x12\x841\x86\xb1\xb11\
\xbc\xf0\xc2\x0b\x17|L$\x129\x17f\x99L&4\
44`\xd5\xaaUX\xbdz5\x1a\x1a\x1aPXX\
\x88\xbc\xbc<\xd8l6\xf0)\xbe;\x91h\x91H\x04\
\xcd\xcd\xcdx\xe4\x91G\xb0m\xdb\xb6\x94,\x19\xbc\x90\
p8\x8c\xd7_\x7f\x1dUUU\xb8\xf7\xde{\x91\x97\
g\x9c\xbb\x9e>\x1dt`9E!\xfe\x1d\x083$\
\xc0Rb\x12\x86Ot\xe0\xb3'\xdf@h\xdc\xa3u\
9\x93\xc2\xf1\x1c\xf2j\xca\xb1\xe8\xae\x1bQ\xb5d\x1e\
x\xc1\xd8\xaf9$\xfd\x09\x1c\x8f\x86\xecR\xea\xbe\x22\
I#\x80Kz\x07VD\x910\x1e\x0d\xc2/G\x91\
c\xca\xcc\x11\xb4&\x9eC\xa9\xc5\x04\x9b\xc0#\xa4h\
=(\x81$\x14\x03TIB,\x18\xd4\xc5\x0cW2\
}\xaa\xaa\x22\x10\x08h]F\xc6\x08\x06\x83PUz\
]\xbc\x08\x0a\xb0\x12%\x1c\x0e\xe3\xc0\x81\x038r\xe4\
\xc8\xa4\x1e/I\x12\x8e\x1f?\x8e\xe3\xc7\x8f\xe3\x8f\x7f\
\xfc#f\xce\x9c\x89\xab\xaf\xbe\x1ak\xd6\xac\xc1\xfc\xf9\
\xf3QPP\x00\xa7\xd3i\xc80\xcb\xe3\xf1`\xff\xfe\
\xfd\xf8\xcf\xff\xfcO\xec\xdf\xbf?\xa5K\x06/d`\
`\x00[\xb7nEuu5n\xbb\xed6\xc3\xb4\xc1\
\xfa$E\xf3\xbb\x93\xd9\xa2\x10\xf7\xbc\x82\x18S\xe0\x95\
\xb4\xff\xfe'\x93\xaa(p\x9d\xeeG\xd3\x0b\xdb1\xda\
zZ\xebr&-\xab\xb8\x00\x8b\xff\xeef\xd4\xae\xbc\
\x1c\xa2\x95f\x09\x11\xfd+\xb08P\xe7(@\x8e\xc9\
\xa6u)$M\x09I\x1e\xe2~\x96[\x0aa8\xea\
\xcb\xd8\x00\x8b\x03`\xe3yTZ\xcdh\x0b\xa6\xf75\
\x02!\x84\x90\x84\xca\x16\x01di]E:p\xbb\xdd\
x\xee\xb9\xe7\xe2\xba\xdb \xcb2ZZZ\xd0\xd2\xd2\
\x82'\x9ex\x02\xb5\xb5\xb5X\xbdz5\xae\xbd\xf6Z\
,Z\xb4\x08\x05\x05\x05p8\x1c\xb0Z\xad\xba\x0e\xb3\
TU\x85\xcb\xe5\xc2\xf3\xcf?\x8f\xdf\xfc\xe67\xe8\xe9\
\xe9\xd1\xd5\xdd\x97\xa6\xa6&<\xf7\xdcs\xa8\xad\xad\xc5\
\xd2\xa5Ku\xfd\xb5<\xcb\xaf(\x9a\xef\xe0\xe7\x10\xf8\
\xb8\x02,\x06 \xa6*\x08\xc8\xe9{q\xca\x18C`\
\xd8\x85\xe6\xb7?A\xfb\xfb\x9fi]\xce\xa4Ys\xb2\
p\xc5\xdf\xde\x84\xfak\x96\xc2\x92eO\xca9\x98\xa2\
B\x91e(1\x19\x8a$A\x91dX\x9dY0\xd9\
\x8c\x11\x1e_\x8c\x1c\x95\xa0\xca2\xa0\xc1\xef\xa6*k\
\x1fj_\x8a\x22\xc9\x88\x05\x12;\xfb\x8e\xe38\xcc\xb0\
\x94\xc1\x16\x05\xfc\xf0\xc3j\xb5\xc2d\xca\xcc]\xdcH\
\xf2\x08\x1c\x0f\x11\xfc\xc4\xef\xb8\x94\xbc\xa5\xe0\xc3\xd11\
\x9c\xe6\xfbQ\xa2ZS\xbe\xa4I/\x22\x8a\x8a\x229\
\x86\xe3\x01\xbf\xd6\xa5$\x16\xcfC0\x99!\xd0\xeb\x13\
!\x84$C\x96\x08\xc0x[\xb3\xe9\x8c$I\xe8\xe8\
\xe8\xc0\x8e\x1d;\xa6},EQ\xd0\xde\xde\x8e\xf6\xf6\
v<\xf5\xd4S\xa8\xa8\xa8\xc0\xea\xd5\xab\xf1\xcdo~\
\x13\xcb\x96-CAA\x01\xacV\xab\xee\xc2,Y\x96\
100\x80_\xfc\xe2\x17x\xf9\xe5\x97\xe1\xf3\xf9\xb4\
.\xe9k\x18cx\xef\xbd\xf7PVV\x86\xca\xcaJ\
TTTh]\xd2E\xc9\x0c\x08)\xaa\xe6\x1fV\xb3\
E!\xbe\x01\xee\xaa\x02\xbf\x1c97{ \x1dE}\
At~\xfc9\x0e\xbf\xf8\x8e\xae\xc2\xda\x8b1Y-\
Xt\xc77\xd1p\xc3U\xb0\xe7'`)\x16\x9b\xe8\
BS\x15\x05\xaa<\xf1\x8f\x22\xc9\x08\xb9\xbcpw\x0f\
\xc0u\xba\x1f\xe3\x9d}p\x9d\xee\xc37\xee\xbb\x03u\
\xab\x17\x83\x17\x92\xdf\xe1\x90L\x03GZ0\xda\xda\x05\
UVR~no\xef\xa0&\xe7\x9d,EV0|\
\xb2\x13G^~7\xa1\xc75\xf3\x22\x84\x9c\x16t[\
\x9d\xc8\xcd\xc9\xc1\xd5W_\x8d\xc6\xc6\xc6\x84\x9e\x83\x10\
\x81\xe3\xc0E$\x0c\x1ci\xc5\xf0\x89\xf6\xa4\x9d\x87\x03\
\x87.{>\x0e;\xcb2v\xae\x8c\xca\x18\xc6$\x19\
G<A\xadKI(\x8b\xd3\x89\xb2\xcb.GQ\x03\
\xbd>\x11BH\x128\xa8\x03+\x01\xc6\xc7\xc7\xf1\xca\
+\xaf$|\xa9\x9c\xaa\xaa\xe8\xed\xed\xc5\xb3\xcf>\x8b\
\xe7\x9e{\x0e\xb9\xb9\xb9\xf8\xc67\xbe\x81[n\xb9\x05\
\xd7^{-JJJ`6\x9ba2\x994\x0d\xb3\
b\xb1\x18\x8e\x1d;\x86\x9f\xfc\xe4'8x\xf0\xa0\xae\
\x87\x15\x86\xc3a\xfc\xf5\xaf\x7fEUU\x15~\xf6\xb3\
\x9f\xc1j\xd5o\xfb\xbeW\x965\x9f\x7f\x05\x00YB\
|K\x08%U\x86/\x8d\xe7_)1\x09\xbd\x07\x8f\
\xe3\xb3\xa7\xde\x80d\x90\x9d\x94x\x93\x88y\x1b\xae\xc1\
\xfc\xdb\xd6\x22\xbb\xa4`\xca\xcfg*\x03SU\xa8\x8a\
2\xf1\xef\x8a\x029\x1a\x83\xa7w\x18\xee\x9e\x89\xb0j\
\xf4T\x0fF[\xbb\x10\x1c\xf7\x80}e\xb6I4\x10\
\x04S\x19`\xec\xfc\x0a\xa7?9\x84#/\xbfk\x98\
\xef{*\xa9\x92\x8c\xde\x03\xc7\xd1{\xe0x\xc2\x8f\xbd\
\xeb\xcc\x7f\xd7\xd6\xd6\xc2\xe9tR\x80E\x12\x8e\xe7x\
(\xfe\x08:><\x80C\xcf\xbd\xa5u9\xc4\x80r\
\xab\xaa\xb1\xf4\xfb?\xa4\x00\x8b\x10B\x92#K\x04\x90\
\x9c\xf5#\x19\x821\x86\xe1\xe1a\xbc\xf6\xdakI?\
\x8f\xdb\xed\xc6\xf6\xed\xdb\xb1}\xfbvdeea\xf9\
\xf2\xe5\xd8\xb8q#n\xbe\xf9f\x94\x95\x95A\x10\x04\
\x08\x82\x90\xd2\xbby\x92$\xe1\xa5\x97^\xc2?\xff\xf3\
?ctt\xd4\x10](\x83\x83\x83x\xe5\x95W0\
s\xe6L\xdcy\xe7\x9d\xba\xead\xfb\x22=\xcc\xbf\x02\
\x00\x87\xc0A\x8c\xe3G*\xa6*\xf0\xa5\xe9\xfc+\xc6\
\x18\x06\x8f\x9d\xc2\xc1\xa7\xb7\xc1?4\xa6u9\x93\xc2\
\xf1\x1c\xeaW/\xc1\x15[nFNE\xc9\xc5\x1f\xcc\
\x18\x18\x03\x18S'\xfe]ePd\x19\xa1q\xefD\
H\xd5\xd6\x05W\xd7D`5\xd6\xd6\x0dy\x92\xbb.\
\xaa\xb2\x0aF\x83)\x09!:%p\x5cJf`\x11\
B\x08!$.\x0eZB8Mn\xb7\x1b\xbbv\xed\
B\x7f\x7f\x7fJ\xcf\x1b\x08\x04\xb0k\xd7.\xec\xda\xb5\
\x0b\x0f>\xf8 V\xacX\x81\x8d\x1b7b\xe3\xc6\x8d\
\xa8\xaa\xaaJI(\x13\x0c\x06\xf1\xb3\x9f\xfd\x0c\x7f\xfc\
\xe3\x1f!\xcbr\xd2\xcf\x97H\xc7\x8e\x1d\xc3\x13O<\
\x819s\xe6\xe0\xf2\xcb/\xd7\xba\x9c\xf3\xf2)\x0a\x98\
\xc6\x11\x16\xc7\x01\x0e!\xce%\x84LA@N\xcf\x0e\
\x95\xf1\x8e^\x1c}e'\x06\x8e\xb4i]\xca\xa4U\
\x5c\xde\x88\xab~t'rg\x94]\xf4q\x8c1\x84\
=>\xb8:\xfb1z\xaa\x1bc\xa7z0v\xaa\x07\
\xae\xae~D\xbc\xd3\xdb\x85F\x91e\x0a\xb0\x08!\xba\
51\xc4=\xb9\xbb\x10\x12B\x08!$nv\xea\xc0\
\x9a\xa6\xa1\xa1!\xbc\xf4\xd2K\x9a\xd6\x10\x8b\xc5\xf0\xf1\
\xc7\x1fc\xf7\xee\xdd\xf8\xd7\x7f\xfdW444`\xfd\
\xfa\xf5\xb8\xfd\xf6\xdb1w\xee\x5c\x98\xcd\x89\xdfa\x8c\
1\x86p8\x8c\xb7\xdf~\x1b\x8a\xa2\xdfy,\x17\xc2\
\x18\xc3\xde\xbd{\xf1\x9b\xdf\xfc\x06\x0f?\xfc0\x0a\x0a\
\xa6\xbe\x9c*\xd9\x02:\x98\x7fe\xe7y\x988.\xae\
!\xb32S\x11R\xf4\xbb\x9c4^\x81\xe1q4\xbf\
\xf5\x09\xdav\xee\xd5\xba\x94I+\xa8\xaf\xc25\xff\xfc\
\x1d\xe4U\x97\x7f\xa9CS\x8e\xc4\xe0\x1d\x18\x85\xebt\
\x1f\xdc]\x03\x18\xeb\xe8\xc1hk7|C\xa3Pb\
g\xc2&\xc6\xc0\xce\xfc3]LQ'\x96\x10\x12B\
\x88\x0e\xf1\x1c\x0f\x13\x9f\xdaNvB\x08!\x84L\x1a\
\x05X\xd3\x11\x0c\x06\xd1\xd4\xd4\x84C\x87\x0ei]\x0a\
TU\x85\xaa\xaa\x90$\x09\xc7\x8f\x1fGkk+\x1e\
y\xe4\x11\xcc\x9c9\x13\xd7_\x7f=6l\xd8\x80\x85\
\x0b\x17\xc2nO\xcc\xb7\x9b\xe38\xe4\xe5\xe5\xe1\xb7\xbf\
\xfd-6o\xde\x9c\xf0\xf9_\xa9\x10\x0e\x87\xf1\xde{\
\xef\xe1\xe1\x87\x1f\xc6\xff\xfa_\xff\x0b\x82\xce\x06K\x07\
e\x15Z'XYq\x0ep\x07&\x86\xb8\xa7[\x07\
V\xd4\x1fD\xcb;{p\xf4\x95\x9dP$ct\x1d\
f\x95\x14\xe0\xda\xff\xe3\xfbp\x14\xe6a\xe0H+\xc6\
\xda\xba\xe1:=\x00W\xf7\x00\xdc]\x03\x88\xfa\x83P\
\xd5\x89\xa5}LQ\xa1*\xc9[\xe6\xa7*\x8a!\x96\
\x19\x13B2\x13\x87\x89.,}\x0e\x16 \x84\x10B\
2\x9e]\x04`\xd3\xba\x0a\xa3\x1a\x18\x18\xc0\x1bo\xbc\
\xa1\xbb\x0e$EQ\xa0(\x0a\x22\x91\x08\x8e\x1e=\x8a\
\xb6\xb66<\xf1\xc4\x13\x985k\x16\xae\xb9\xe6\x1a\xdc\
p\xc3\x0dX\xb4h\x11\xb2\xb3\xb3\xa7u\x1eA\x10p\
\xe3\x8d7\xe2\xf6\xdbo\xc7\xd6\xad[u=\xbc\xfd|\
\xce\xce/{\xe3\x8d7\xd0\xd8\xd8\x88\xbf\xfd\xdb\xbf\xd5\
\xba\xa4/\x09*\xda\xcf\xc0\x8aw\xf9 \x00\xc8LI\
\xab\x0e,%&\xe1\xd4{\x9f\xe1\xc8\xd6\x1d\x88\xf8\x8d\
\xb3k\x12S\x14\xbc\xf3\x7f\xfe\x1eJL\x82\x22\xc9\xe7\
v\x0a<\xbbk`*\x03%UVh\x09!!D\
\xd7\xce\x86X\x84\x10B\x08\xd1\x1d\x9b\x08@\xbf\xdb\xb0\
\xe9\x98$Ihoo\xc7\xae]\xbb.\xfd`\x0d\xc9\
\xb2\x8c@ \x80@ \x00\x8f\xc7\x83\x13'N\xe0O\
\x7f\xfa\x13\xaa\xaa\xaap\xd5UWa\xdd\xbauX\xba\
t)\x8a\x8a\x8a\xe2:\xbe\xc5b\xc1/~\xf1\x0b\x1c\
8p\x00\xed\xed\xed\xba\x0b\xf3.EUU\xb4\xb6\xb6\
\xe2\x0f\x7f\xf8\x03\x1a\x1b\x1bu5\x0f+\xa8\x87%\x84\
\x02\x0f>\xce\x95\x14\xb2\xaa\x22$\xa7I\x80\xc5\x80\xae\
=Gp\xf4\xd5\x9d\xf0\x0e\x8e\x00\x06\xea\x22\x0a\xb9}\
\xe7\x06\xb1k\x8d\xa9\xb4\x84\x90\x10\xa2o<\xc7A\xa4\
\x00\x8b\x10B\x08\xd1#+\x0f\xea\xc0\x8a\xcb\xc0\xc0\x00\
v\xec\xd8\x01\xaf\xd7\xabu)\x93&I\x12\xbc^/\
\x06\x06\x06\xf0\xf9\xe7\x9f\xe3\xc9'\x9f\xc4\x0f~\xf0\x03\
\xac_\xbf\x1e\xf7\xddw\x1f^x\xe1\x05\xf4\xf6\xf6N\
\xf9\xb8\xd5\xd5\xd5\xf8\xb7\x7f\xfb78\x9d\xce$T\x9d\
|\x92$\xe1\xd0\xa1C\xf8\xd5\xaf~\x05\x97\xcb\xa5u\
9\xe7\x04t0\xc4\xdd.\xf0qu`\xa9\x8c!\xaa\
\xca\x88\xa9\xc6\x0a4/\xa4\xbf\xa9\x19\xc7^\xdb\x85\x91\
\x96\xd3`\x8a\xb1:\x88\xf44w\x8a:\xb0\x08!z\
\xc7\x81\xa3\x0e,B\x08!D\x9f\xa8\x03+\x1e\x8c1\
twwc\xfb\xf6\xed\x86\x9d\xe7\x22\xcb2<\x1e\x0f\
<\x1e\x0f\x06\x07\x07\xd1\xda\xda\x8a\x1d;v\xa0\xac\xac\
\x0c\x0b\x16,\xc0\xd5W_\x8d\xab\xae\xba\x0a555\
\x97\x1cf\xca\xf3<6n\xdc\x88]\xbbv\xe1\xb5\xd7\
^C0h\x9c\xe5Ug\x05\x02\x01\xbc\xff\xfe\xfb\xf8\
\xf5\xaf\x7f\x8d\xff\xf8\x8f\xff\xd0\xc5<\xac\x80\xa2j\xde\
\xe8c\xe7y\xc4\xf3\x95\x90\x98\x82\x90\x1c\xd3<\x80K\
\x84\xf1\xce>\x9c\xd8\xf6!z\x0f\x1c\x87\x12\x93\xb4.\
\xc7\xd0TE\xd1M\x98F\x08!\xe7\xc3q\xa0!\xee\
\x84\x10B\x88>YE\x00\x16\xad\xab0\x9a\xd1\xd1Q\
\xec\xdd\xbb\x17]]]Z\x97\x92\x10\xb2,\xc3\xeb\xf5\
\xc2\xeb\xf5\xa2\xaf\xaf\x0f\xcd\xcd\xcdx\xef\xbd\xf7\xce\x85\
Yk\xd7\xae\xc5\xbau\xeb\x90\x9f\x9f\x7f\xc1c8\x9d\
N\xfc\xf4\xa7?\xc5\xe1\xc3\x87q\xf2\xe4I\xc3-%\
d\x8call\x0c\xaf\xbd\xf6\x1a\x16.\x5c\x88\xbb\xee\
\xbaK\xeb\x92\x10\x90\xb5\xff\x1a\xda\x04\x1e|\x1c\x17\xf2\
\xb2\xaa \xac\x1a\x7f\xf9`p\xd4\x8d\x93\xdb>D\xc7\
G\x07\x10\x0b\x19o\xa3\x02\xbd\xa1\x0e,B\x88\xfeq\
\xe0\xe3\xda{\x97\x10B\x08!If\xe1A\x01\xd6\x94\
uuua\xfb\xf6\xed\x90\xa4\xf4\xeb\xc6P\x14\x05^\
\xaf\x17\x9d\x9d\x9d\xd8\xb7o\x1f^z\xe9%\xbc\xf4\xd2\
K\x93\x0a\xa4\xe6\xcd\x9b\x87\xfb\xef\xbf?\xeeyZZ\
S\x14\x05\xa7O\x9f\xc6\xef\x7f\xff{455iZ\
\x8b\xc4\x18b\xaa>f`\x09q\x5c\xc7K\xcc\xf8\xf3\
\xaf\xa4p\x04-\xef|\x8a\xd6\x9d{\x11r\xfb\xb5.\
'-\xa8\x8aj\xd8\xaeUBHf\xe0@\x1dX\x84\
\x10B\x88NQ\x805U~\xbf\x1fG\x8e\x1c\xd1<\
\xe0H\x05EQ\xc0\xf3<f\xcc\x98\x81\x9c\x9c\x9cK\
>^\x14El\xda\xb4\x09\xd7]w\x9da\xe7a\xc5\
b1455\xe1\x97\xbf\xfc%\xc6\xc7\xc75\xab#\
\xac\xa8\xd0\xc3J+\x9b\xc0\xc7u'ZV\x15\x84\x14\
\xe3\x06\xbc\xaa\xa2\xe0\xd4\xae\xfd8\xf9\xd6\xc7\xf0\x0f\x8e\
\x1ajh\xbb\x9eQ\x07\x16!D\xef8\x80:\xb0\x08\
!\x84\x10}\xb2\xf0\x00\xccZWa$]]]x\
\xff\xfd\xf7\xe1\xf7gFGFUU\x156n\xdc\x08\
\xb3yr?&\x85\x85\x85\xf8\xd1\x8f~\x849s\xe6\
@\x14\xc5$W\x97\x1c\xe1p\x18;w\xee\xc4\xef~\
\xf7;M\x96B2\x00a\x9d|\xc8\xb7\xf3\xf1v`\
)\x08)\xd1\xc4\x17\x94\x22\xdd{\x8f\xe2\xc4\xb6\x0f0\
\xde\xd1\x07\xd5`C\xdb\xf5\x8c\xd1\x0c,B\x88\xdeq\
\x5c\x5cK\xe7\x09!\x84\x10\x92tf\x0a\xb0\xa6@\x92\
$477\xe3\x93O>\xd1\xba\x94\x94\xc8\xc9\xc9\xc1\
\x92%Kp\xc5\x15WL\xe9yW\x5cq\x05\xee\xbe\
\xfbn\x94\x97\x97'\xa9\xb2\xe4b\x8c\xc1\xe3\xf1\xe0\xd9\
g\x9f\xc5\x9bo\xbe\xa9I\x0d\x11E\xfb\xe5\x83\x00`\
\x8ds\x06\x96\xa4*\x08)\xc6\x5cB8t\xa2\x03\xc7\
\xdfx\x1fC':hh{\x82M\x0cq\xa7@\x90\
\x10\xa2_\x1c&v\x22$\x84\x10B\x88\xee\x98y\x00\
&\xad\xab0\x8a\xbe\xbe>\xec\xd9\xb3\x07\x83\x83\x83Z\
\x97\x92\x12UUU\xb8\xe9\xa6\x9b\x90\x95\x955\xa5\xe7\
\x99L&l\xda\xb4\x09k\xd6\xac\x99\xd4\xd2C=R\
\x14\x05===x\xe8\xa1\x87\xd0\xdc\xdc\x9c\xf2\xb9=\
\x11\x1d|\xc8\x178\x0e&.\xbe\xcbx\x85\xa9\x88*\
r\xc2kJ\x06)\x14\x81\xbbg\x10\xbd\x07N\xa0\xf9\
\xad\x8fq\xf0\xe9m\xe8=p\x1c\xb1`X\xeb\xd2\xd2\
\x8e\xaa\xa8\xd4\x81E\x08\xd19\xea\xc0\x22\x84\x10Bt\
\xca,\x82\x02\xacIa\x8c\xe1\xe4\xc9\x93\xf8\xe0\x83\x0f\
\xa0\xea \x5cH6\xbb\xdd\x8e\x85\x0b\x17b\xe5\xca\x95\
q=\xbf\xac\xac\x0c\xdf\xf9\xcew\xd0\xd6\xd6\x86\x03\x07\
\x0e@\x96\x8d\x11f|\x91,\xcb\xd8\xbf\x7f?~\xf9\
\xcb_\xe2\xa1\x87\x1eB^^^J\x06\xbb2L\xcc\
\xc0\xd2\x9a\x85\xe7\xc0\xc7\xf9\x5c\x99\xa9\x88\xaa\xfa\xfc\x9e\
G}A\x0c\x1e?\x85\xc0\x88\x0b\xc1Q7\x82\xe3\x1e\
\x84\x5c>\x84\xdd^\x84\x5c>\xf8\x06Fh\xc7\xc1$\
\xa1\x19X\x84\x10\xbd\xe3\xce\xfcC\x08\xd1\x87\xc2\xc2B\
,^\xbc\x18\xc5\xc5\xc5Z\x972emmm8y\
\xf2\xa4\xe1G\xcf\xdc|\xf3\xcd)\xfb\x1ct!\x1e\x8f\
\x07\x9f|\xf2\x09<\x1e\x8ff5\x10]0Q\x805\
I\xa3\xa3\xa38x\xf0 \xda\xda\xda\xb4.%%\xaa\
\xaa\xaa\xb0n\xdd\xbai\xed(\xb8b\xc5\x0a\xdcq\xc7\
\x1d\x18\x1a\x1a\xc2\xe9\xd3\xa7\x13X]\xeaH\x92\x84W\
^y\x05\x8d\x8d\x8d\xf8\xf1\x8f\x7f\x0c\x9b\xcd\x96\xfc\x93\
2 \xa2\x83.\x15\x0b\xcf#\xde\xf7)E\xc7\x01V\
`\xd4\x85\x03\x7f\xda\x06\xff\xd0(B\xe3^\xc4Ba\
\xea\x0aJ\x91\x89\x00\x8b\xbe\xd6\x84\x10\xfd\xa2]\x08\x09\
\xd1\x97\x8a\x8a\x0al\xd9\xb2\x05\x8b\x17/\xd6\xba\x94)\
{\xf1\xc5\x17188h\xf8\x00\xeb\x9e{\xeeAC\
C\x03x>\xde[\xdb\xd3w\xea\xd4)\xb4\xb6\xb6R\
\x80ED\x11@\x89\xd6U\x18AKK\x0b>\xf9\xe4\
\x13D\x22\xe9\xdf\x99a6\x9b1o\xde<\xac]\xbb\
vZ\xc7\xb1X,\xf8\x9b\xbf\xf9\x1b\x1c=z\x14.\
\x97\x0b^\xaf7A\x15\xa6V \x10\xc0\xef\x7f\xff{\
\xcc\x9d;\x17\xd7_\x7f\xfd\xa4\x07\xdaOGDe\x9a\
\xcf\xc0\xb2\xf0\xf1\xed@\x08\xe8;\xc0\x12\xcc&\x0c\x1d\
?EK\x045\xa0**\x183~\x07VVQ>\
\x8af\xd7@\x8e\xa6~\xce\x9b\xb7\x7f\x04\xb1`H\xb7\
A \xc7\xf3\xb0\xe7;\xe1(\xcc\x9b\xf4sx\x8eC\
\x89\xc59\xe9e[\xe5\xe5\xe5\xc8\xcb\x9b\xfc\xf1\x09\x99\
\x1a\x8ev!$DG\xacV+\xaa\xab\xab1w\xee\
\x5c\xadK\x99\xb2\xb2\xb22\x98L\xc6\xef\x15\xa9\xab\xab\
Ccc#\x04A\xd0\xac\x06EQ`\xb1X4;\
?\xd1\x8d\x12cn\x13\x97b\x81@\x00MMMh\
jj\xd2\xba\x94\x94(++\xc3\xca\x95+Q]]\
=\xedcUUU\xe1\xae\xbb\xeeB{{;\xf6\xee\
\xddk\xc8\xa5\x84\x00\xd0\xdb\xdb\x8b\x87\x1ez\x08\x15\x15\
\x15X\xb0`ARwXd`g\x96\x10j\xfb\x01\
\xd5\xc2squ`1L,!\x94\xd4\xd4\xef\xe08\
\x19Y\xc5\xf9\x10\xad\x96\x89e\x82)\x9em\x96\xe9\xd2\
e\x17\xc2\x19\xcb\x16\xc0YQ\x0cU\x83]J\x0f=\
\xfbW\x0c7\x9f\xd6\xed\x06\x03\x82(\xa0\xfc\xb2\x064\
\xdcp\xd5\xa4\x1e\xcfs\x1cfe\x15cI^5x\
\x8e\x9b\xd4\xf0l\xbb\xddn\xc8\x0f2\xc4\x188\x80f\
`\x11B\x08!:E\x01\xd6$\x9c\x0d_\x5c.\x97\
\xd6\xa5$\x9d \x08\x987o\x1e\xae\xbd\xf6\xda\x84\xb5\
\xd0_}\xf5\xd5\xd8\xb0a\x03z{{\xd1\xd5\xd5\x95\
\x90cj\xe1\xa3\x8f>\xc2c\x8f=\x86\x9f\xff\xfc\xe7\
(//Oj\x1b\xad\x1e\x86\xb8Ot`M\x9dz\
&\xbcRu\x1a\x0e\x89\x163\xb2\x8a\xf2\x10\xf1\xf8\xa0\
*\xfa\xac1]\xa5\xcb.\x84E\x0d5(j\xa8\xd1\
\xe4\xdcm;\xf7a\xb4\xb5\x1b\xfa\x8c\x87\x01N\xe0\x91\
_[\x81\x86\xebWL\xea\xf1v\xc1\x8coW/\xc3\
\xcc\xac\x22\xda\xf9\x8d\xe8\x027\xc9 5\x1e\x82\xd9\x04\
\xc1t\xe1Ko\x8e\xe3`\xe2\x84\xb4\x08\xd0TUE\
4\x1a\x85$\xe93l'\x84\x10bL\x14`]\x82\
$Ihjj\xc2g\x9f}\xa6u))QTT\
\x84e\xcb\x96a\xce\x9c9\x09;\xa6\xd5j\xc5m\xb7\
\xdd\x86\x13'N\xe0\x95W^1\xec:p\xc6\x18\x9e\
{\xee9466\xe2\xee\xbb\xefN\xea\x12\x96\xa8\xaa\
j\xdd\x80\x053\xcf\xc5\x15b\xcaLEL\xa7\xcb\x07\
\xcf\xca\xad*\xc5xg\x1f\xa0\x83a\xf9\x99\x84\x86\xb8\
\x93/\x128\x1euY\x85\xa8wPxE\xf4%\x19\
\x01\x12\xc7q(\x9dW\x8f\xb2\x85\xb3/\xf8\x18\xab`\
B\xb5=\x1feVc\xee\xe0\xfcE.\x97\x0b\x07\x0e\
\x1c\xc0\xb1c\xc7\xb4.\x85\x10BH\x1a\xa1\x00\xeb\x12\
\x06\x06\x06p\xe0\xc0\x01twwk]J\xd2q\x1c\
\x87y\xf3\xe6a\xdd\xbau\x09_\xaf]WW\x87\xdb\
o\xbf\x1d\xed\xed\xed\xd8\xb3g\x0f\x14\x0d\x96\xde$B\
 \x10\xc0\xc3\x0f?\x8c\xfa\xfaz\xac]\xbb\x16v\xbb\
=)\xe7\x891=\xcc\xc0\x8ao\x17\xc2\x89\xf9W\xfa\
\xfe\xfe\xe6V\x96\x80\xe7y\xddv\xb1\xa4-\xca(\xc8\
\x19\x1c\x00\xbb`\xc2U\x05\xf5i\xd1mB\xd2\xc7\xc4\
.\x84I\x08\xb0\x04\x1e\xb5W]\x8ee\xdf\xff\x9b\x0b\
>&K\xb4\xe0\xaa\x82z\x5cW\xd2\x98\xf0\xf3\xa7Z\
kk+~\xf5\xab_Q\x80E\x08!$\xa1(\xc0\
\xba\x08\xc6\x18>\xff\xfcs\xec\xdf\xbf\x1fj\x06t\x0d\
\xe4\xe4\xe4`\xc9\x92%\xb8\xfc\xf2\xcb\x93r\xfc5k\
\xd6\xe0\xc4\x89\x13\xe8\xea\xeaBoooR\xce\x91\x0a\
]]]x\xe4\x91GPRR\x82\xcb.\xbb,)\
C\xdd%\x1d\xcc\x092q\xf1]\xc2+LEL\xe7\
\x01VNU\x098A\xbb\x9dT2\x01\xc7\xf30\xdb\
\xad0g\xdba\xcdv\xc0\x9a\x93\x8d\xd2\xf9\xb3`u\
fi]\x1a\xd1\x01\x81\xe3Q\xe3(@\xbd#\xfe\x9d\
n\x09I\x16\xadB\xd5\xa8*c \xe2\x01c\x8cv\
B$\x84\x10B\xce\x83\x02\xac\x8b\xf0x<8p\xe0\
\x00\x9a\x9b\x9b\xb5.%%\xe6\xce\x9d\x8b\xd5\xabW'\
\xad\xab\xc8f\xb3a\xe3\xc6\x8dhmm\xc5\x8b/\xbe\
\x88`0\x98\x94\xf3\xa4\xc2\xce\x9d;1{\xf6l<\
\xf0\xc0\x03\xa8\xa9\xa9I\xe8<,\x06\x9d\x04Xq\x0e\
q7\xc4\x12\xc2\xcaR\xf0\x1a\xee\xa4\x92\x8e\x04\x93\x08\
K\xb6\x03\x96,;\xcc\x0e\x1blyN\xe4T\x16#\
\xb7\xaa\x0c\x05u\x15(\x9cU\x0dGA.x\x91\xbe\
\xee\x99\x8e\xc3D\xa7\xc9\x0a\xea\xbe\x22:\x94\xbc\x09X\
\x97&\xab\x0a\xc6cA\x84\x14\x09\x0e1\xf9;\x1e\x13\
B\x08!FC\x01\xd6E\x9c\x9d}\x15\x0e\x87\xb5.\
%\xe9l6\x1b\x96,Y\x82+\xaf\xbc2\xa9\xe7\x99\
5k\x166m\xda\x84\xb6\xb66C/%d\x8c\xe1\
\xa9\xa7\x9e\xc2\xacY\xb3\xb0e\xcb\x16\x14\x14\x14$\xf4\
\xf8\x92\x0e\x06\xa0\x8b\x1c\x1f\xd7e\xbcb\x88\x00\xab\x04\
<u`\xc5\x8d\x17\x05\x98\xac\x16\x98\xecV\x98\x1d6\
\x98\x1d68\x0arQ8s\x06\x0ag\xcd@^u\
9\xf2\xeb*`\xb2Xh\xd9 \xf9\x1a\x91\x17P\xe3\
(\xc0\xcc,\xea\xbe\x22:\xc4A\xb3\xee'\x06 \xa2\
\xc8\x18\x8azQ/\xd2\xef\x07!\x84\x10\xf2U\x14`\
]@4\x1a\xc5\xbe}\xfbp\xe4\xc8\x11\xadKI\x89\
\x86\x86\x06\x5cu\xd5U\x09\x0fb\xceg\xcd\x9a5h\
kkCGG\x07\x06\x06\x06\x92~\xbed\x09\x06\x83\
\xf8\xdd\xef~\x87\x9a\x9a\x1a\x5cw\xddu\xb0\xd9l\x09\
;\xb6>\x02\xac\xf8.\xe0\x8d\x10`e\x15\xe7C\xb4\
Y\x00\x0f\x07\xe8\xe0k\xadg\x1c\xc7A0\x9b`\xb2\
Y`\xb2Ya\xb2Y`\xcf\xcfA^M9\x0aj\
+Q\xd4P\x8d\xa2\x86\x1aZ\x1aH&\x85\x03\xe0\x14\
\xad\xf8FA\x1d\x0dn'\xe4<b\xaa\x8c\xbe\xb0\x9b\
\x96\xd7\x12B\x08!\xe7A\x01\xd6\x05\xb4\xb6\xb6\xe2\xe0\
\xc1\x83\x18\x1f\x1f\xd7\xba\x94\xa4\x13E\x11W^y%\
V\xac\x98\xdc\xb6\xe7\xd3e\xb3\xd9p\xd3M7\xe1\xe4\
\xc9\x93x\xe6\x99g\x10\x8dFSr\xded\xe8\xe8\xe8\
\xc0\x1f\xfe\xf0\x07\x94\x94\x94`\xf1\xe2\xc5\x10\xc5\xc4\xfc\
J\xe9#\xc0\x8a\xafyFa\x0c2\xd3\xf7\xcc8\xde\
$\x22\xbb\xa4\x10\x81\x11\x17T\xd9\x98]\x80\xc9\xc2\x0b\
\x02D\x8b\x09\x82\xc5\x0c\xd1b\x86%\xcb\x0egy1\
\x8a\xe7\xd4\xa0\xa8\xa1\x06\x05u\x95\xc8\x9bQFK\x01\
I\x5c\xcc\xbc\x88ZG\x01\xea\xe8\xc39\xd11-\xdf\
\x82%U\xc1@\xd8\xab]\x01\x84\x10B\x88\x8eQ\x80\
u\x1e\xaa\xaa\xe2\xd3O?\xcd\x98\xee\xab\xea\xeaj,\
_\xbe\x1c\x95\x95\x95);\xe7\xec\xd9\xb3q\xdbm\xb7\
\xe1\xc4\x89\x13\xd8\xb7o\x9f\xa1\x87\xe4o\xdf\xbe\x1d\xf5\
\xf5\xf5(,,D]]]B\x96\x1eH\x8a\xaa\xf9\
.\x84\xf1\x06X\x8c1(:\x0f\xb0\x00 \xa7\xb2\x18\
\xc3\xcd\x9d\x19\x1d`q<\x07^\x14!\x98D\x08f\
\x13D\x8b\x19YEy(\x9c9\x03E\x0d5(\x9a\
]\x8d\xc2\x993`\xcd\xa1\xee*2}\x1c8\xe4\x98\
lXQPO\xbdWD\xbf4~\xf3\x8d\xa9\x0a\x06\
#^\xc8\xaa\x02\x91\xa7\x1b\x05\x84\x10B\xc8\x17Q\x80\
u\x1e###\xf8\xec\xb3\xcf\xd0\xd5\xd5\xa5u)I\
\xc7\xf3<V\xacX\x81o|\xe3\x1b)?\xf75\xd7\
\x5c\x83\x8e\x8e\x0e\xb4\xb5\xb5all,\xe5\xe7O\x14\
\xc6\x18\x9ex\xe2\x09\xd4\xd5\xd5\xe1\xee\xbb\xefF^^\
\xde\xf4\x8e\x07@\x0f\x0b\xf0D.\xbe!\xee\x0c\x0c\xaa\
\x0e:\xc8.%\xa7\xb2\x04\x82(\xe8\xe2k\x9d*\xbc\
\xc0\x83\x17E\xf0\xa2\x00^\x14`\xcd\xc9F\xde\x8c2\
\x147\xd6\xa2t^=\x8a\xe7\xd4!\xbb8\x9fvh\
$Ia\x11D\xcc\xcc*\xc2\x0c{\xbe\xd6\xa5\x10r\
A\x0c\x13\xef\xeb\xda\x9d\x9f!\xacH\x18\x89\xf9Qn\
\xcd\xd5\xac\x0eB\x08!D\x8f(\xc0:\x8f\x8f?\xfe\
\x18G\x8e\x1c1tW\xd0d\x15\x16\x16b\xf9\xf2\xe5\
hhhH\xf9\xb9m6\x1b\xae\xbf\xfez\x1c;v\
\x0cO<\xf1\x84a\x07\xba\x03\x13\xf3\xb0\x1ey\xe4\x11\
TVV\xe2\xd6[o\x85\xc9d\x9a\xd6\xf1\xf4\xb1\x84\
0\xbe\x095\xaaQ:\xb0*\x8a\xd3z\x19\x1c\xc7q\
\xe0x\x1e\x1c\xcf\x81\x13\x04\x08&\x11y3JQ2\
\xaf\x1e\xc5\x0d\xb5(\x9d7\x13y5\xe50\xd9,Z\
\x97J2\x00\x07 \xcfd\xc7\xb2\xfcZ\xadK!\xe4\
\xd24n\x11\x94T\x05\xbda7\x05X\x84\x10B\xc8\
WP\x80\xf5\x15\x91H\x04\x1f\x7f\xfc1ZZZ\xb4\
.%%V\xae\x5c\x89e\xcb\x96i\xb6\xe3\xce\xec\xd9\
\xb3q\xfb\xed\xb7\xa3\xa9\xa9\x09\x07\x0e\x1c\xd0\xa4\x86D\
\xe9\xe8\xe8\xc0SO=\x85\x8a\x8a\x8ai\x7fM\x15U\
\x07\x01\x16\x1f\xdf.\x84*\x8c\x12`\x95\xa4W\x80u\
\xb6c\x8e\x9b\xd8\x04\xdeQ\x98\x8b\xa2\x86\x1a\x147\xd4\
\xa0l\xe1l\x94-\x9c\x0d\xab3\x0b\x1cO\x8b\xb7H\
\xea\xd9\x053fg\x15\xa3\xc2F\x1f\xc8\x89\xde10\
\x8d\xd7\x11J\xaa\x82\xbe\x90\x1b\xcb\xf2(\xf0%\x84\x10\
B\xbe\x88\x02\xac\xaf\xd8\xbbw/\x8e\x1e=\x8aH$\
\xa2u)Ig\xb7\xdbq\xd5UWa\xfe\xfc\xf9\x9a\
\xd6\xb1b\xc5\x0a|\xef{\xdfCss3\x02\x81\x80\
\xa6\xb5L\xd7\xdbo\xbf\x8d\x9a\x9a\x1a\x14\x17\x17\xa3\xae\
\xae.\xee\xe3\xe8!\xfe\xe1\xe2\xbc\x807\xcc\x0c\xac4\
\xea\xc0\x12-f\xe4U\x97\xa1|Q\x03\xca\x16\xccF\
\xf1\x9cZ\x14\xd4U\x80\xe3yL\xec\x09\xaf\xdd\xb6\xf0\
\x84\x00@\xbe\xc5\x81e\x05\xf4a\x9c\x18\x83\xd6M\xd0\
\x12\x9b\xe8\xc0\x22\x84\x10B\xc8\x97Q\x80\xf5\x15\x1f|\
\xf0\x01\x9a\x9b\x9b\xb5.#%V\xae\x5c\x89\xa5K\x97\
\xc2b\xd1v\x09\x91\xddn\xc7\xda\xb5k\xb1e\xcb\x16\
<\xf6\xd8c\x9a\xd62]\xaa\xaa\xe2\xb9\xe7\x9eCu\
u5\xee\xbb\xef>8\x9d\xce\xb8\x8e\xa3}\xff\x15\xe2\
\xde\xe2^e\x0c\x8a\x01\x96\xdff\x15\xe6\xc1l\xb7\x81\
\xe38M\xe7\x9dL\x95`6!\xbb\xb4\x00E\xb3k\
P<\xa7\xe6\x5c`%Z\xcc\xe0\x05\xfe\xcc\xb2A\x9e\
:\xad\x88nd\x8bV\xcc\xc9.E\x91\x856\x03 \
\x06\xa1\xf1\xcb\xa7\xca\x18\xfcR\x14n)\x84<\x93]\
\xdbb\x08!\x84\x10\x1d\xa1\x00\xeb\x0bN\x9e<\x89\x83\
\x07\x0f\xc2\xe5ri]J\xd2\x89\xa2\x88\xd5\xabWc\
\xe1\xc2\x85Z\x97\x02\x8e\xe3P__\x8f;\xee\xb8\x03\
\x07\x0f\x1e\xc4\xe7\x9f\x7f\xaeuI\xd3\xe2\xf5z\xf1\xe4\
\x93O\xa2\xa2\xa2\x02w\xddu\x17x~j\x03\xb1\xb5\
\x1e {V\xbc\x0d;*\x18\x14]Dp\x17\xc7\x09\
<\xb2K\x0b\xe0\xe9\x1b\x86\x12\x93\xb4.\xe7\xfc8\x0e\
V\xa7\x03\x05\xf5U(\x9d7\x13%\x8d\xb5(\xa8\xaf\
\x82\xb3\xac\x10\xbc \x80\x13\x05\x08\xa2\x08^\x104\xff\
\xc0E\xc8\xf9p\x00\x0a-Y\xb8\x22wF\xdc\xa18\
!)\xa7\x83\xb70\x99M,#\xcc\xcb\xa1\x00\x8b\x10\
B\x089\x8b\x02\xac/\xd8\xb5k\x17ZZZ2b\
x\xfb\x92%K\xb0d\xc9\x92\xb8;\x84\x12M\x10\x04\
,Y\xb2\x04\xf7\xde{/\x1e|\xf0A\x04\x83A\xad\
K\x8a\x1bc\x0c\xed\xed\xedx\xfe\xf9\xe7QUU\x85\
U\xabVM\xed\xf9I\xaak\xaa\xe2\xfd\xa8\xc9\x0c2\
\x03\x0b\x00\x9c\xe5\xc5\x10Lm\xba\x09\xb0D\x8b\x09\xce\
\xf2b\x147\xd4\xa0pv5\x8a\xe7\xd4\x22\xaf\xaa\x0c\
f\x87\x0d\x82Y\x84`2\x817\x89\xe0i\x97@b\
\x109&\x1b\xe6:KQ`vh]\x0a!\x93\xa2\
\x97\x9bH\xb2\xaa\xa2'\xec\xc2\x82\x9c\x0a\xadK!\x84\
\x10Bt\x83\x02\xac3\xc6\xc7\xc7\xf1\xe9\xa7\x9f\xa2\xaf\
\xafO\xebR\x92\x8e\xe38\xac]\xbb\x16\x0b\x17.\xd4\
\xd5\x5c\x9c\xec\xecl\x5cs\xcd5\xd8\xbcy3\x1e\x7f\
\xfcq\xad\xcb\x99\x16Y\x96\xf1\xc1\x07\x1f\xa0\xa2\xa2\x02\
eee\x989s\xe6\xa4\x9f\xab\x87\x0bg`\x22\xc0\
J\xe7]\x08\x01\xc0Y^\x04\xc1\xa4\xcd\xcb \xc7q\
p\x14\xe5!\xbf\xa6\x02E\x0d\xd5(n\xa8EA]\
%\xac\xb9\xd9\x10-f\x88\x16\xd3\xc4\xb2@\x93\xa8\xab\
\xdfSB&\x8b\xe78\x94Z\x9d\xb8,\xb7\x12<\xfd\
\x0c\x13#\xd1\xc1\x8f\xab\xccT\xf4\x84h\x0e\x16!\x84\
\x10\xf2E\x14`\x9d\xf1\xde{\xef\xa1\xb9\xb9\x19\x92\xa4\
\x8fN\x8cdjll\xc4\xf2\xe5\xcbQTT\xa4u\
)_\xc2q\x1cjjj\xb0e\xcb\x16|\xfe\xf9\xe7\
hjj\xd2\xba\xa4i\x09\x85B\xd8\xb6m\x1b\xaa\xaa\
\xaa\xf0\xe3\x1f\xff\x18999\x93z\x9e^\xa2\x1f\xee\
\xcc\xf0\xef\xa9b\x98\x08\xb1\x8c \xa7\xbc\x18|\x8a\x02\
,\x93\xd5\x82\xfc\xda\x0a\x14\xce\x9e\x81\xfc\xdaJ\x14\xcd\
\xaeFVQ>\xccv+L6\x0bL6+D\x8b\
\x19\x1cuW\x914\x91or`\xae\xb3\x0c\xb9\x22-\
\x81\x22\xc6\xa2\x87w0\x95\xa9\x18\x8b\x05\x10Q%X\
y\x93\xd6\xe5\x10B\x08!\xba \x02\x18\x06P\xa2u\
!Z\x8aF\xa3x\xf7\xddw\xd1\xd5\xd5\xa5u))\
q\xed\xb5\xd7b\xfe\xfc\xf9\x10\x04\xfd\xed\xc0f6\x9b\
\xb1h\xd1\x22\xdcw\xdf}x\xe0\x81\x07\x10\x0e\x87\xb5\
.iZFFF\xf0\xf2\xcb/\xa3\xba\xba\x1a[\xb6\
l\x99\xd4<,=u`\xc5\x831c\xcc\xc0\x02&\
v\x22LF\x07\x16/\x0a\xc8)/F\xc1\xcc*\x14\
\xd6\xcf@~]\x05r*\x8aav\xd8avXa\
\xb2YavX!\x88b\xfc\xc3\xc6\x0cD\x91$\xb8\
\xba\x060t\xbc\x1d\xa2\xd9\x84\x8a+\x1a\xe1,\xd3W\
\x80N\x12K\xe4yT\xdas1\xcfYN\xddW\xc4\
\x80\xb4\x7f\x0fc\x00b\x8a\x8c\xa1\x88\x0f5\xf6\x02\xad\
\xcb!\x84\x10B\xf4`X\x04 k]\x85\xd6\xf6\xef\
\xdf\x8f\xa3G\x8f\x1az\xee\xd2dUTT`\xe5\xca\
\x95\xa8\xa8\xd0\xefL\x05\xa7\xd3\x89\xb5k\xd7\xe2\xce;\
\xef\xc4\x9f\xfe\xf4'\xad\xcb\x99\x16UU\xd1\xda\xda\x8a\
\x17^x\x01\xd5\xd5\xd5\xb8\xfa\xea\xab/\xfax\x06\x80\
\xe9a\xed\x02\xe2\xcfU\xd8\x99\xbf\x85\x11L\xcc\xc0\x9a\
^\x80\xc5\xf1<,\xd9v\xe4V\x95\xa2\xa0\xbe\x0a\x05\
u\x95(\xa8\xab\x84=?\x07\xe6,;,Yv\x98\
\x1d6\x98\xac\x16],KI\x95\xb0\xcb\x87\xd1\xf6n\
\x0c\x1dk\xc7\xd0\xc9v\xf8\xaf\x1b\xd3\x8e\x00\x00 \x00\
IDAT\x06\xc7\x10\xf1\xf8Q\xdcX\x8b\xdc\xaaR\
\x0a\xb0\xd2\x5c\xa19\x0b\x8d\xce28E\xab\xd6\xa5\x10\
2%\x0c\x0c:\xb9\x8f\x04\x851\xf4\x87\xdd\x14`\x11\
B\x08!\x13$\x11@\xfa\xaf\x99\xbb\x08\xc6\x18\xb6o\
\xdf\x8e\xae\xae.\xddt\xbe$\xd3\xbau\xeb0\x7f\xfe\
|\x98\xcdf\xadK\xb9 \x9e\xe71c\xc6\x0c|\xf7\
\xbb\xdf\xc5\x81\x03\x07p\xe2\xc4\x09\xadK\x9a\x96h4\
\x8a={\xf6\xe0\x99g\x9eAyy\xf9$\xe6a\x19\
\xfd\xe7\x903\xcc_\xc1\x96\x9b\x0dK\x96\x1d\x1c\xcf\x83\
Mr\xf3\x06\xd1j\x81\xb3\xac\x10y\xd5\xe5\xc8\x9bQ\
\x8a\xbc\x9a\x0a\xe4\x94\x17\xc1\x92m\x87\xc5\x99\x05k\xb6\
\x03\x96l\x07xQ\x7f\x1d\x8e\xc9\xa4H2\x5c\xa7\xfb\
1v\xaa\x07C'\xda\xe1\xea\xeaGh\xdc\x8b\x90\xdb\
\x87\xb0\xdb\x07E\x92\x00\x06\x98\x1d6D|\xe9\x7f\xb3\
 \x93\x99y\x013\xec\xf9\x98\x9dUL\xf3\xdb\x08\x99\
\x06\x95\xa9\xe8\x0fy\x01\xca\xaf\x08!\x84\x10\xe0L\x80\
\x15\xd3\xba\x0a-\x9d:u\x0a\xfb\xf6\xed\x83\xdb\x9d\xfe\
\x832sssq\xddu\xd7\xa1\xba\xbaZ\xebR.\
\xc9b\xb1`\xd1\xa2E\xf8\xd1\x8f~\x84\x9f\xfe\xf4\xa7\
\x86_J\xe8\xf5z\xf1\xce;\xef\xa0\xaa\xaa\x0a\x0f<\
\xf0\xc0\x05w\x7f\xe4\x00\xf0:i\xd3\x897\xcf\xd5G\
\xf5\x93\xc3\x8b\x02\xb2\x8a\x0b0\xd6\xde\x0b9\xfa\xf5\x97\
B^\x14`\xcfs\x22\xb7\xaa\x14y5\xe5\xc8\x9bQ\
\x0egy\x11\xec\xf9NX\x9dY\x13\x81UN\x16\xcc\
\xf6\xcc\xeb2a\xaa\x8a\x90\xcb\x8b\xd1\xb6n\x8c\x9d\xea\
\xc1H\xcbi\xf8\x87\xc7\x11v\xfb\x10\x18u#\x16\x0c\
\x81\xa9_\xff!\x0a\x8ey\x10\xf5S\x80\x95\xceJ\xac\
N4f\x97\x22\x8b\xba\xaf\x88A\xe9\xe5\x1e\x8c\x0a\x86\
\xfe\x88G\xeb2\x08!\x84\x10\xbd\xa0\x00\xeb\x9dw\xde\
Agg'd9\xfdWR\xaeZ\xb5\x0a\x0b\x16,\
\x80\xddn\x8c\x81\xba\xd9\xd9\xd9\xb8\xf1\xc6\x1b\xb1{\xf7\
n<\xf7\xdcsZ\x973mCCCx\xf5\xd5W\
QSS\x83o\x7f\xfb\xdb\x17\x9c\x87\xa5\x97\x86\x85\xe9\
\x0c\x93\xd7\xc9_aR\x9ce\x85\x10\xcc&\xc8\xd1\x18\
L6+\x9ceE\xc8\xab.ENE\x09r\xaaJ\
\x91]\x9c\x0f[\x9e\x13\xb6<'\xecyN\x98\xb3l\
\xe0u8?.\x15\xe4h\x0c\xde\xfe\x11\x8c\xb6va\
\xb4\xad\x1b\xae\xd3}\x08\x8cz\x10\x1aw#0\xea\x81\
:\x89\xd7\xd1\x88/\x80\xa8?\x08UV2\xaeK-\
\x13p\xe0Pj\xcdA\x9d\xa3\xd0P\xaf\x03\x84\x9c\xc3\
\xf43\x8bRe\x0cn)\x84\xa0\x1c\x85C\xb4h]\
\x0e!\x84\x10\xa2\xb5XF\x07X\xe3\xe3\xe3x\xf7\xdd\
w1::\xaau)Ig\xb3\xd9\xb0~\xfdz\xd4\
\xd4\xd4h]\xca\xa4\xf1<\x8f\xb2\xb22\xdc{\xef\xbd\
8p\xe0\x00\xda\xda\xda\xb4.iZ\x14E\xc1\xa9S\
\xa7\xf0\xdcs\xcf\xa1\xbe\xbe\x1e+W\xae<\xef\xe38\
\x9d|\xecS\xcf\xce\x01\x89\xa7\x1c\xbd\xa4p\x93P\xb1\
x.\x04\xb3\x09\x16\xa7\x03\x8e\x82\x5c\xd8\xf3s`/\
\xc8\x85\xfdLhe\xb2\x9a\x0d\xf5\xf7I$U\x96\x11\
\x1c\xf3`\xac\xa3\x17\xe3\x1d}pw\x0f 0\xe2\x82\
\x7fh\x0c\xfe\xe1qD\xbc\x818\x8e\xa9 \xe4\xf6!\
\x16\x0a\xc3\xea\xccJB\xd5DK<\xc7\xc1!\x98\xe9\
\xc361,\x15\x0c\x0a\xd3\xcb~\xc0\x80\xa4*\x18\x8c\
\xf8P\x9fU\xa4\x93\xab\x03BR\xcb\xeb\xf5\xe2\xb3\xcf\
>C(\x14\xd2\xba\x94);y\xf2\xa4!\xeb\xfe\xaa\
={\xf6`pppR\x9bQ%KWW\x17\xfc\
~\xbff\xe7'\xba\x11\x13\x01D\xb5\xaeB+\x1f\x7f\
\xfc1ZZZ\x10\x89D\xb4.%\xe9\x16/^\x8c\
\xc5\x8b\x17_p\xe9\x9a^Y,\x16\x5cq\xc5\x15\xb8\
\xff\xfe\xfb\xf1/\xff\xf2/\x86_J\x18\x89Dp\xf0\
\xe0A<\xf9\xe4\x93\xa8\xa8\xa8@mm\xed\xd7\x1e\xc3\
\xeb\xe4\x0au:w\xa0u\xf2W\x98\x94\xca+\xe6\xa2\
tn=\xac\xce,\x98\xec\x16p\x1a\xbe9k\x8e\x01\
\xb1`\x18\xde\x81\x11\xb8\xbb\x060\xde\xd9\x0bW\xd7\x00\
|\x83c\xf0\x0f\x8e\x228\xee\x81*+\xd3>M\xc8\
\xe5E\xd4\x1f\xa2\x00+\x0d\xf1\x1c\x0f\x81\xcb\xe0\xdf!\
bx\x0c\x13!\x96^0\xc6\xd0\x17vOt5f\
\xe8\xcd\x14\x92\xd9\xfa\xfb\xfb\xf1\xcc3\xcf\x18\xee3\x0c\
0\xb1\xfa\x22\x1d\xc6\xd4<\xfe\xf8\xe3\xb0\xdb\xed\x9a\xbe\
\x06\x05\x83A\x8c\x8c\x8chv~\xa2\x1b\xd1\x8c\x0d\xb0\
b\xb1\x18\xdex\xe3\x8d\x8c\xf8E\x10\x04\x01\x1b6l\
@uu\xb5!/~\xecv;6m\xda\x84\x8f>\
\xfa\x08\xaf\xbe\xfa\xaa\xd6\xe5L\x9b\xdb\xed\xc6\x8e\x1d;\
P]]\x8d\x07\x1f|\x10\xd9\xd9\xd9_\xfas\x0e\x00\
\xc7q\x9a/a\x88\xf7\xfe3\xf7\x85\xff4\x02{\xbe\
\xf1.\x88\x12I\x91&\xba\xac\xbc}\xc3pw\x0f\xc0\
\xdd=\x08o\xff0\xbc\xfd#\xf0\x0d\x8e\xc6\xd5eu\
)\x13\x01\x16\xcd\xc1JG\xc6\xf9\xcd'\xe4\xfc\x18\xd3\
W\x07\x96\x8a\x89\x00\x8b\x90L\xe5\xf7\xfbq\xec\xd81\
\xad\xcb\xc8h\x87\x0f\x1f\xd6\xba\x04B\xce\xca\xdc\x00\xeb\
\xc8\x91#8x\xf0 \x82\xc1\xf4\xff\x105g\xce\x1c\
\xacX\xb1\x02yyyZ\x97\x12\x17\x9e\xe7Q\x5c\x5c\
\x8c\x9f\xfc\xe4'hjj\xc2\xe9\xd3\xa75\x0fw\xa6\
kxx\x18/\xbd\xf4\x12f\xce\x9c\x89\xcd\x9b7k\
\xda\x92{!*\x8bs\x90-}\x82\xd5\xbdh \x04\
_\xff\x08\xbc\xfd\xc3pw\x0f\xc1\xdd;\x08o\xdf0\
<\xbd\xc3\x08\x8e\xba'v\x0cL\xa2\x90\xcbG\x01\x16\
!D\x97\x18\x18T\x1d]c0\xc6\xd0\x17rC\x85\
\x0a\x1e47\x90\x10BHF\x8b\x8a\x00\xd2\x7f\xfd\xdc\
y\xbc\xfa\xea\xab\x18\x1a\x1a\x82\xaa\xea\xe7.[\xb2l\
\xd8\xb0\x01\xb5\xb5\xb5\x10\x0c<x\xdad2a\xd9\xb2\
e\xf8\xc1\x0f~\x80\x7f\xff\xf7\x7f7\xfc\xb2OEQ\
\xd0\xd9\xd9\x89\xc7\x1f\x7f\x1c\xb3f\xcd\xc2\x95W^\xf9\
\xa5?\xe7\x01L\x7f\xa1\xd6\xf4L\x5c\xc0\xc73\x04\x8b\
\xcb\xd4\x91Q\xba\xa5\xca\x0a\x02c\xee\x89\xd0\xaao\x18\
\x9e\xb3\xddV=\x83\xf0\xf6\x8d \x1a\x08\xc5\xbf\xedd\
\x1cB\xe3^D(\xc0\x22\x84\xe8\x10\x03t\xd5\x81\xc5\
\x00x\xe40\xfcR\x14\xb9f;\xdd#\x22\x84\x10\x92\
\xc9\x22\x19\x19`\xf5\xf6\xf6\xe2\xbd\xf7\xde\x83\xcf\xe7\xd3\
\xba\x94\xa4\xab\xac\xac\xc4u\xd7]\x87\x82\x82\x02\xadK\
\x996\xb3\xd9\x8c\xef~\xf7\xbb\xf8\xf0\xc3\x0f\xf1\xee\xbb\
\xef\x1a~\xe7\xc8h4\x8a\xa6\xa6&<\xfa\xe8\xa3(\
++CUU\xd5\xb9?\xe39@\xd1\xf8\x06\xb0\x02\
\xfdl%N\xa6.\x16\x0c\xc370\x0a\xdf\xe0(|\
\x03\xa3pu\x0f\xc0\xd5\xd9\x87\xf1\xce>\x84\x5c\xde\x84\
\xcc\xb2\x8aW\xc8\xe5E\xd4G\x01\x16!D\x7f\x18\xd3\
W\x07\x16\x00(*\xc3`\xc4\x8b\x1c\x93\xcd\x90\xa3 \
\x08!\x84\x90\x04\x09\x8b\x00\x8c=\x15;\x0eo\xbe\xf9\
&\xba\xbb\xbb\x0d\x1f\x80L\xc6\xcd7\xdf\x8cY\xb3f\
\xc1l6k]\xca\xb4q\x1c\x87\xc2\xc2B\xfc\xecg\
?Ckk+N\x9f>m\xf8\x0e:\xaf\xd7\x8b\xb7\
\xdez\x0b\xb3f\xcd\xc2?\xfe\xe3?\xc2\xe1p\x00\x00\
D\x8e\x83\xa4q|$\xab,\xee\x0a\xe8\xf2:\xf5\x14\
IF\xc8\xe5\x85\x7fh\x1c\xfe3\xa1\xd5h{\x0f\xc6\
N\xf5\xc0\xdd3\x009\x1a\xd3M\x22\x19\x0d\x04\x11\xf1\
\x06\xa0H2\x04\x93\xa8u9\x84\x10\xf2%z\x1a\xe2\
>ab\x0e\xd6\xec\xec\x12\xf0\xf4\x0eK\x08!$s\
E2.\xc0\xf2\xf9|x\xed\xb5\xd72\xa2\xfb*7\
7\x17\x1b6lH\x8b\xee\xab\xb38\x8e\xc3\xea\xd5\xab\
\xf1\x9d\xef|\x07\x0f=\xf4\x10|>\x9f\xe1\xe7a\x8d\
\x8f\x8f\xe3\xf1\xc7\x1fGcc#6l\xd8\x00\x8e\xe3\
`\xe28\xcd\x7f1e\xc6\xe2ZU\xc6\x01\xe0\xe8\x02\
;\xe9\x98\xaa\x22\x1a\x08#4\xeeAp\xcc\x0d\xdf\xc0\
(\xc6;\xfb0\xda\xda\x85\xe1\xe6\xd3\x08{\xfd)]\
\x168\x15LQ\x11\xf6\xf8\x11\x0b\x84a\xcb\xcb\xbe\xf4\
\x13\x08!$E\x18\xf45\xc4\xfd\xac\xbe\xb0g\xa23\
\x8c\xde^\x09!\x84d\xae\x90\x08 \xa4u\x15\xa9\xb4\
w\xef^\x1c=z\x14\xd1h\xfa\xcf\xae_\xbdz5\
\x16,X\x00\xab\xd5\xaau)\x09\xc5q\x1c~\xf0\x83\
\x1f`\xf7\xee\xdd\xf8\xf0\xc3\x0f\x0d\xff\xbdTU\x15}\
}}\xf8\xe5/\x7f\x89\xd9\xb3g\xa3a\xee\x5c\x98\xf8\
\x89\x08H\xcb\xf8Ab\xf1u`\xf1\x1c\x07\x81\xd3\xdf\
P\xfat\xa0\xc4$\x84=~\x84\x5c^\x04F\xddp\
w\x0d`\xf4T7\xc6Nuc\xac\xbd\x17J,\xb9\
\xc3\xd7\x13)\xe4\xf6!\xe2\x0bP\x80E\x08\xd1\x15\x95\
1(:\x0b\xff\x19\x80\x81\x88\x072S`\xa6A\xee\
\x84\x10B2W8\xa3\x02,Y\x96\xf1\xe7?\xff\x19\
\x81@\xe2\xb7\x85\xd7\x1b\x9b\xcd\x86-[\xb6 ??\
_\xebR\x92\xa2\xa8\xa8\x08\x0f<\xf0\x00\xba\xba\xba\xd0\
\xde\xde\x0eE\xd1z\xe4\xf9\xf4H\x92\x84#G\x8e\xe0\
\xd7\xbf\xfe5\xfe\x9f\xff\xfa\x7f!\xea`\xc6\x85\xa4\xaa\
\x88'\xc2\xe2\xc1C\xe4\xe9\x02;\x11\x98\xaa\x22\x16\x8c\
 \xec\xf1\x9d[\x1e8v\xaa\x1b\xc3';1\xd6\xde\
\x03\xff\xf0\xb8\xd6%\xc6-|&\xc0\x22\x84\x10=a\
\x00T\x1dv`y\xa50\xfcR\x046\xc1D]\xce\
\x84\x10B2Ufu`utt\xe0\xfd\xf7\xdf7\
\xfc\x0ev\x93q\xd9e\x97\xe1\x1b\xdf\xf8\x06\xecv\xbb\
\xd6\xa5$\xcd\xf5\xd7_\x8fo}\xeb[x\xf4\xd1G\
\xe1r\xb9\x0c\xbf\x940\x1c\x0ec\xeb\xd6\xadh\x9c?\
\x1f\xfc-\xb7C\xebu\x022\x8bo\x05\x1a\xcfq\x10\
\xa9\x03+nJLB\xc4?1#*4\xee\x81\xab\
k\x00C\xc7\xdb1t\xec\x14\xdc=\x83P\xa4\xf4\x98\
\xddG\x01\x16!D\x8f\x18\x18T\xe8/\xc0b\x0c\x18\
\x8a\xfaQ`\xc9\xd2\xc5M.B\x08!D\x03A\x11\
@Fl\x05\xc5\x18\xc33\xcf<\x03\x8f\xc7c\xf8\xa0\
\xe3RDQ\xc4=\xf7\xdc\x83\xdc\xdc\x5c\xadKI*\
\x8e\xe3p\xff\xfd\xf7c\xff\xfe\xfd\xf8\xe4\x93O\xd2\x22\
\x98\x0c\x87\xc3\xf8\xaf\xff\xfc/l)\xab\x86y\xd1b\
p\x1av2Mo\x09!]\x5cO\x16SUH\xe1\
(\xa2\xfe \x22\xbe |\x83\xa3\x18>\xd9\x89\x81#\
-\x18i\xe9B\xd8\x9d\x9e\xf3\xfaBn/\x22^\x0a\
\xb0\x08!\xfa\xc10\xb1\x03\xa1\xaa\xd3\xcb\xc4\xa1\x88\x17\
\x8d\xd9%\x00\xdd$\x22\x84\x10\x92\x99B\x22\x80\x8c\xf8\
\x04\xe1\xf1x\xf0\xf2\xcb/\x1b~^\xd2dTWW\
\xe3\x86\x1bn8\xb7\xa3]:+))\xc1\x8f\x7f\xfc\
c\xf4\xf6\xf6\xe2\xd4\xa9S\x86_J\xc8\x18\x83\xc75\
\x8e\xd7\xff\xe3\xdfq\xe3#\x7f\x80\xb3\xbc\x12\x1c\xaf\xcd\
\x85\xaa\x14\xe7.\x84<8\x88\x1c-!\xbc\x18%&\
!\x16\x8a@\x0aE\x10ty1\xde\xde\x83\xfe\xc3\xad\
\xe8?\xd4\x0c\xdf\xc0H\xdatY]L\xd8\xedC\xd4\
\x17\x98h+\xa0\xc0\x93\x10\xa2\x03*c\x90u\xb8|\
\xf0\xac\xa1\x88Ow\xf3\xb9\x08!\x84\x90\x14\x0adD\
\x07\x96\xaa\xaax\xe3\x8d7\xd0\xd3\xd3\x03U\xd5\xef\x85\
I\x22p\x1c\x87{\xee\xb9\x07\xf9\xf9\xf9\xe02\xe4C\
\xe1\xfa\xf5\xeb\xf1\xc9'\x9f\xe0\xa9\xa7\x9e\xc2\xd8\xd8\x98\
\xd6\xe5L\x1bc\x0c\xfd-\xcd\xd8\xff\xd8\xef\xb1\xea\x81\
\x7f\x855/O\x93\xef\xa5\x14\xe7.\x84\xb4\x84\xf0\xeb\
\x18c\x90#1\xc8\x91(b\xa1\x08\x5c\xa7\xfb1t\
\xfc\x14\xfa\x0e5c\xf8d\x07\xa2\x81\x90\xb6\x13\xfb5\
\x10\x0d\x84\x10\xf6\x06\xa0H2\x04\xb3I\xebr\x08!\
\x04*\x18d\xa6\xdf\x1ba\xc3\x11\x9f.\xe7s\x11B\
\x08!)\x12\xcc\x88\x0e\xach4\x8a\xc7\x1f\x7f\x1c\xb2\
\x9c\xfe]\x0d\xb9\xb9\xb9\xb8\xf3\xce;\xd3z\xf6\xd5W\
q\x1c\x87\x07\x1f|\x10G\x8f\x1eM\x8b]\x09\xcf:\
\xf6\xcaK(n\x9c\x87\xb9\x1bn\x87Y\x83n\xbaX\
\xbcC\xdc9\x1a\xe2\x0e\x00\xaa\xac@\x8eIP\xa21\
D\xfcA\x0c\x1e=\x85\xde\x83\xc7\xd1\xfb\xd9q\xf8\x87\
\xc6\xa1\x1a\xbc[p\xda\x18\x10\xf1\xfa\x11\xf1\x07\xe1(\
H\xef\xe5\xce\x84\x10cP\x19\x83\xac\xe3\x1b\x9d\xe3\xb1\
\x00\xa2\xaa\x0c;,4\xc6\x9d\x10BH&\x0a\x88\x00\
\xfcZW\x91L\x8a\xa2\xe0\xc8\x91#\xd8\xbf\x7f\xbf\xe1\
\x97\x97]\x0a\xc7q\xd8\xb2e\x0b\xca\xcb\xcb\xc1k\xb4\
\xecL+\xa5\xa5\xa5\xb8\xef\xbe\xfb\xd0\xdb\xdb\x8b\xe6\xe6\
\xe6\xb4\x99s\xf6\xe9\xc3\xbfB\xc1\xac\x06\x94/Z\x0c\
\xc1\x94\xda.\x95\xa8\x1a_S\x10\x0f\x0eB\x06v`\
1\xc6\xa0\xca\x0aTY\x86\x1c\x89\xc1\xd3;\x8c\xee}\
G\xd0\xb3\xff\x18\x06\x8e\xb4f\xc4\xb2\xc0\xa9\x0a\xbb\xfd\
\x88x\xfc\x14`\x11Btab\x09\xa1~\xaf\x15\x15\
\xc60\x16\x0b\x22\xc7d\xcb\xc8\xf7YB\x08!\x19\xcf\
\x9f\xf6\x01V4\x1a\xc5\x7f\xff\xf7\x7f\xa7\xfd\xd2A`\
bx\xfb\xf7\xbf\xff}X,\x16\xadK\xd1\xc4\xc6\x8d\
\x1b\xb1{\xf7n\x8c\x8c\x8c\xa4\xc5RB\x00\x88\xfa\xfd\
\xf8\xf0?\xffo\xdc\xf2\xf0\xa3\xc8\xa9\xaaN\xe9R\xc2\
(S\xe2\x1ad;\xb1\x8403\xee\x0d3\x95\x81\xa9\
*\x14YF\xd8\xe5\xc3\xc0\xd1Vt\xed>\x82\xae\xbd\
M\x08\x8ez\xb4.O\xf7\xc2\x1e?\xc24\xc8\x9d\x10\
\xa2\x13\x0aS\x11S\xf5\x1b`\x01\x13\xcb\x08\xab\xed\xf9\
\x14`\x11B\x08\xc9D\xe9\x1d`\xa9\xaa\x8a\xe1\xe1a\
\xbc\xf2\xca+i\xd3\x91s!\x82 `\xfd\xfa\xf5h\
ll\x84 d\xe6\xf2-\x8e\xe3\xf0\xd3\x9f\xfe\x14'\
O\x9e\xc4\xce\x9d;\xd3f\xc9\xe8H\xf3I\x1cx\xf2\
1\xac\xb8\xffA8\x0a\x8bRv\xde\x88\xc2\xe2\xdaH\
\x5c\xe02`\x88;\x03b\xe10\xc6\xdb{\xd1\xbd\xef\
(N\xef>\x8c\xa1\x13\xedP\xa9\xcbjJ\xc2\x1e?\
\xedDH\x08\xd1\x0d\x85\xa9\x88\xaa\xfa~\x1d\x1f\x89\xfa\
\xa0\xd0\x1c,B\x08!\x99\xc9/\x02H\xcf=\xda\x01\
\x84\xc3a\xfc\xf9\xcf\x7fF8\x1c\xd6\xba\x94\xa43\x99\
L\xf8\xa7\x7f\xfa\xa7\x8c\x0d\xaf\xce*--\xc5\xf7\xbe\
\xf7=\xf4\xf5\xf5\xe1\xd8\xb1cZ\x97\x930\xc7^y\
\x09E\xb3\x1b\xd1x\xcbFX\xb2\x9d)9gDU\
\xe3\x0a~\xb94]B\xa8*\x0a|\x83c\x18hj\
A\xcf\xfec\xe8;t\x12\x81\x11\xd7D\x17\x16S\xc1\
\xf4\xba\xef\xba\x8e\x85=>\x84=i\xfb\x16D\x081\
\x18\x99\xa9\x88(\x92\xd6e\x5c\xd4p\xd4O\x01\x16!\
\x84\x90L\xe5K\xeb\x00+\x10\x08\xe0\xe9\xa7\x9f\xd6\xba\
\x8c\xa4\x13E\x11K\x96,\xc1\x8a\x15+2n\xf6\xd5\
Wq\x1c\x87[n\xb9\x05\xfb\xf7\xef\xc7\xc0\xc0\x00\xc6\
\xc7\xc7\xb5.)!\x98\xa2`\xdf\xff\xf7\x08\xf2j\xeb\
P\xb9\xe4J\x08&s\xd2\xcf\x19U\xe3\xed\xc0\xe2a\
J\x93!\xee\x11o\x00\xc3\xcd\x1d\xe8\xd9w\x0c\xbd\x9f\
\x9f\x84\xa7g\x10r4vf\xd6\x95\x92\xf6\x9d\x9d\xc9\
F\x1dX\x84\x10=1B\x07\xd6p\x98:\xb0Hf\
)--\xc5\xca\x95+QQQ\xa1u)Sv\xf4\
\xe8Q\x1c:t\x08^\xafW\xebR\xa6e\xf3\xe6\xcd\
(**\xd2t\x87\xfb\xb1\xb11\xec\xd8\xb1#m\xc6\
\xc4\x90\xb8\xf9D\x8e\xe3\xa2\x8c\xb1\x08\x00\xab\xd6\xd5$\
R(\x14\xc2\x8e\x1d;\xd0\xdd\xdd\xadu)Ig\xb5\
Z\xf1\xc3\x1f\xfe\x10\xa2(j]\x8a.X,\x16\xdc\
{\xef\xbdhkk\xc3[o\xbd\x956\xc3\xfbCc\
\xa3\xd8\xf3\xc8op\xed\xbf\xffo\x1454\x02I~\
\x13Q\x19CLU\xa12\x80\x9f\xc2\xa9\x04\x8e\x87\x99\
7\xe6\xcf\x22c\x0c\x9e\x9eA\xf4\x1fjA\xdf\xa1\x93\
\x18:\xd1\x81\xe0\x98\x1bJL\x86\x12\x93h\xe7\xc0\x04\
\x93\xc2QD<~\xc8\x91\x18Dk\xf2CYB\x08\
\xb9\x18\x85\xa9\x88\xea\xbc\x03+\xa4\xc4\xe0\x93\xa2p\x8a\
6\xf0\x192o\x92d\xb6\xca\xcaJ\xfc\xfd\xdf\xff=\
V\xacX\xa1u)S\xf6\xc4\x13O\xa0\xab\xab\xcb\xf0\
\x01\xd6?\xfc\xc3?`\xde\xbcy\x9a\xae\xf49q\xe2\
\x04\x0e\x1f>L\x01Vf\x8bp\x1c\x17=\xfb)\xd3\
\x8b4\x0b\xb0\xfc~?\x9e~\xfa\xe9\xb4\x09/.D\
\x10\x04\xd4\xd6\xd6\xe2\x96[n\xd1\xba\x14]\xa9\xad\xad\
\xc5\xe6\xcd\x9b\xd1\xd3\xd3\x83\xc3\x87\x0fk]NB0\
\xc60|\xfc(\x8en}\x1eK\xfe\xfe>\xe4TT\
%\xfd\x9c1\xc6\xc0\xc0\x80)l\xd8-r<,\x06\
\x0a\xb0\xa2\xfe \x86Nt\xa0\xef\xe0\x09\xf4\x1fn\x81\
o`\x14\xb1`\x18r4\x069*\x81e\xc0\x06\x10\
\x9aa\x0cao\x00a\xaf\x1f\xd9\xd6\x02\xad\xab!\x84\
d8\x99\xa9\x88\xe8\xbc\x03\x8b\x01\x18\x8d\xf9Qj\xcd\
\x86\x993\xce{-!\xf1\x12\x04\x01v\xbb\x1dN\xe7\
\xf4Fh\xa8\x8c\x01\x1c\x87T\xaeU\xb1Z\xadi\xb1\
:\xc6\xe1p\xc0\xe9tj\x1a`eee\xa5\xc5\xd7\
\x92L\x8b\x07\x00\xc4/\xfc\x8f\x12\xedjI\xach4\
\x8a\xe3\xc7\x8fc\xef\xde\xbdZ\x97\x92t\x0e\x87\x03w\
\xdf}7\xb2\xb3\xb3\xb5.EWDQ\xc4M7\xdd\
\x84\xe3\xc7\x8fc``\x00###Z\x97\x94\x10\x8a\
$\xa1\xf9\xaf\x7fAnu-\xe6\xdez\x1bly\xf9\
I=_X\x99\xe8\xc0\x12\xa6p\x93W\xe4\xf5\x1d`\
1\x95\xc1\xdd=\x80\xa1\xe3\xed\xe8oj\xc6\xd0\x89\x0e\
D\xbc~\xc4\x82\x11H\xe1\x08\x14Y\x01hi`\xca\
D|\x01\x84=~d\x97P\x80E\x08\xd1\x96\xac\xea\
\x7f\x09!\x00\x8cD|\x90\xb3KA}\xab\x84L\x9e\
\x0a\x80?\x13b\x11B\x0c\xc9\x0b|9\xc0J\x1b^\
\xaf\x17[\xb7nM\xfb\xe1\xed<\xcf\xa3\xa4\xa4\x04w\
\xddu\x97\xd6\xa5\xe8\x92\xd3\xe9\xc4\xe6\xcd\x9b\xd1\xda\xda\
\x8a\xd7_\x7f=m\xba\xf1\xa2~\x1f\x0e\xbf\xf0\x0cr\
**Q\xb3\xea\x1a\x88\x16K\xd2\xce\x15VT(`\
0M\xa1\x03K\xe0xX\x04\x01<\xc7M\xdc\xed\xd2\
\x18c\x0c\x11o\x00#\xcd\x9d\x18:\xd1\x81\xfe\xa6f\
\xf8\x87\xc6\x11\x0d\x84\x10\x0d\x84 \x85\xc24\x80]C\
\x11\xaf\x1f\x11\x1a\xe4N\x08\xd1\x01\x85)\x88\xa8\xfa^\
B\x08\x00#Q?dU\x05\xd2c\xdc$!)\xa1\
b*\xeb\x09\x08!:\xf4\xb5\x0e\xac\xb4\xa0(\x0az\
{{\xf1\xe6\x9boj]J\xd2eeea\xe3\xc6\
\x8d(//\xd7\xba\x14\xdd\x9a5k\x166m\xda\x84\
\x8e\x8e\x0e455i]N\xc2x\xfbzq\xf8\xc5\
?\xc3QX\x84\xd2\xcb.O\xdaP\xc5\xd0\x99\x0e\xac\
\xa9\xe0\xc0A\xe4\x04\x98x\x01QE\x9b;\xd9rT\
\x82\xbb\xab\x1f\x83\xc7Na\xf0x;\x5c\x9d\xbd\x88\xf8\
\x82\x88\xfaC\x88x\xfdP$\xfd\xdfa\xcf\x14\x11O\
\x00!7\x05X\x84\x10\xed\xc9L\xd5\xec}k*F\
\xa2~\xc8,=n\xca\x11\x92*\x0ac47\x8e\x10\
c\xfbR\x80\xe5\xd6\xb0\x90\x84\xf2x<x\xe7\x9dw\
0<<\xacu)I\xc5q\x1c\x0a\x0a\x0a\xb0e\xcb\
\x16Z\x0f|\x11f\xb3\x19\xd7]w\x1dZZZ\xd0\
\xd7\xd7\x87\xd1\xd1Q\xadKJ\x08\xa6(\x18h\xfa\x1c\
\xcd\x7f}\x1d\xd6\xdc\x5c\xe4\xd5\xd4%\xe5<AU\x85\
\x12G\x17\x95\xc0\xf1\xb0\x0a\xa2f\x1f\x04B.\x0f\x9a\
^|\x07=\xfb\x8f\x22\xec\xf1#\x16\x0aO\x0c\x0e!\
\xba\x13\xf6\xfa\x11v\xfb\xb5.\x83\x10B\x0c1\xc4\x1d\
\x00\x5c\xb1\x10\x22\x8a\x0c\x06\x06\x8ezJ\x08\x99\x14\xc6\
\x00F\xbf.\x84\x18\x99\x1b\xc0\xb99vi\x11`1\
\xc6022\x82W_}\x15j\x9a\x0f^\xce\xca\xca\
\xc2\x9a5k\xd0\xd8\xd8\xa8u)\xbaWXX\x88M\
\x9b6a\xed\xda\xb5\x9a\x0e\x1fL4)\x14B\xdb\xbb\
o\xa3\xfd\xbd\x9d\x08\x8d'gG\x8e\x89%\x84S7\
1\xc8\xdd\x94\xf0z&\x8b\xe3xp\x1c\xe0\xed\x1fA\
,H\xe1\x95\x9e\x9d\x9d\x81Es\xc7\x08!Zb`\
\x90\x99\x8a\x98\x01:\x9b$U\x81W\x0aCI\xf3k\
]B\x12Ia\x8c.5\x081\xb6/\x05X.\x0d\
\x0bI\x18\xbf\xdf\x8f\xbd{\xf7\xa2\xb9\xb9Y\xebR\x92\
\xae\xa0\xa0\x00\x9b7o\x86\xd9L#<'c\xce\x9c\
9\xd8\xb0a\x03\x16,X\xa0u)\x09\x15\x1c\x1d\xc5\
\xc9m\xaf\xa2w\xff^\xc8\x91H\xc2\x8f?\xb1\x84p\
\xea\xef\xf6\x22/\xc0\xaa\xe1 ws\x96\x0d%s\xeb\
5;?\x99<%*M\x0c\xd1\x0f%\xfe\xe7\x97\x10\
B&Ka\x0cQU\xd6\xc5\xec\xc6\xc9p\xc5\x82\x90\
\x18\x05X\x84L\x96\x0a\xba\x9fI\x88\xc1\xb9\x804\x0b\
\xb0\x86\x87\x87\xf1\xc6\x1bo \x92\x84\x0f\xf2z\xe2p\
8\xb0d\xc9\x12,[\xb6L\xebR\x0c\xc3b\xb1`\
\xcd\x9a5\xb8\xe5\x96[PP\x90^\xbb\x9d\xb9:;\
p\xe2/\xafb\xe8\xd8\x11\xb0\x04_\xcc\x06\x15\x15J\
\x1c\xef\xf6\x13\x83\xdc\xb5\xeb\xc02\xd9,(\x9c9\x03\
f\x87U\xb3\x1a\xc8\xe40\xc6\x10\xf1\x05\x11\xf6\xd22\
BB\x88vd\xa6L,{7\xc8'\xdcq)H\
s\xb0\x08\x99\x02\x95MtZ\x12B\x0c+\xbd\x02\xac\
p8\x8c\x93'Ob\xf7\xee\xddZ\x97\x92t\x85\x85\
\x85\xb8\xfd\xf6\xdb\x91\x9d\x9d\xadu)\x86RRR\x82\
\x0d\x1b6`\xdd\xbaui\xb5\x94P\x95e\xf4\x7f~\
\x00-o\xbf\x09\xf7\xe9\xce\x84\x1e;\xa4(q\xcd\xc0\
\x129^\xd3\x0e,^\x10`/\xc8A~M\xa5f\
5\x90\xc9\x8b\xf8\x02\x08\xbb\xbcZ\x97A\x08\xc9`\xb2\
\xaa\x22\xaa\xea\x7f\x80\xfbY\xaeXpb'BB\xc8\
\xa4\xc8\x8cMyc\x22B\x88\xae|)\xc0\x1a\xd7\xb0\
\x90\x84\x18\x19\x19\xc1\xce\x9d;\xe1r\x19>\x8b\xbb(\
\xab\xd5\x8a\xb9s\xe7b\xed\xda\xb5Z\x97b8\x1c\xc7\
a\xee\xdc\xb9\xd8\xb4i\x13\xe6\xcd\x9b\xa7u9\x09\x15\
\x0b\x06\xd0\xf9\xe1{h\x7f\x7f'B\xae\xc4\xfd:\x87\
\x14\x15j\x1cw\xab\xb4\xee\xc0\x02\x00\x93\xcd\x8a\xd2\xf9\
\xb4\x8c\xd0\x08\xa2\xbe\x00B.\xda\x89\x90\x10\x92\x5c\xaa\
\xaabdd\x04\xfd\xfd\xfd\x08\x87\xc3_\xfa3\x85\x19\
+\xc0\x1a\x8fQ\x07\x16!\x93\xa5\xe2\xcc\x0c,\xad\x0b\
!\x84L\xc78\xf0?\xbb\x10\x1a:\xc0\x92e\x19\x9d\
\x9d\x9d\xd8\xb1c\x87\xd6\xa5$]QQ\x11n\xbc\xf1\
F\x14\x15\x15i]\x8a!\xd9l6\xacZ\xb5\x0a\x9b\
6mBoo/\xdc\xee\xb4\xd8\xbf\x00\x00\xe0\x1f\x1c\
@\xeb\xdb\x7fEvi\x19f]{\x03D\xeb\xf4\x97\
\xcf\x85U\x06I\x9dXQ1\x95\x8d[&:\xb04\
\x0e\xb0\xecV\x94\xce\x9f\x09\xbc\x94\xfe\xaf\x0bF\x17\xf1\
\x05\x11vS\x80E\x08I\xbc@ \x80\xde\xde^t\
vv\xe2\xd4\xa9Shoo\xc7\xcc\x993q\xeb\xad\
\xb7\xa2\xae\xee\x7fv\xf0\x95\x99\xaa\xd9\xce\xb9\xf1\xf0\xc4\
B\x88\xa9\x14`\x112\x19QE\x05\xcf\x01\x02\xedB\
H\x88\x91})\xc0J\xce\x16f)2>>\x8e=\
{\xf6\xa0\xb33\xb1\xcb\xa7\xf4\xc6d2\xa1\xbe\xbe\x1e\
7\xdf|\xb3\xd6\xa5\x18ZYY\x19\xd6\xaf_\x8f\xe3\
\xc7\x8f\xe3\xb5\xd7^K\xab\x1d+\xc7\xdaZ\xd0\xfc\xe6\
\x1b\xc8*.E\xe5\xd2+\xc1q\xfc\xa5\x9ft\x11\x92\
\xaa\x22\xac(P\x19\x83\xc0M\xfe]\xdf\xc4\x09\xb0k\
\xdc\x81%Z\xccg\xe6`\xd9&v\x22$\xba\x15\xf5\
\x05\x11\xa2\x00\x8b\x10\x92\x00\x8a\xa2`hh\x08\xdd\xdd\
\xdd\xe8\xea\xeaB[[\x1b\xda\xdb\xdb\xd1\xd9\xd9\x89\x8e\
\x8e\x0e\x8c\x8f\x8f\xe3\xa6\x9bn\xc2\xf2\xe5\xcb\xbf\x14`\
I\xaa\x82\xa8*iX\xf9\xd4D\x14\x09A9\x0a\x85\
\xa9\x10\xa6\xf9^OH\xba\xf3+\x0aL\x1c\x07q\x0a\
\xd7\xb2\x84\x10\xdd\x19\x03\xd2 \xc0b\x8c\xa1\xab\xab\x0b\
\xdb\xb7oO\xab \xe2|\x0a\x0a\x0a\xb0z\xf5j\xd4\
\xd6\xd6j]\x8a\xa1\x9d]Jx\xc7\x1dw\xe0\xc4\x89\
\x13i\xb5k\xa5*\xcb\x18h:\x88\x96\xb7\xfe\x82\xac\
\xe2b\xe4\xd5\xd4]\xfaI\x97\x10PT\xc8S\x0d\xb0\
x\x01\x0e\xc12\xedsO\x07/\xf0\xb0\xe7\xe7 \xbf\
\xa6\x02C'\xda5\xad\x85\x5c\x5c4\x10B\xd8\xed\x03\
SUp<}\x10#\x84L\x8d\xc7\xe3AOO\xcf\
\xb9\xd0\xaa\xa3\xa3\xe3\x5c\xb7UOO\xcf\xd76\xf7\xf1\
x<\xf0\xf9\xbe\x1c\x9aKLAX1N\x80\xc5\x00\
\xb8\xa5\x10$U\x81 \xd0\xeb&!\x17\x13VTX\
M\xe2\x94\xaee\x09!\xba\xf3?\x01\x16\xc7q.f\
\x90m\x83\xbf\xca\xe7\xf3\xe1\xf0\xe1\xc38|\xf8\xb0\xd6\
\xa5$\x15\xcf\xf3\xa8\xaf\xaf\xc7\xad\xb7\xde\x0a\x8e^|\
\xa7\xcdf\xb3a\xc5\x8a\x15\xb8\xf3\xce;\xf1\xdb\xdf\xfe\
\x16^o\xfa\x0c\x90\x8e\xfa\xfd\xe8\xfa\xf4#8\xcb\xca\
\xb1\xf0\xce-\xb0\xe5\xe5O\xebx\x01Y\x81\xcc\x80\xa9\
\xc4Q&^\x80C4\x83\xe3\x00-_ZD\xab\x05\
e\x0bgQ\x80\xa5S\x82\xc9\x04Ga.\xf2\xaa\xcb\
PPWi\x98\xdd\xbf\x08!\xdaa\x8c!\x16\x8ba\
xx\x18\xfd\xfd\xfd\xe8\xe9\xe9A[[\x1b\x9a\x9b\x9b\
\xd1\xdc\xdc\x8cS\xa7N!\x14\x0a\xe1b\xd7\xb5^\xaf\
\xf7\xeb\x01\x96\xaa \xa4\xc4\x92]~B\xb9b!H\
L\x81\x15\xdav<\x13\xa2w\xd2\x99\xd7\x03\xfa\x04E\
\x88qq\x1c\xe7\x02\xfe\xa7\x03\x0b\x00\x86\x00\x94jS\
N\xfc\xba\xbb\xbb\xb1s\xe7N\x84B!\xadKI\xaa\
\xbc\xbc<\x5cy\xe5\x95X\xb0`\x81\xd6\xa5\xa4\x8d\xf2\
\xf2r\xdcz\xeb\xadhjj\xc2\xb6m\xdb.z\xb1\
k4\xbe\x81~\xb4\xed\xd8\x0ege\x15f_\x7f\x13\
\x04\xb39\xeec\x9d\xed\xc0\x9a\x0a\x81\xe3a\x15L0\
\xf1\x02b\x8av3:D\xab\x19\xe5\x0b\x1b\xd0\xf4\xc2\
\xdb\x9a\xd5@\xbe\x8c\x17\x04\xd8\xf3s\x90SQ\x8c\xdc\
\x19e(j\xa8F\xf9\xc2\xd9(\x98Y\x05\x8e\xba\x08\
\x08!\xe7\xa1(\x0a\x5c.\x17\x0e\x1f>\x8c\x81\x81\x01\
\xf4\xf6\xf6\x9e\x0b\xad\x8e\x1c9\x82\xc1\xc1\xc1)\xbd\x87\
{\xbd^\xf8\xfd\xfe/\xfd\x7f1UFP\x8e&\xba\
\xf4\xa4r\xc5\x82\x90h\x0e\x16!\x97\xa40\xbaGF\
\x88\xc1\x0d\x9e\xfd\x97/\x06X#0X\x80\x15\x89D\
p\xf2\xe4I|\xfa\xe9\xa7Z\x97\x92T\x1c\xc7\xa1\xae\
\xae\x0e\xeb\xd7\xaf\x87\xc9Dw\xd9\x12\x85\xe3844\
4\xe0\xee\xbb\xef\xc6\xf1\xe3\xc7\xd1\xd1\xd1\xa1uI\x09\
5\xd6~\x0a'\xff\xf2\x1ar**Q\xb6hq\xdc\
\x9d{~E\x99r\x80\x05\x9c]FhFL\xd1n\
\xfe\x94h6\xa1\xa8\xa1\x1a&\xbb\x15R(r\xe9'\
\x90\xe4\xe08X\xb3\xed\xc8*.@nU)J\xe6\
\xd6\xa1\xe2\xf29(\x9a]\x03kN\x96\xd6\xd5\x11B\
t\xce\xef\xf7c\xd7\xae]\xd8\xbbw/\x8e\x1d;\x86\
\x8e\x8e\x0e\xc8r\xfc\x03\xd7\xcf\xd7\x81\x15S\x15\x84\x0c\
\xb4\x84\x10\x00\xdcR\x10\x12\xedDH\xc8%)\x8cA\
\xa5\x04\x8b\x10#\x1b=\xfb/_\x0d\xb0\x0c\xa5\xbf\xbf\
\x1f\x9f~\xfa)\x86\x87\x87\xb5.%\xa9\xb2\xb2\xb2\xb0\
h\xd1\x22,[\xb6L\xebR\xd2\x8e\xddn\xc7\xf2\xe5\
\xcb\xf1w\x7f\xf7wx\xe8\xa1\x87\x10\x08\x04\xb4.)\
aTY\xc2\xe0\xe1C8\xfa\xf2\x8bp\x14\x97 \xa7\
\xa2*\xae\xe3\x04d\x15J<\x01\x1671\x07\xcb\x0d\
\xed\x02,\x8e\xe7a\xcbs\xa2\xa0\xae\x12C\xc7i\x19\
a\xaa\x99\xac\x168\x8ar\x91]Z\x84\xa2Y3P\
\xbeh\x0e\xca/k@VQ\x1eu[\x112M\x8c\
1\xa8i\xd49|1\x1e\x8f\x07o\xbf\x9d\xb8N\xda\
@ \x00\x9f\xcf\x07EQ \x08\x02\x18\x18b\xaa\x8c\
\x88\xe1\x02\xac0u`\x112\x09\x12c`\xd4\x83E\
\x88\x91\x9d\xcb\xaa\x0c\x1b`)\x8a\x82\xe6\xe6f|\xf0\
\xc1\x07Z\x97\x92t\xf5\xf5\xf5\xb8\xe1\x86\x1b\xe0p8\
\xb4.%-\x95\x95\x95\xe1[\xdf\xfa\x16>\xfb\xec3\
\xbc\xf3\xce;i\xb5\x940\x1a\xf0\xa3g\xdfn\xe4V\
U\xe3\xf2\xbf\xfb\x0e,\xd9\xce)\x1f#\xa0L\xcc\xc0\
\x9a*\x91\x17\xe0\x10\xb5\x1d\xe4\x0e\x00\x82\xd9\x84\x8aE\
s(\xc0J\x11\xc1$\xc2\x96\xe7\x84\xa30\x0f\xf95\
\xe5\xa8\x5c\xdc\x88\x19\xcb\x17\xc2YZ\x04^\x14\xb4.\
\x8f\x90\xb4!3\xd5PC\xc7\xf5D\x96e\xf8|>\
\x04\x83A8\x9dN\xc8\xaa\x8a\x88\x22Aa\xc6\xda\x0c\
\xc8/E\x10V$\xa8`\xe0i\xba\x0f!\xe7%1\
\x06\x851Mg\xb2\x12B\xa6\xed\xbc\x01\x96\xa1\xda\x98\
\x22\x91\x08\x06\x06\x06044\x04\x8e\xe3\xd2*t\xf8\
\x22\xab\xd5\x8a\xf9\xf3\xe7c\xd5\xaaUZ\x97\x92\xb6\xce\
.\xd1\xfc\xe1\x0f\x7f\x88\xa3G\x8f\xa2\xbf\xbf_\xeb\x92\
\x12\xca?8\x80\x96\xed\x7fA^M-f]\xf7M\
\xf0\xe2\xd4\x96\xa1\x06\x14\xf5\xdc\xf0\xcb\xa90q<\xb2\
t\x12`\x95_>\x07\x9f?\xfbW\xadKI[\x1c\
\xcf\xc3\x9a\x93\x05{\x9e\x139\x15%\xe7B\xab\xc2\xfa\
*\x08fZ\xf6LH2\xc4T\x19\x1e9\xbd\xe7\x7f\
&\x93\xcf\xe7\x83\xd7\xeb\x85\xd3\xe9DT\x95\x0d7\xc0\
\x1d\x00T\xc6\xe0=\xd3\x85e\xe1\xc5K?\x81\x90\x0c\
\xe4\x93\x14\x988\x0e\x22O!/!\x06v.\xab2\
l\x80\xc5\xf3<\x1a\x1b\x1b\xf1\xado}\x0b\xbbw\xef\
\xc6\xe0\xe0 <\x1e\x0f\x14\x0d\x07F'CMM\x0d\
\xd6\xacY\x83\xa2\xa2\x22\xadKIk6\x9b\x0dW^\
y%\xee\xb9\xe7\x1e\xfc\xfa\xd7\xbf\xfe\xda\x96\xdbF\xe7\
\xee:\x8d#/>\x8b\x82Y\xb3P8\xb3aJ\xcf\
\x0d\xc8\x0ab\xaa\x0a\x86\xa9\xed\xde\xa2\x9b\x0e,\x93\x88\
\x92\xc6:\x98l\x16Hac\x0d\xe8\xd53\x8e\xe3`\
\xb2[a\xcd\xc9\x86\xa30\x17UK\xe7\xa3\xf6\xaaE\
([0\x8bB+BR \xa6*\xf0J\xda-\xd1\
6:\xaf\xd7\x0b\xaf\xd7\x8b\xaa\xaa*\xc4\x0c\x1a`\x01\
\x80[\x0a!F\x01\x16!\x17\xe4QdXx\x1e&\
\xda\xc5\x9d\x10#3~\x80e\xb3\xd9\xb0j\xd5*,\
[\xb6\x0c---\xd8\xbau+\xdey\xe7\x1d\xf4\xf5\
\xf5\xc1\xedv#\x163\xe6\x85\xc8\x17\x89\xa2\x88\x85\x0b\
\x17b\xdd\xbauZ\x97\x92\x11\x8a\x8b\x8b\xf1\xedo\x7f\
\x1b\x1f}\xf4\x11>\xfd\xf4\xd3\xb4\xea\xeac\x8c!0\
<\x88\x9e=\x9fN9\xc0R\x18C@\x9e\xe8\xc22\
O\xe1\xcd\xdf\xc4\x09\xba\xe8\xc0\xe28\x0eVg\x16\x0a\
gVc\xf0X\x9b\xd6\xe5\x18\x1b\xc7A0\x89\xb0d\
\xd9a\xcbs\xa2\xfc\xb2\x06\xd4\xad\xba\x023\x96-\x84\
\xd9a\xd5\xba:B2\x06\x03CD\x91\xe0\x93\xd2\xeb\
fK*\xf9|\xbes\x83\xdcc\xaab\xd8\xe5\x98\x9e\
X\x08\x92*\x03\xd0\xfe\xfd\x96\x10=rK\x0a\x8aL\
&\x0a\xb0\x081\xb6\xf3\x06XC\x1a\x142mf\xb3\
\x19\x0b\x17.\xc4\xfc\xf9\xf3q\xff\xfd\xf7c\xdb\xb6m\
x\xfe\xf9\xe7\xd1\xdc\xdc\x0c\xbf\xdf\x8fp\xd8\xb8w'\
+**\xb0b\xc5\x0aTWWk]JF\xe08\
\x0e3f\xcc\xc0\xcf\x7f\xfesl\xde\xbc\x19.\x97K\
\xeb\x92\x12\x82\x17E8\xcb+0\xe7\xe6\x0d\x98w\xdb\
\xb7\xe2:\x86WV \xa9\x0cfa\x0a\x01\x16/ \
K4\xc7u\xbeD\xe3E\x01\x15\x8b\xe7P\x80\x15\x0f\
\x0e\xe0\x05\x01&\xab\x05\x16\xa7\x03\x05u\x95\xa8_\xbd\
\x14\xf5\xd7,AVq\xbe\xd6\xd5\x11\x92\x91\x22\x8a\x84\
\xb1X\x001\x1a\xe0\x1d\xb7\xb3K\x08\x81\x89\xe5\x98a\
\x83v`y\xe5\x08\xedDH\xc8Ex%\x19\x15\x16\
\x13-!$\xc4\xd8\xceeU\x86\x0f\xb0\xce\xe2y\x1e\
\xa5\xa5\xa5\xb8\xf7\xde{\xb1e\xcb\x16|\xf4\xff\xb3w\
\xe7\xd1q\x9d\xe7\x9d\xe7\xbf\xef\xddj\xdf\x80*\xec\x04\
\x01\x90\x047\x91\xe2*\x91\xd4.\xd9\xb2\xa9H\xb6\x16\
Ol\xc7QF:J\xecI;\x13'3\x938\x99\
\xce\x893\x93\xe9L:\xed\x9c\x1e\xcf9\xb6s\xe2N\
b\xb73\x9d\xb6\xe3\xd8q,\xb7F\xd4X\xb2,E\
\xb26J\xa2\x16\x92\x12)n\xe0\x02\x80X\xab\x80\xda\
\xee2\x7f\x80\xa4E\x8a$P@m@=\x9fs\xe8\
c\x01\xa8[o\x91\x85\xaa[\xbf\xfb<\xcf\xfb\xf4\xd3\
|\xeb[\xdf\xe2\xc9'\x9fdjj\x8a\x5c.\xb7\xa8\
*j4Mc\xd3\xa6M\xdc~\xfb\xed\xb5^JC\
\xf1\xfb\xfdl\xdb\xb6\x8d\xcf~\xf6\xb3|\xf9\xcb_^\
\xd06\xdd\xf5@7M\x9aW\xadf\xf3g\xfe{\xd6\
\x7f\xfc\x01\x94>\xbf!\xda\x93\xb6M\xc1u\x09\x95\xb0\
s\x9c\xa94\xc2\xba\x0f\x85\xaa\xf9\xce/\x9a\xa1\xd3\xb9\
i-/\xf3/5]\xc7b\xa24\x0d\xdd2\xb0\x82\
\x01\xe2\xddm\xf4\xde\xb0\x99\xbe[\xb6\xd1\xb2\xba\xa7\xd6\
K\x13\xa2\xe1\xa5\xed<\x03\xd9\xf1Z/cQ\xbb8\
\xc0r\x98^\xa4\x15X\x93\xb2\x13\xa1\x10WUt=\
\x14J\xb69\x10bq;}\xfe\xff\x18\x97\xfb\xe2b\
\x17\x0a\x85\xb8\xeb\xae\xbb\xb8\xf3\xce;y\xe3\x8d7\xf8\
\xbb\xbf\xfb;\xbe\xfb\xdd\xef211A\xa1P\xc0u\
\xeb\x7f\x97\x99\xa6\xa6&\xb6o\xdf\xce5\xd7\x5cS\xeb\
\xa54\x9cD\x22\xc1\xe7?\xffy\xf6\xec\xd9\xc3\xde\xbd\
{k\xbd\x9c\xf9Q\x0a\xc3\xe7\xa3\xfb\xfa]\x5c\xf7\xd9\
\xcf\xd3\xb9e\xdb\x82\x0e7QtJ\x1e\xe4\xae)\x8d\
\x80n\x110L\xa6\xed\xda^\xd9\xd6\x0d\x9d\x8e\x8d\xfd\
\xe8\xa6\x89S\x5c\x9c\x1fR\xaaA)\x85\xd25t\xd3\
 \xda\x9ed\x19\x0f\xcc\x98\x00\x00 \x00IDAT\
\xf9\xceM\xac\xba\xe3z\x99k%D\x9dI\xdb9N\
J\x80\xb5 K\xa5\x02k\xb2\x98\x93\x00K\x88+\xf0\
\x00\xdb\xa3\xc6\x97Q\x85\x10e\xf0\xc1\x0a,\xa5\xd4\xa0\
\xe7y6\x17\x87Z\x8b\x9aa\x18l\xde\xbc\x99\xcd\x9b\
7\xf3G\x7f\xf4G\xfc\xed\xdf\xfe-\xdf\xf8\xc67\x18\
\x18\x18\xa0X,\xd6uE\xd6\x96-[\xb8\xf5\xd6[\
Q\xd2\xaf]uJ)ZZZ\xf8\xcb\xbf\xfcK>\
\xfa\xd1\x8f\x92\xcf/\xb2\xc1\xdfJ\x11\x88\xc5Y{\xcf\
}l\x7f\xe4s\x84[\xdb\x16|\xc8Ig\xa6\x85\xb0\
T\xa6\xa6\x137\x035\x0f\xb0P\x0a+\x1c\xa0um\
/\xa7\xdfx\xb7\xae\x7f\xf7kA)\x85\xd2\x14\xc1\xa6\
\x18]\xdb\xd6\xb3f\xf7\x8d,\xdb\xba\x1e+\x1c\xa8\xf5\
\xd2\x84\x10\x97p<\x97\xf1\xc24C\xf9\xc9Z/e\
Q\x9b\x98\x98x\xdf\x0c,\xbb\xf6\xefS\xf34\xe5\xe4\
\xc9\xbb6\x1e\x9e\xd4\x98\x08q\x89\x8c\xe3`h\x0a\xe9\
\x1e\x14bQ\xb3\x95R\x17f`]\xda\x0f\xb4d\xaa\
\xb0.\xd5\xd2\xd2\xc2\x17\xbf\xf8E\xde|\xf3M\xbe\xfd\
\xedo\xb3k\xd7.\xfc\xfe\xfa\x1c:\x1c\x0c\x06\xd9\xbe\
};\xdb\xb7o\xaf\xf5R\x1a\x96eYl\xdb\xb6\x8d\
\xcf\x7f\xfe\xf3\xb5^J\xc9\xe2]\xcb\xd8\xf1o\xbe\xc0\
\x8d\xbf\xf3{e\x09\xaf\x00&\x8b.\x85y\x84>\xa6\
f\x107\x83eY\xc3B)M\xa3k\xfbz\x90P\
\xf8\x22f\xc0G\xd7\xf6\xf5\xdc\xfe\x87\xbf\xce\xa7\xff\xf3\
\x9fq\xd7\x9f}\x81\x157o\x95\xf0J\x88:\x95\xb6\
s\x9c\xceM\xe2J\x10\xbf \xe9t\x9a\x89\x89\x09<\
\xcf#\xbf\x88w!\xf4<\xc8\xd8R\x85%\xc4\xe5\x0c\
\xe5\x8bX\x9a\xc2\x90s?!\x16\xb3\x8b2\xaaK\xab\
\xadN\x01\xcb\xaa\xb7\x96\xeaRJ\x11\x08\x04\xb8\xff\xfe\
\xfb\xb9\xfb\xee\xbby\xf1\xc5\x17\xf9\xd6\xb7\xbe\xc5\x8f~\
\xf4#FFFj\xbd\xbc\x0b\xb6n\xdd\xca\x8d7\xde\
\x88e\xd5\xc7\x00\xecF\x15\x0a\x85\xf8\xe2\x17\xbf\xc8c\
\x8f=\xc6\x81\x03\x07\x16E\xd5N\xe7\x96ml\x7f\xe4\
\x7f\xa0\xe7\xa6[\xd0\xcd\xf2=\x7f&\x1c\x9b\xc2<*\
\xb0,5S\x81U\x0f4M\xa3k\xcb:^\xfe\xd6\
\xbf\xe0\xd5\x7f\x17qEi\x86N\xaa\xbf\x87\x95\xb7m\
g\xe5m\xdb\x89u\xb5\xa1\x9b\x06J\xd7\xa4\xeaS\x88\
:7Q\xccq*'\xed\x83\x0b\xe58\x0e\xe9t\x9a\
\xf1\xf4$y\xd7\xc6Y\x04\xef\xf1W2Y\xccSp\
\x1d,m\xc94Q\x08Q\x16#E\x07\xbf\xa6\xc9\x0e\
\x84B,n\xa7\xde\xff\x1f\x97\x0b\xb0\x96<\xc300\
\x0c\x83\x1bn\xb8\x81\xad[\xb7\xf2[\xbf\xf5[|\xff\
\xfb\xdf\xe7\xbb\xdf\xfd.G\x8e\x1c\xc1qjw\x15\xcb\
4M\xae\xbf\xfezv\xec\xd8Q\xb35\x88\x19J)\
\x9a\x9a\x9a\xf8\xeaW\xbf\xca/\xfd\xd2/\xd5\xf5\x8e\x96\
\xbae\xb1\xfa\xa3w\xb3\xf9\xc1\x87I\xad^\x8bn\x96\
w^\x91\xedzd\xec\x999X\xa5\x9c\x04\xcc\xb4\x10\
\xd6I\x05\x96\xae\xd1qm?\x86\xcf\xa2`\xd7\xef\xbf\
e%\xc5\xbb\xdb\xe8\xbbi\x0b\xab\xee\xd8ASo'\
V\xd0\x8fn\x99(m\xee\xc3\xf9\x85\x10\xb55ig\
9\x95\x9b\xa8\xf52\x96\x84t:\xcd\xd0\xe8Y\xa6\x03\
\x8b\xb3\xfa\xea\xbc\xb4T`\x09qYg\x0b6\x1d~\
\x13Sz\x08\x85X\xcc\xae\x1a`\x0dTq!5g\
\x9a&\xa6ir\xed\xb5\xd7\xb2j\xd5*~\xed\xd7~\
\x8d={\xf6\xf0\xf7\x7f\xff\xf7\xbc\xfe\xfa\xeb5\x99}\
\xb4a\xc3\x06v\xec\xd8A,\x16\xab\xfa}\x8b\x0f2\
\x0c\x83\x9d;w\xf2\xc8#\x8f\xf0\xd7\x7f\xfd\xd7\x14\x0a\
\xf5w\x92\x1blj\xe6\xdaO\xfd*\xeb\xef\xfd\x04\x91\
\xf6\x0e4\xa32W`\xc7m\x87\xbc\xeba\xeas?\
\x09\xb04\x9d\xb8U\x1f\x01\x16\x80\x15\x0a\x90Z\xdd\xc3\
\xa9\xd7\x0f\xe29\x8dQ\x86\x15l\x8a\xd1s\xc3&V\
\xdd\xb1\x83T\xffr\xfc\xd1\x10f\xc0\x87\xa6\x1b\xc8\xb8\
\x14!\x16\x97i\xa7\xc0\xd9\x5c\x86\xa9b\xfd\xbd\x17-\
F\x93\x93\x93\x0c\x8e\x9e%\xdb\xea\xab\xf5R\x16d\xb2\
\x98\xa5\xe0.\xee]\x93\x85\xa8\x84\xe1B\x91\x95!\x9f\
T`\x09\xb1\xb8]\x94Q]\xfaI\xf7d\x15\x17R\
7\x0c\xc3 \x1a\x8d\x12\x0e\x87ioo\xe7\xee\xbb\xef\
\xe6\xa5\x97^\xe2;\xdf\xf9\x0eO=\xf5\x14ccc\
UY\x87R\x8a\x1d;v\xb0c\xc7\x0ei\xe3\xa9#\
~\xbf\x9f?\xfc\xc3?\xe4\xd9g\x9f\xe5\x8d7\xde\xa8\
i\x85\xde\xa5\x9aW\xf6\xb3\xf5\xd7\x1ea\xc5\xed\x1f\x22\
\x90h\xaah%\xcdx\xd1&\xef\xba\x84\xf5\xb9\xdf\x87\
\xa1t\xa2\x86\x1fM\xa9\xba\x98\xd7\xa2\x94\xa2k\xcbZ\
\xce\xbcy\x08g\x09\x07X\xbae\xd2\xb5e-\xab>\
\xb4\x83\xae\xad\xeb\x08\xc4\x22X\xe1\xc0L\xb5\x95\xbc\xb6\
\x08\xb1hM\x14\xb3\x9c\xceO\xe0\xc9\x9eZe\x91N\
\xa79=2L\xa19U\xeb\xa5,\xc8\xa4\x9d\xa7\xe0\
\xd5\xcf\xb9\x89\x10\xf5\xa0\xe0zL;.>\xa5\xc9\x0c\
,!\x16\xb7\x8b2\xaa\x86\xae\xc0\xba\x94\xa6iD\xa3\
Q\x22\x91\x08---\x5c\x7f\xfd\xf5\xec\xdf\xbf\x9f\xc7\
\x1e{\x8c\x1f\xff\xf8\xc7\x1c>|\xb8\xa2\xf7\xbfj\xd5\
*v\xec\xd8AkkkE\xefG\x94\xae\xbd\xbd\x9d\
/}\xe9K<\xf2\xc8#\x8c\x8e\x8e\xd6z9(\xa5\
\xe8\xbd\xe5\x0e6\xfd\xca\xaf\xd1\xb1y\x0bV(\x5c\xf1\
`b\xc2v\xc8\xbb\xa5\x85>\x9aR\xf8u\x83\xb0\xe1\
c\xb2\x98\xab\xd0\xcaJ\xa0\x14][\xd7\xb3\xf7\xff\xf9\
1K\xedT_7\x0dR\xab{\xe8\xbda3\xbd7\
n&\xd8\x1c'\x10\x0bc\x86\x02\x12Z\x09\xb1DL\
\x14\xb3\x9c\xce\xc9\xee\x83\xe5\x92N\xa793:\x8ce\
Gj\xbd\x94\x05I\xdbYi!\x14\xe2\x12\xa3E\x1b\
\xbf\xaeI\xfb\xa0\x10\x8b\xdfU+\xb0\x1a:\xc0:O\
)E(\x14\x22\x14\x0a\xd1\xda\xda\xca\x86\x0d\x1b\xb8\xef\
\xbe\xfb\xf8\xc9O~\xc2\x8f~\xf4#\xde|\xf3\xcd\x8a\
T\xe1\xec\xda\xb5\x8b\xed\xdb\xb7cT\xa8\x05L\xcc\x9f\
R\x8a\x0f}\xe8C|\xf2\x93\x9f\xe4\xdb\xdf\xfe6\x99\
L\xa6fk1\x83!6<\xf0\xcb\xac\xfb\xd8\xfd4\
\xaf\xec\xc7\xa8\xd2n\x9ac\xb6Cn\x1e\x83\xdcM5\
3\x07\xab.\x02,\xa0\xfd\x9a\x95\x98\x01?\xc5\x5ca\
f\xfb\xa6EL7\x0d\x12=\x9d\xf4\xec\xba\x96\xee\xed\
\xd7\x10\xedH\x11HD\x09\xc4#2\xd7J\x88%\xc6\
\xf1\x5c\xc6\x8a\xd3\x8c\xe4g\xde\x7f<\xd7\xc3-\x16k\
\xbc\xaa\xc5-\x9dNsf\xe4,MNW\xe5\xef\xcc\
\x83\xfcT\x96\xccP\xf9/\x82\x15\xf4\x09\x06\xd4I|\
\xe1B\xddt\x86\x0f\x0d\x0d155U\xebe\x88%\
```\x80\xff\xf4\x9f\xfe\x13{\xf6\xec)\xe9v#\
\x05\x9b\xc1B\x91}\x01\x1f\xa1\x12\xba\x07\xca\xe9\x95W\
^\xa9\x8b\x0b\xdf\x0b\xf5\xd5\xaf~\x95\x96\x96\x16\xb4\x1a\
\x9e[\x0e\x0d\x0d188X\xb3\xfb\x175%\x01V\
)\xfc~?\x9d\x9d\x9d\xa4R)\xd6\xacY\xc3]w\
\xdd\xc5+\xaf\xbc\xc2\xa3\x8f>\xca\xb3\xcf>[\xb67\
\xe7\x8e\x8e\x0ev\xee\xdcIoooY\x8e'\xca/\
\x1c\x0e\xf3\xbb\xbf\xfb\xbb\xec\xdd\xbb\x97\xbd{\xf7R\xac\
\xc1\x07\x87H[;\x9b\x7f\xf5!V}\xf8\xa3D\xdb\
;\xd1\xca<\xac\xfdj&\xce\xb5\x10\x96\xca\xd0t\x12\
V\x90\xe3\xd3\xf5\xf1\x06\xee\x8b\x04I\xf6/g\xe0\xe5\
\xb7q\xed\xc573D\xd3u\xc2\xa9\x04\x9d\xdb\xd6\xb1\
l\xdbzZV\xf7\x12j\x8e\x13h\x8a\xa2\x9b\x12~\
\x0b\xb1T\x8de3\x1c:~\x94w_|\x95\xa1\x03\
G8\xf3\xe6\xbb\x9cz\xfd\x9dZ/kQ\x9b\x9c\x9c\
\xe4\xf4\xc8\x10>\xbb\xf23O]\xd7\xe5\xc0c\xcfr\
r\xef\xdb\x158\xba\xe2\x19_\x84\x80^\xbds\x82\xd9\
d\xb3YN\x9dj\x88\xbd\xa1D\x85\x0d\x0d\x0d\xf1\xe8\
\xa3\x8fb\x96x\xcek{\x1e\x8e\xe7a*\x8dZ\x15\
ae\xb3Y\xa6\xa7\xa7ks\xe7e\xf4\x83\x1f\xfc\xa0\
\xe6\x05\x16\xb6m39)\x15\xc8\x0d\xea\xc4\xfb\xff\xe3\
\xd2g\xe2\x09\xc4eY\x96E[[\xdb\x85 \xeb\x86\
\x1bn`\xdf\xbe}\xec\xd9\xb3\x87\x9f\xfc\xe4'\x0bN\
\x84w\xed\xda\xc5\xb6m\xdb\xf0\xf9\x16\xf7 \xd1\xa5n\
\xc5\x8a\x15|\xe1\x0b_\xe0\xf7~\xef\xf78y\xb2\xba\
#\xe3\xda6\x5c\xcb\xe6\xcf<\xc4\xf2\x1bn\x22\xd8\xd4\
\x5c\xf5\x0a\x9b\x9c\xeb2\xe5\xb8\xd8\x9eW\xd2,\x01\xf3\
\x5c\x80U7\x94\xa2\xf3\xda\xd5\x9c~\xfd\xe0\xa2\x09\xb0\
\x94R\x04\x9a\xa2\xb4]\xb3\x92e[\xd7\xd3\xb2\xb6\x8f\
Hk\x13\xa1d\x02+\x14\xa8\xf5\xf2\x84\x10\x15\xe0\xba\
.###\x1c<x\x90}\xfb\xf6\xf1\xe2\xdeW\xd8\
{\xe0M\xce\x9c\x1d\x227\x9e&7\x99\xa1\x98\xad\xfe\
f3K\xc9\xf9!\xee\xadN\x15.Hy\x1e\xe93\
gI\x9f9[\x91\xc3KT$\x96\xaab\xb1X\xb5\
y\xc4\xe2\xf2\x96B\x15\x99X\xd4\xae\x5c\x81\xa5\x94*\
x\x9e\x97\x03\xaa\xd3\x93\xb4\x08\xe9\xbaN\x22\x91 \x1e\
\x8f\xd3\xdf\xdf\xcf\xf6\xed\xdb\xb9\xef\xbe\xfbx\xf2\xc9'\
y\xe2\x89'8t\xe8P\xc9\xc7\x8c\xc7\xe3\xdct\xd3\
M\xf4\xf7\xf7W`\xc5\xa2\x9c4Mc\xf7\xee\xdd\xfc\
\xecg?\xe3\x1f\xfe\xe1\x1f\x98\x98\xa8\xfcV\xe6\x86a\
p\xf3=\x1f\xa3\xe5\x97\xee#u\xed\x16\xacP\x08j\
0\xd3\xc8\xf5`\xa283\x07\xcb\xd0\xf59\xdf\xceR\
:\xcdf\xa8\x82++]\xe7\xe6\xb5\xbc\xfa\x0f\x8f\xd5\
\xfd\x87?\x7f,Lju\x0f\x9d\x9b\xd6\xd0\xba\xb6\x8f\
hG\x8aH[\x12\x7f\xac\xf23\xcf\x84\x10\xb5\xf5\xd4\
SO\xf1_\xff\xeb\x7f\xe5\xcd7\xdfdhh\x88\xe1\
\xe1a2\x99\x0c\xde\x22o}\xae'SSS\x8cO\
\x8cc\xbb\x8e\xbc\xa6\x0a!\x84\x10\xf5'\xa7\x94\xbah\
\xeb\xe5\xcb\xd5\x02\xbe\x06\xec\xa8\xcez\x16\xaf\xf3s\xb2\
\xd6\xad[\xc7\xca\x95+\xd9\xb4i\x13\xbbw\xef\xe6\x85\
\x17^\xe0\x89'\x9e\xe0\x95W^\x99\xf3\x9c\xac\xed\xdb\
\xb7\xb3u\xebV\xc2\xe1p\x85W-\xca!\x1e\x8f\xf3\
\xb9\xcf}\x8e}\xfb\xf6\xf1\xf2\xcb/S(Tn;\
\xf3X,\xc6o\xfc\xc6op\xfd\xc7\xef\xe3\x8d\xa6v\
\xa6\xb4\xb9\x07G\x950n;d\x1d\x8fP\x09\xcb0\
5\x9d\xa4/\x8cR\xf53r\xaaum/\xbep\x90\
|z\xaa\xee>\x0c\x9a\x01?M\xbd\x9dt\x5c\xdbO\
\xeb\xba>\x12\xcb;\x88u\xb4\x10h\x8a\xa2\x95\x10\x1c\
\x0a!\x16\xb7\xa9\xa9)\xdex\xe3\x0d^x\xe1\x85Z\
/eI\x8a\xc5b\xf4\xf6\xaf\xa4\xa7\x7f\x15\x9e\xeb\xa1\
t\x09\xb0\x84\x10B\x88:\xf3\xfa\xa5_\xb8\x5c\x80u\
\x1c\x09\xb0JbY\x16+W\xae\xa4\xaf\xaf\x8f\xed\xdb\
\xb7s\xeb\xad\xb7\xf2\xfa\xeb\xaf\xf3\xb3\x9f\xfd\x8c\xa7\x9f\
~\x9a\xc9\xc9\xc9+~H\x0e\x04\x02\xdcq\xc7\x1d\xac\
Y\xb3\xa6\xca\xab\x16\x0b\xb1a\xc3\x06\x1ey\xe4\x11N\
\x9f>\xcd\x91#G*r\x1f}}}|\xfe\xf3\x9f\
\xe7\xfe\xfb\xef\xc7ji\xe3\xdd3\xa3L\x15j\xdb\xf2\
6V\xb4\xc9\x968\x07KW\x1aa\xc3GX\xf7\x91\
\xae\xc2\x9c\x91\xb9\xf0\xc7\xc24\xf5u\x919;\x86S\
\xa8\xfd\x10dM\xd7\x88v\xb4\xd0\xb2\xb6\x8f\xf6\x0d\xab\
H\xae\xec&\xd1\xddF(\x95\xc0\xf0Y\xb5^\x9e\x10\
\xa2\x06\xba\xbb\xbbioo\xaf\xf52\x96\x94p8|\
\xa1z\xfe\xdak\xaf%\xda\xdd\xca\xc9\x04\x0cj\xa5\xcf\
w\x14B\x08!D\xc5\x1d\xbb\xf4\x0bW\x0a\xb0\xc4<\
h\x9aF[[\x1bmmm\xec\xdc\xb9\x93\x9bn\xba\
\x89\x8f|\xe4#<\xff\xfc\xf3\xfc\xecg?\xe3\xd4\xa9\
S\xd8\x97\xcc\xdc\xd9\xb8q#\xdb\xb7o'\x91H\xd4\
h\xd5b>t]\xe7c\x1f\xfb\x18/\xbd\xf4\x12\xdf\
\xf9\xcew\xca\xda\x9b\xafi\x1a;v\xec\xe07\x7f\xf3\
7\xb9\xfb\xee\xbb\x89\xc5b\x14<\x0fK)\x14P\xcb\
z\xa1\xd1\xa2M\xd6)\xfdD\xdf\xd2\x0c\x92\xbep\xdd\
\x04X(E\xfb\xc6U\x9cz\xed@\xed\x02,\x05\xe1\
d\x82d\xffr\xda\xd6\xad\xa0ye7M=\x1d\xc4\
\xbaZ\xf1\x85\xebhf\x98\x10\xa2&\xba\xbb\xbb\xe9\xe8\
\xe8@\xd34\xdcyl\xa0!fD\x22\x11V\xacX\
\xc1\xc6\x8d\x1b\xd9\xb8q#k\xd6\xac\xa1\xbf\xbf\x9f\xae\
\xae.\x06\x9c4O\x0c\xedg(S\x99\xb9TB\x08\
!\x84X\x90\x0fdS\x97\x0b\xb0\x8eV~\x1dK_\
(\x14\xe2\xba\xeb\xaec\xf3\xe6\xcd\xdc|\xf3\xcd\xdcq\
\xc7\x1d\xbc\xf0\xc2\x0b\xfc\xfc\xe7?\xe7\xc0\x81\x03\xe4r\
9\x0c\xc3\xe0\xce;\xefd\xcd\x9a55\xdd\x96T\xcc\
O2\x99\xe4\xa1\x87\x1eb\xff\xfe\xfd<\xff\xfc\xf3e\
i%\x0c\x06\x83\xdcs\xcf=<\xf4\xd0C\xdcq\xc7\
\x1d\x17v\x5c\xf1)E\xd4\xd0\x19.\xd8\xd85ly\
\x9b\xb0\x1d\xa6\x1d\x07\x0fJ\xda\xaa\xdbT\x1a-\xbe\x08\
G\xa6F*\xb5\xb4\x92u\x5c\xbb\x9a\xd7|\x8fC\xa6\
\xba\xbb\xc3\xf8ca\x9a\xfb\xbahY\xd3Kre7\
\xcd+\xbah\xea\xed\xc2\x1f\x0d\xa3j\xb5M\x8e\x10\xa2\
\xee\xc4\xe3q\xba\xba\xba\x88F\xa3\x8c\x8f\x8f\xd7z9\
\x8bJ$\x12a\xe5\xca\x95\xac_\xbf\x9e\x0d\x1b6\xd0\
\xdf\xdfO\x7f\x7f?\xcb\x97/'\x14\xfa\xc5L\xc6\xe9\
\x89\x11\xa6\xec\xca\x8d\x01\x10B\x08!\xc4\x82\x1c\xbd\xf4\
\x0b\x97\x0b\xb0>P\xa6%\xe6\xcf4M\xae\xb9\xe6\x1a\
\xd6\xaf_\xcf-\xb7\xdc\xc2\xde\xbd{y\xfe\xf9\xe7y\
\xf1\xc5\x17)\x16\x8b\xec\xda\xb5\x8b\x96\x96\x96Z/S\
\xcc\xd3\xd6\xad[\xf9\xf4\xa7?\xcd\xc9\x93'\xe75\xc0\
\xff<M\xd3hii\xe1\x93\x9f\xfc$\x0f=\xf4\x10\
\x9b6m\xfa\xc0\xcf4\x9b&\xc7T\xa1\xa6\x01V\xde\
q\x99\xb4g\x06\xb9\xfbK\x08]MM\xa7\xc5\x17\xa9\
\xe0\xcaJ\xd7\xb2\xa6\x07\x7f4Dvl\x02\xcf\xad\xec\
\xdf\xa9n\x994\xf5v\x92\x5c\xd9M\xcb\xea\x1e\x9aW\
.#\xb5j9\xc1\xe6\x98\xcc\xb5\x12B\x5c\x96\xa6i\
,[\xb6\x8c\x8e\x8e\x0e\x09\xb0\xe6 \x12\x89\xb0j\xd5\
*\xd6\xae]\xcb\xbau\xebX\xb3f\x0dk\xd7\xae\xa5\
\xa7\xa7\x87@\xe0\xf2\xbb\xb5f\x9d\x02S\xf5R\x19,\
\x84\x10B\x88K\xcd\xa9\x85\xf0h\xe5\xd7\xd1x\x94R\
\xf4\xf6\xf6\xd2\xdb\xdb\xcb\xcd7\xdf\xcc\xde\xbd{\xc9f\
\xb3l\xdc\xb8\x11\xc3\xb8\xdc?\x83X\x0c\x0c\xc3\xe0\xde\
{\xef\xe5\xb5\xd7^cddd^\xad\x84\x96e\xb1\
z\xf5j>\xf3\x99\xcf\xf0\xe0\x83\x0f\xd2\xd1\xd1q\xd9\
\x9fKY\x06\x96\xa6\xc8\xd5\xb8\x93df\x90{\xe9\x01\
V\xaa\xce\x02\xac@<JSo'\x93\xa7\x86\xb1\xf3\
\xe5\xbf\x02\xaf\x19:\xb1\xceV\x9aWt\xd1\xbcb\x19\
-\xfd=\xa4V\xf7\x10\xeblA3$\xb4\x12B\xcc\
\xae\xbb\xbb\x9b\xae\xae.\xde~\xfb\xedZ/\xa5\xee(\
\xa5.\xcc\xb4Z\xbdz5k\xd6\xaca\xfd\xfa\xf5\xac\
_\xbf\x9e\xde\xde^,\xeb\xea\xf3\x03]\xcfc\xda.\
\x92uj?\x07Q\x08!\x84\x10\x97u\xf4\xd2/H\
\x80U\x03\xa9T\x8a\x8f|\xe4#\xb5^\x86(\x93\xd6\
\xd6V>\xfd\xe9O\xf3\xce;\xef\xf0\xcc3\xcfP,\
\xce\xfdd8\x14\x0a\xb1s\xe7N\x1e|\xf0A>\xf1\
\x89O\x10\x0c^y\xf6Q\xcag`\xd6\xc16\xdfc\
E\x87)\xc7%a\xce\xfd6\xba\xd2HXA|\xba\
A\xde\xa9\xed \xfa\xf7k\xdf\xb0\x8a\x93{\xf7\x97-\
\xc0\xd2t\x9d`2NSO\x07M\xbd\x9d\xb4\xac\xe9\
\xa3m}\x1f\xcd}\xcb$\xb4j\x00\xc3\xef\x1e#7\
\x9e\xa1\x92\x93\xea\xb2\xa3\x13u=\x0f\xc9q\x1c\x8e\x1d\
;\xc6SO=U\xd3uD\xa3Q\xd6\xacYsQ\
\xbb\xd8b\xd4\xd2\xd9A\xb2\xbd\xad\xd6\xcb\xa8\x1b\x9a\xa6\
\x11\x89D\xe8\xeb\xebc\xe5\xca\x95\xac^\xbd\x9aM\x9b\
6\xb1i\xd3&zzz\xd0K\xa8h\xcd\xbb6\xd3\
N\x01\xc7\xab\xdf\xdf'!\x84\x10\xa2\xc1\x1d\xbd\xf4\x0b\
\x1f\x08\xb0\x94R\x19\xcf\xf3\x06\x81\xd6j\xacH\x88\xa5\
`\xe7\xce\x9d\xdcw\xdf}\x1c?~|N\xad\x84J\
)\x9a\x9b\x9b\xb9\xf3\xce;y\xf8\xe1\x87\xb9\xfd\xf6\xdb\
g\x9d\x83\x96\xb2L\xac:\x98\x914V\xb4\x99.q\
\x90\xbbB\xe1\xd7L\x9a\xcc \xa7\x9d\xc9\x0a\xad\xact\
\xed\x1bVa\xf8}@z\xde\xc7P\x9a\x86/\x12\x22\
\xd6\xd9BSO\xc7\x85\x9d\x04[\xd6\xf4b\x06|\xe5\
[\xac\xa8{\x07\x1e{\x96\xd3\xaf\xbfs\xc5]g\xcb\
a\xe4\xbd\x01\x5c\xdb\xa9\xd8\xf1\x17\xaaX,\xf2\xcc3\
\xcfp\xe2\xc4\x89\x9a\xaec\xdd\xbau|\xf1\x8b_\x5c\
\xf4\x01\x96\xd9\x14\xc2\x97\x8a\xa1\x9b\x06N\xb1~\xc2\xff\
j\xd24\x8dp8Lww7}}}\xac[\xb7\
\x8e\xad[\xb7\xb2y\xf3f\xfa\xfa\xfaP\xf3\xbc\xb03\
\xe5\xe4\x99rd\xfe\x95\x10B\x08Q\xa7\x06\x95R\x99\
K\xbfx\xa5\xde\xb5\xf7\x90\x00K\x8893M\x93\xfb\
\xee\xbb\x8f\xb7\xdez\x8b\xb3g\xcf^u^\x89a\x18\
,[\xb6\x8c{\xef\xbd\x97_\xff\xf5_g\xdd\xbau\
s\xba\x8f\x98\xae\x13\xd0u4e\xe3\xd6p\x0e\xd6\xb8\
=S\x81U\xea wC\x9b\x19\xe4~:W?\x01\
Vr\xd5r\xfc\xb10\x99\xa1Q\xbc\x12\xaaZ\x94R\
\x98\x01?\xe1\xd6f\xe2\xcbZI\xae\xea\xa6}\xc3*\
\xda\xaeYE8%;\x8a6\xaa\x91\xc3\x03\x0c\xec\xdd\
_\xd2si\xa9q\x1c\x87\xe3\xc7\x8fs\xfcxm7\
4\xce\xe7\xf3LOWw\x83\x86J\x18\xa7@1\xe1\
'\xd0\x14#3X?\x9b`T\xda\xf9J\xab\xae\xae\
.\x96/_\xce\xea\xd5\xab\xd9\xbcy3\xdb\xb6m\xa3\
\xbf\xbf\xbf\xa4J\xab+\x99\xb6\x0bL\xcb\xfc+!\x84\
\x10\xa2^\xbdw\xb9/^)\xc0:\x02\xec\xac\xdcZ\
\x84Xz:;;\xf9\xe5_\xfee\x0e\x1d:\xc4\xd3\
O?}\xd9V\xc2@ \xc0\x9a5k\xf8\xd4\xa7>\
\xc5C\x0f=T\xd2\x00\x7fCS$L\x9d\x939\xc8\
\xd7.\xbfb\xcavH\xdb\x0eE\xd7+\xa9\x22\xccP\
\x1a\xad\x81(L\x9c\xac\xe0\xeaJ\x13\x88Gh\xea\xe9\
`\xfc\xf8i\x8a\xd9\xd9?\xc8\x18~\x8b`S\x9ch\
{\x92\xe6\xbe.\xda7\xf6\xd3qm?\xf1em(\
\xd9IT\x08QFy\xd7\xe6L>M1\xe1'\xda\
\x96\x5c\xf2\x01\xd6\xf9J\xab\x8e\x8e\x8e\x0b\xa1\xd5\xf6\xed\
\xdb\xd9\xbe};+W\xae,Kh\xf5~\xd3NA\
*\xb0\x84\x10B\x88\xfau\xe4r_\xbcZ\x05\x96\x10\
\xa2D7\xdex#\xf7\xde{/G\x8e\x1c\xe1\xf0\xe1\
\xc3\x17}/\x12\x89p\xddu\xd7\xf1\xf0\xc3\x0f\xf3\xc0\
\x03\x0f\xe0\xf7\xfbK>~\xd22\xb14\x8d\xbc[\xbb\
\x16\x22\x8f\x996\xc2)\xc7\xc1\xd2\xe6\xbe\x01\x81\xa1t\
\xda|\xb1\xca-l\x9e\xda\xd6\xaf\xe4\xc4\xcbo_1\
\xc0\xd2\x0c\x1d\x7f4L\xb8\xb5\x89\xa6\xe5\x1d\xb4o\xec\
\xa7k\xeb:\x9aW,C7e\x03\x06!De\x9c\
\xcdg\x18\xcaM\xe2K\xc5\x89\xb4%\xe1\xf5\x83\xb5^\
R\xd9i\x9aF(\x14\xa2\xa5\xa5\x85\xce\xceN\xd6\xae\
]\xcb\x0d7\xdc\xc0\xce\x9d;\xe9\xed\xed-{h\xf5\
~\x19;OF*\xb0\x84\x10B\x88zUR\x05\xd6\
\xe1+|]\x08q\x15\xa6i\xf2\xb1\x8f}\x8c\xb7\xdf\
~\x9bo\x7f\xfb\xdb\xa4\xd3i4M\xa3\xb9\xb9\x99\xdb\
o\xbf\x9d\xcf~\xf6\xb3\xdcv\xdbm\xf3\x9e\xd9\x914\
\x8d\xba\x98\x835Z\xb4I\xdb\xa5\x0dr?\xdfBh\
(\x1d\xdb\xab\x9f\x19>\xad\xebW`\x05\xfdL\xbf\xaf\
\xb8Ai\x1aV(@\xb0)J\xac\xa3\x85\xd6\xf5+\
Y\xbec#-k{\xf1\x85\xaf<h_\x08!\xca\
\xe5dv\x8c\xa1|\x9apK\x13\xd1\xf6$J\xa9\x8a\
\xceW\xab\x96\xf3\xbb\x07&\x93I\xda\xda\xdaX\xbbv\
-;v\xec\xe0\xa6\x9bnb\xe5\xca\x95U\xd9\x99\xd9\
\xc3;\x17`\xe5*~_B\x08!\x84\x98\x97\xcbf\
R\x12`\x09Qf\xcb\x96-\xe3\xfe\xfb\xef\xe7\xddw\
\xdf\xe5\xd9g\x9f\xa5\xb5\xb5\x95\x07\x1ex\x80\xcf~\xf6\
\xb3\xf4\xf7\xf7/\xe8\xd8)\xcb\xc0\xaa\x83\x9d\x08G\x8b\
6\x19\xa7\xb4\x10J\xa1\x08\xea\x16I_\x883u4\
\x07+\xd5?3\x07K\x9d\xd40|&\xfeX\x84p\
*A\xcb\xda>\xba\xaf\xdf@\xe7\xe65\x84\x9a\xe3\xb5\
^\xa6\x10\xa2\x81\xe4]\x9bS\xb9\x09\xc6\x0a\xd3\xf8c\
a\xc2\xad\xcd\x98A?\x85\xa9l\xad\x976/\xe7C\
\xabD\x22AKK\x0b\xd7\x5cs\x0d7\xdex#\xb7\
\xdcr\x0b===U\x09\xad\xde\xaf\xe8:d\xec\x1c\
\xb9:\xda\x15W\x08!\x84\x10\x17\x91\x00K\x88j\xb9\
\xf9\xe6\x9b9t\xe8\x10\x96eq\xd7]w\xf1+\xbf\
\xf2+\xc4\xe3\x0b\x0fA\x92\xa6A@\xd3P\xcc\xb4\xf2\
\xd5\xca\xb8\xed\x90\x9e\xe7 \xf7\xae@\xa2\xae\x02,\x7f\
4L\xeb\xba\x15x\x8eK\xbc\xbb\x9d\xe5;6\xb2|\
\xc7F\xc2\xad\xcdh\xba\xcc\xb5\x12BT\xdf\x99\xdc$\
C\xb9\x0c\xb6\xe7\xce\x84?\xa9&\x22mIF\x0e\xd7\
vw\xc7R(\xa5\x08\x85B\xc4b1\x92\xc9$\x9b\
6m\xe2\xd6[o\xe5\xb6\xdbn\xa3\xb3\xb3\xb3\xea\xa1\
\xd5\xfb\xa5\xed<i[\xe6_\x09!\x84\x10ul\xee\
\x01\x96R\xea\x94\xe7yi R\xd1%\x09\xb1D\x99\
\xa6\xc9\x03\x0f<\xc0\xc7?\xfeq\x9a\x9b\x9b1\xcd\x12\
z\xed\xae\xc2\xafk\xc4L\x1d3\xaf(\xb8\xb5\x8b\xb0\
\xb2\x8e\xcbD\xd1&\xef\xba\xf8K\x18^n(\x8d\xae\
@\x9c\x97\xc7\x8eUpu\xa5\xdb\xfc\xa9\x8f\xe2\xfb\x8d\
\x07\x086\xc5\xd0\x8c\xca\xcd\x5c\x11B\x88\xb9\x18\xc8\x8e\
q\xb6\xf0\x8b\x9d\xa3\xc3-\x09\xa2\x1d\xa9E\x11`\x05\
\x02\x01\xc2\xe10MMM\xec\xd8\xb1\x83\x0f\x7f\xf8\xc3\
\xdc~\xfb\xed\xb4\xb4\xb4Tt\xa6U)&\x8bYi\
\x1f\x14B\x08!\xeaWZ)u\xear\xdf\xb8\xda\xe5\
\xafC\xc0\xe6\xca\xacG\x88\xa5/\x99LV\xe4\xb8-\
>\x93\xc3\xd3y\x0a5\x1c\xe4\x0e0^tH\xdb.\
~k\xee\x01\x96\xae4\xba\x82\x89\x9aW\x90]\xaay\
\xc5\xb2Z/A\x08!\x00(\x9ck\x1f\x9c(\xfe\xa2\
]0\x9cJ\x10kO\xd5pUW\xa6\x94\xc2\xb2,\
\x82\xc1 \xe1p\x98\xad[\xb7\xf2\xd1\x8f~\x94{\xee\
\xb9\x87\xb6\xb66\xb4:\xdc\xa15m\xe7\x99\x92\x01\xee\
B\x08!D\xbd:t\xa5o\x5c-\xc0z\x17\x09\xb0\
\x84\xa8;-\x96\x89_\xd3\x98\xa4\xb6\x01\xd6\x98m3\
i;\xa4\xac\xb9\xb7\x81\xe8J#i\x85\x09\x18&\xd3\
v\xb1\x82\xab\x13B\x88\xc5i ;\xcep.\x8d\xe3\
\xb9\x17\xbe\x16J\xceT`)M\xe1\xd5\xb0\xfa\xf6<\
\xa5\x14\xa6i\xe2\xf3\xf9.\xec\xb0{\xf7\xddw_\xa8\
:\x9e\xefF%\xd5\x92\xb6s\xa4%\xc0\x12B\x08!\
\xea\xd5\xbbW\xfa\xc6l\x01\x96\x10\xa2\xce\xa4,\x03\x7f\
\x9d\xecD8a\xdb\x80\xaf\xa4\xdb\xe9J\xa33\x90\xe0\
\xdd\xf4Pe\x16&\x84\x10\x8b\xd8\xf1\xe9QF\x0bS\
\x17}M\xb7LB-M\x84\x9a\xe3d\x86\xc7j\xb2\
.\xa5\x14\x9a\xa6a\x9a&\xf1x\x9c]\xbbv\xf1\xf1\
\x8f\x7f\x9c\xbb\xee\xba\xabb\x15\xc7\x95\xe0\xe1\x91.\xe6\
\xa4\x02K\x08!\x84\xa8_\x12`\x09\xb1T\xa4L\x03\
\xbf\xae\xd7\xbc\x0do\xac\xe80Qtp=\x0f\xad\x84\
\xab\xed\xbaR,\x93\x00K\x94\x89Rj\xe6O\x05B\
]\xa54\xa8\xf3J\x12\xb1\xb4\xe4]\x9b\x81\xec\xd8E\
\xed\x83\xe7\x85\x9a\xe3\xc4:[\xab\x1e`\x9d\xaf\xa6J\
$\x12\xdct\xd3M|\xf2\x93\x9f\xe4\xc3\x1f\xfe\xf0\xa2\
\x0a\xad\xdeo\xda.\x92\xb1\xf3\xd8\xef\xabp\x13B\x94\
\x99R%m\xf2S\x0e\xa5n,$D=\xaa\xf7\x0a\
\xe6*\x9aW\x80\xf5N\x05\x16\x22\x84X S\xd3h\
\xb2\x0c|Y\x8d\x9c[\xbb\x13p\xd7\xf3f\xda\x08\x1d\
\x97x\x09\x83\xcfu\xa5\xd1\x1dLTpe\xa2\x91l\
\xfe\xd4n\xae\xfd\xe5\x8f\x80W\x818W)\xb4:\x19\
:-\x1a\xc3\xb1\xa9QF\x0b\xd3\x97\xbd8\x11J\xc6\
\x89u\xb5r\xf2\xb5\x03U[O[[\x1b\xb7\xdcr\
\x0b\xf7\xde{/\xb7\xdcr\x0b\xc9d\x12]\xd7\x17\xf5\
\x09v\xda\xce1\xe5\xc8\x0e\x84BT\x82\xd24R\xab\
\xfay\xe4\x7f\xfc\x021S\xafJ\xa0\xe4x\x1e\xafL\
L\x91u]:\xfd>z\x03\x16\xfa\x22~\x8d\x12\x8d\
\xad\xad\xad\x8d\x96\x96\x96Z/\xa3\x1e\x5c1\x8b\x92\x00\
K\x88E(e\x1a\x04\xf4\xda\x06X\x00\xa3\x05\x9b\xb1\
\x82]R\x80\xa5)\x8d\xae@\x13\x9aR\xb8\x95\x08\x1d\
DCQ\xba\x86\xae\xd7\xdf\x90h!\xe6\xe3\xc8\xd40\
c\x97\xb4\x0f\x9e\x17J&\x88uU\xfe\xa4\xb6\xa3\xa3\
\x83\x9bo\xbe\x99\x8f}\xecc\xec\xda\xb5\x8bT*\x85\
i\x9a\x18\x86\xb1\xa8\x83\xab\xf3&\x8a\xd3W\xdd\x810\
\x94J\xb0\xfd\xa1\x8fs\xcd\xc7o\xab\xe2\xaa\xcagE\
(\xc5\xf5\xcd=\xb4\xfa\xa2\xb5^J\xd5\xbd\x9d\xc9\xf2\
\xb3\xb1I\xb2N\xed\xce-t\xcb\x22\xd8\xd4\x5c\xb3\xfb\
\xaf5\xa5\xebt\xae]\xcf\x1f|\xf4V\xcc*\xbc^\
x\xc0`\xbe\xc8\xff}l\x10\x0f\xf8t{3\xeb\xc3\
\x01\xf4\xc5\xffR%\x1a\xd4\xf9V}1\x8f\x00K)\
5\xe2y\xde \xd0Z\x91%\x09!\xe6\xad\xc5g\x12\
\xd05\xc6j<\x07}\xac\xe80n\x976L^\x01\
\x01\xdd$\xe5\x0b3\x98KWfaB\x08\xb1\xc8\xa4\
\xed\x1c's\x13d\xaeP\x1d\xe4\x8f\x85\x89\xb6\xa70\
\x03>\x8a\xd9\xf2\xceojkk\xe3\xc6\x1bo\xe4\xee\
\xbb\xeff\xe7\xce\x9d\xb4\xb4\xb4\xe0\xf7\xfb\xb1,\xab.\
w\x11\x5c\x88\xb4\x9dg\xfa*\x15X\xbai\x10J&\
\x085\xc7\xab\xb8\xaa\xf2I\x85S\xach]Moh\
q\xb6x.\x84=9\xcd\xe1\xe1q\xc6\x8bv\xed\x16\
\xa1\x00\xb5\xb4~gJ\xa1)\xe8\x0e\x05\x88\x04\x83U\
\xa9\xbe*z\x1e\x039\x07\xdd\xe7C)\xc5\x8ax\x94\
\x90eH+\xa1\x10\x8b\xdb\xa0Rj\xe4J\xdf\x9cm\
\xfb\xb0\x83H\x80%D\xddi\xb5\x0c\x82u\xf0\xa1b\
\xcc\x9e\x09\xb0J\x9d;\xa0\xa1X\x1elf(\x97\xc1\
\xab\xe9$/!\x84\xa8\x0f\x872\xc3\x8c\x14\xa6\xf0\xae\
P\x99\xaa\x94\x22\xd8\x14#\xda\xde\xc2\xc8{'\x16|\
\x7f\x9d\x9d\x9d\xdct\xd3M\xec\xde\xbd\x9b\xad[\xb7\x92\
J\xa5\x08\x87\xc3\xf8\xfd\xfe%\x17Z\xbd\xdfD1K\
f\x96\x01\xee33\xf5\x16\xe7G\xe0\xa2\xf2p5\x85\
\xde\x80\xed\xcf\x96\xa1c\x1a\x06\xaa\x0ev\xealT\x1a\
\x8a\xde@i\x9b\xfb,\x84\xedy\x1c\x9c\x9a\x99\x19\xd8\
l\x19D\x0cm\x91\xfe\xe6\x0a!\xde\xe7\xe0\xd5\xbe9\
[\x80u\x00\xb8\xb9|k\x11B\x94C\xcc0\x88\x18\
:\xbaR85l\xc3+\xba.\xe3E\x9b\x8c\xed\x10\
)\xa9\x8dP\xb1\x22\x94\xe2\xa5\xd1c\x15\x5c\x9d\x10B\
,\x0e\x1e\x1e\x87\xa7\x86\x19/L_\xf5\xe7\x82M1\
\xe2\xcbZ\xe7\x1d`\xb5\xb4\xb4\xb0s\xe7N\xee\xb8\xe3\
\x0ev\xed\xdaE{{;\xd1h\x94`0\xb8\xa4C\
\xab\xf3\x1c\xcf%m\xe7\xc9:5._\xae\xa0\xbcS\
\xc4vK\xab\x8c^*4\xa5\xa4u\xac\xc64\x05}\
A\x7fUB$\x0f\xc8:\x1eG\xb3y\x14\xd0\xe5\xb3\
J\xdaTH\x08Q\xb7\xae:\xecs.\x01\x96\x10\xa2\
\xce\xe8j\xa6\x8d04\xad1Yb\x0b_9y\xc0\
X\xd1f\xac\xe4\x00K\xa3/\x9cD\xd7\x14\xb6\x5c)\
\x15B4\xb8\xd3\xb9I\xce\xe4&)\xcc\x12<\x04\x9b\
c\xc4\x97\xb5\x95t\xec\xd6\xd6Vn\xb8\xe1\x06n\xbb\
\xed6\xae\xbb\xee:R\xa9\x14\x89D\x82H$\xd2p\
U:\x19;\xcf\x94\x9d_\xd2\xf3\x17s\xaeM\xd1k\
\xd0\x00\x0b$\xc0\xaa1K\xd3\xe8\xf2YU\xb9/\xdb\
\xf38\x9e\xcb\x93w\x5c\x14\xd0\xed\xb7X\xfa1\xbc\x10\
\x0daA\x01\xd6\xfe2.D\x08QF-\x96AH\
\xafm\x80\x053\x01\xd6h\xd1\xa6\xdb?\xf7\x13\x16\x05\
D\x0c?\xad\xbe(\xa7\xb2\x13\xd2F(\x96\x84\xed\x0f\
}\x9c\xb5\xbft\x13\x0by:\x1bJcy\xb0\x89\x9d\
\xcd}\xe5[X\x03jnn\xa6\xab\xab\xab\xd6\xcb\x98\
\xb3w\xd3C\x8c\x17\xa6g}-\x0c&\xa2\xc4\x97\xb5\
\xa14\x0d\xef\x0a\x9bxh\x9aF{{;\xb7\xdcr\
\x0b\xb7\xdcr\x0b\x1b7n$\x99L\xd2\xdc\xdcL,\
\x16k\x88J\xab+\x99\xb0\xb3W\x9d\x7f\xb5\x14\xe4\xdd\
\x22\xc5\x86\xad\xc0\x82\xea\xec{'.GW\x8av\x9f\
\x89\xbfJ)b\xd1\xf5xw*73\xc6B\xc1\xf2\
\x80T`\x09\xb1D\x5c5\x83\x92\x00K\x88E\xaa\xc5\
2\x09\x19:\xe4k\xdb\x0a1Vt\x18)\xd8\xf3\x9a\
\x83\xd5\x1bJr&7Y\xd36H!\xca\xa5\xed\x9a\
\x95x\xce\xfcw\x06U\x0a\xe2f\x90Ovmey\
\xa8qw\xb1*\x07M\xd3\xb0\xac\xeaT\x01,T\xde\
-rdz\x98\x8c3\xfb`v\xddg\x11nI\x10\
j\x8e\x91\x19\x1e\xbb\xf0u\xc30hoog\xd7\xae\
]\xdcp\xc3\x0dl\xda\xb4\xe9\xc2V\xdc\xd1htI\
\xec\x1eX\x0e\xe3\x85\xe9Y\xe7_-v\x05\xd7\xc1\xf6\
\xdc\x92\xdf\x93\x97\x02\x0d%\x01F\x0d\xe9\x0az\x02\xbe\
\xaa=\xef\x0a\x9e\xc7\xa1\xe9\x99\xdfg\xbf\xae\xd3\xea3\
\x1b\xee9/\xc4\x125\xff\x0a,\xa5\xd41\xcf\xf3\xd2\
@\xa4\xacK\x12B,X\x93\xa9\x13\xd154\xa5j\
\xda\x0e\x91w]F\x8b6i\xdb!ZB\x1b\xa1R\
\xb02\x9c\xe2\x85\xd1#\xd4p\xc7k!\xcaF7\x0d\
X\xc0\xce\xc7\x01\xdd\xe2\xba\xe6>V6\xb7c\xa8\xc6\
j\xedjd\xc7\xa6G9\x9b\x9f\xc2\xbeBE\xd5\xfb\
)\xa5\x08$f\xda\x08\xa7G'\x096\xc7\xe8\xb9f\
\x0d\x1f\xba\xe9\x16~\xe9\xc6\xdb\xe9\xe8\xe8\xa0\xbd\xbd\x9d\
D\x22Q\x85\x95/>\xa3\x0d\x10`\xb9\x9eG\xc1\xb5\
q<\xa7\xe1^G45S\x05$j\xc3P\x8a\x9e\
*\x0dp\xb7=\x8f\xc1|\x91\xf1\xa2\x8d\xa6\xa0\xd3g\
b5pu\xa9\x10KHZ)u\xf4j?0[\
\x05\x16\xc0\xdb\xc0\xf5eY\x8e\x10\xa2l|\x9aF\x93\
i\x12\xd0\xf2L9\xb5\x9f\x835R\xb4K\x0b\xb0P\
\xf4\x84\x9a\xb14\xbda\xdb\x1d\x848\xcfP\x1a\x1d\x81\
(\xd7%z\x1a\xeeCg\xa3;\x90\x1ed\xd2\xce\xcd\
\xf9\xe7#mI\xd6}\xecVV\xdc\xba\x9d\xa6\xdeN\
z\xba\xbayp\xcb\xedlZ\xb6J*\xad\xae\xc2\xf1\
\x5c\xc6\x8aSL\xcd\xa1\xd2m\xb1\xcb;6E\xd7\xc1\
h\xb0\x19g\x1a2\xc4\xbdV\x14\xe0\xd74\xba|\x0b\
\xb8\x8aS\x82\xc2\xb9\xf6A\xc7\xf30\x94\xa2\xb7J\x83\
\xe3\x85\x10\x15\xf7\xf6l? \x01\x96\x10\x8bX\xca2\
\x08\x1bZM\x03,\x801\xdb\xe1l\xc1.y\xeb\xe4\
\x90\xee\xa3\xd5\x17\xe5\xa83\xb2\xa4\x87\xea\x0a1\x9b\xb0\
\xe9\xe3\xbaD\x0fM\xbeP\xad\x97\x22\xaah\xac8\xcd\
\x89\xe9Qr%\xec\x8a\x17j\x8e\xb1\xf2\xd6\xed(]\
\xc3\x1f\x0d\xd3\x15H\xb0\xa2\xbd[\xc2\xabY\xa4\xed<\
\x93\xc5\xdc\x9c*\xdd\x16\xbb\xbc;\x13`\x05\x1a+\xbf\
\x92\x19X5\xa4+E\x87\xdf$X\xc2\x85\xcc\x85\xc8\
\xb9.\xefL\xcd\x04\xff\x9a\x82\xde\xc0\xe2h\x19\x17B\
\xccj\xd6\x00k.\xb5\x96o\x95a!B\x88\x0ah\
\xb1L\x22up\x85u\xb28\x13`\x95:\xcbJ\x01\
\xbd\xa1$\xba\x92\xb2o\xd1\xb8\xfc\xbaI\x7f\xb8\x95\xb5\
\xd1v\xf9\xe8\xd5`\x0ee\x86\x19+fK\x0a\xf0u\
\xcb$\x90\x88\xe2\x8f\x86\xd1\x95F\xc8\xb0\x08\x19\xf2\xe1\
m6\xa3\x85)\xa6\xec\xa5=\xc0\xfd\xbc\xbckS\xf4\
\x96~Pw)MI\x05V\xad\x98\x9a\xa2/P\x9d\
*(\xdb\xf3\x18*\xd8\x0c\x17\x8a\x17*\xbf:}\x96\
\xbc\x7f\x0a\xb14\xcc\x9a=I\x80%\xc4\x22\x96\xb4\x0c\
b\xa6\x8eV\xe3w\xed\xbc\xeb2V\xb4\xe7\xb5#b\
_8\x89!\x01\x96hP\x9aR\xb4\xf8\x22\x5c\xd7\xd4\
CP\x97\x10\xa2\x91\xd8\x9e\xcb\xfe\xf4i\xa6\x170\x93\
\xc9\xd4t\x9a\xac\xa0\x5c\x04\x98\x83\x91B\xa6!\xda\x07\
\x01\x0a\xe7*\xb0\x1a\x8d\x86\xcc\xc0\xaa\x15K\xd3\xe8\x0b\
Vg\xfeU\xceuyo:G\xd1\xf3\xd0\x94\xa2\xcd\
g\x12\xd4\xe55P\x88%B\x02,!\x96\xb2\x80\xae\
\xd1l\x1a\x04\xea`p\xe5\xb8m3\x5c\xb0K\xbe]\
\xa7?N@7Qr\xedL4\xa0\xa8\xe1\xe7\xdaX\
\x17\xcb\x022t\xbb\xd1\x0cd\xc78\x9d\x9dXP\xd0\
\xe0\xd3\x0c\x9a\xacp\x19W\xb5t\x8d\x14\xa6\x96\xfc\x00\
\xf7\xf3\x8a\xae\x83\xe35`\x80%\x15X5\xa1)E\
\xcc\xd0i\xb1\xaa3\xff*\xeb\xb8\xbc{\xae}\xf0\xfc\
\xce\x87B\x88%c\xe1\x01\x96R\xea\x040R\x96\xe5\
\x08!\xcaJ13\x07\xab\x94\xe1\xe9\x952Vt\x18\
,\xcc}\x8e\xcbya\xc3G\xab?&WME\xc3\
\xf1\xeb&}\xe1\x14\xd7\xc6;\xa5\x82\xa6\x01\xbd1q\
\x92\x8c\x9dg!\xd3\xff,M\xa7\xd9\x92\xb9i\xb3)\
\xba\x0ec\x85irN\xe9\x17Y\x16#\xdbu\xb0\x1b\
\xb1\x85\x90\x990ET\x97\xa5\x14\xcb\xfc\x16V\x15\xda\
\x01l\xcfc\xa4`_8\xdf\xd4\x95\xa2G\xe6_\x09\
\xb1T\x8c\x9c\xcb\x9e\xaej\xaeg\xcco,p1B\
\x88\x0ai\xb1Lb\xc6\x5c\xf6c\xa8\xac\xb4\xed0\x94\
/\x92wK\xff8\xb62\x94\xc2\xd4j\x1f\xc2\x09Q\
F\x85\x8be\x00\x00 \x00IDAT-\xe7[\x07\
\xb7&\xba\x89\x9b\xc1Z/GT\xd9xq\x9a\xc3\x99\
a\xf2\xee\xc2\x02\x15K3$\xc0\x9a\x83\x89b\x96\x8c\
\x9d\xc7i\x90P\xa7\xe8\xb9%\xcf\xa4\x5c\x0ad\x88{\
mX\x9a*y\x13\x9f\xf9\xca:.Gs\x05\x0a\xae\
\x87\x02\x02\x9aF\xa7_\x02,!\x96\x889eNs\
\x0d\xb0\xde\x5c\xc0B\x84\x10\x15\xd4l\x1a\xc4M\xbd\xe6\
\x15L\xb6\xe71f;\x8c\x14K\xff@\xb62\x9c\xc2\
\xd2j\x1f\xc2\x09Q-Q\xc3\xcf\xfah;+B\xc9\
Z/E\xd4\xc0\xfe\xc93\x8c\x978\xbc\xfdR\x8a\x99\
\x16\xc2\x84\x04\xa0\xb3\x1a.d\x1af\x80;@\xd1s\
\xb0\x1b\xb1\x85\x10i!\xac6\xc5\xcc8\x8b\xee*U\
AM]\xd4>\xa8h\xf1\x99\x84\xea`3#!D\
Y\xcc)s\x9ak\x80\xb5o\x01\x0b\x11BT\x90_\
\xd7h\xb6\xeac\x80\xe5x\xd1\xe6t\xbe\xf4\x0f\x09m\
\xfe(\x09\x19D,\x1a\x84O3\xe8\x0d%\xb96\xd6\
\x85\xa1\xe4\xc4\xbb\xd1\x14\x5c\x9b7'O\x92sJo\
\xb9~?]i\x84\x0d\x1f\x01\xd9\x81pV#\xf9\x0c\
\xd3N\x03\x05X\xae\x83\xe36F\xb5\xd9\xfbiJ\x86\
\xb8W\x9b\xa1\x14\xcd\x96A\xbc\x0a\xa3,\x8a\x9e\xc7\xd9\
\x82\xcd\xa9s\xe7\x99\x86R\xf4Vip\xbc\x10\xa2*\
\xe6\x949I\x0b\xa1\x10K@\xca\x9a\xa9\xc2\xaa\xb5\x09\
\xdb\xe1L\xbeH\xa9\xa7\xcd\xba\xd2\xe8\x0b%\xb1\xa4\x8d\
P,q\x0aE\xab?\xc2\xb5\xf1.\x92>\x19\xbe\xdd\
\x88\x06\xb2c\x9c\xcaM,xF\x91O7h\xb2B\
\xd205\x0b\x0f8[h\xac\x00\xabQg`\xe9R\
\x81Uu~]\xa37\xe0\xab\xca\xec\xb1)\xc7\xe5\xbd\
l\x9e\xe2\xb9Q\x15\x96\xa6\xe8\x93\x01\xeeB,%e\
m!\x94\x0a,!\xeaX\xca4\x88\xd7\xc1\x1c\xac\x9c\
\xe3r\xb6`\x93\xb1Ko]X\x11\x926B\xb1\xf4\
E\x0c\x1fk\x22m\xf4\x87[j\xbd\x14Q\x03\x1e\x1e\
{\xc7O\x90/\xc30q\xbff\xca\xfc\xab9\xc8\xbb\
E\xc6\x0a\xd3\xe4\x17X\xf1\xb6\x98\xcc\xcc\xc0j\xbc\x00\
KS2\xc4\xbd\xda\x02\x9aV\x95\x10\xc9cf\xd6\xea\
\xa1\xe9\x99\xf6AMA\xd8\xd0\xe9\xf0I\x05\xaa\x10K\
H\xf9*\xb0\x94R\xd3\xc0\xfe\x05-G\x08Q1M\
\x96A\xb3e`Ta\x07\x98\xab\xf1\x80\x89\xa2\xcd\xa9\
|\xe9\x1f\x14\xba\x83\x09\x22fu\xae\xe2\x09Q\x0b\xa6\
\xa6\xd3\x17\x9ei\x1d\x94\xb0\xb61M\x14s\xbc\x93\x1e\
\xa2X\x86\xf6.\xbfnJ\x15\xdf\x1c\x8c\x16\xa6\x99v\
\x8a\x0b\xda\xedq\xb1\x99\x99\x81\xd5\x98\x01\x96\x0cq\xaf\
\x1e])bfuB\xa4\xa2\xeb1\x94/2x\xee\
\xfc\xd2P\x8aN\xbf\x85\xaf\xc6\xe7\xbdB\x88\xb2\xd9\x7f\
.s\x9aU)\x03g^\x9f\xe7b\x84\x10\x15f*\
E\xd24\x88Ua\x06\xc1l&l\x87S\xb9\xd2[\
5\x02\xbaE\xa7?.m\x84bIR@\xab/\xc2\
\x86X'\xad\xfeh\xad\x97#j\xe4\xf5\xf1\x13d\xec\
<^\x19\xe2\x14\x09\xb0\xe6f8\x9f&\xdb@\xed\x83\
03\x03\xab\x11\x03,\x85B\xf2\x8c\xea\x09h\x8an\
\xbf\x85Y\x85\xbf\xf4I\xdb\xe1\xbdl\xfe\xc2\xee\x9aV\
\x95*\xbf\x84\x10U3\xe7\xacI\x02,!\x96\x88\x94\
e\xd2d\xd6\xbe\xaa#\xe3\xb8\x9c\xce\x17)\xcccw\
\xad\x15\xe1\x14>\xcd\xac\xc0\xaa\x84\xa8\xad\xa0a\xb16\
\xda\xce\xeaH[\xad\x97\x22j\xa4\xe0\xda\xbc:1P\
\x96\xdd\xe1t\xa5\x08\x19\x161#P\x86\x95-m\xc3\
\xf9\x0c\xd3\x0d\xd4>\x08`{NC\xb6\x10\x8a\xea\x0a\
\xea:}A\x7f\xc5\xef\xc7\x03\xc6m\x87\xf7\xa6\xf3\x17\
\xbe\xe6\xd7\x14=\x12`\x09\xb1\x94T$\xc0zm\x1e\
\x0b\x11BTI\xca2H\x9aF\xcd\x8b\xe7\x1d\xcfc\
\xachs:W\xfa\x07\x86\x9e`3A\xdd\xaa\xf9c\
\x10\xa2\x9ct\xa5\xb12\xd4\xc25\xd1\x0e\xfc\xd2:\xd8\
\x90<<\x0eO\x9de07\x89;\x8fp\xffR>\
\xcd$a\x06\xa5\xe5z\x16\xae\xe71\x9cO\x93k\xb0\
\x0a,\xc7u\xb1=\xb7\xa1\xda&EuiJ\x111\
u\x96\xf9+\xdf>\x98w]\x06\x0bE\xce\x16g\xce\
+u\xa5\x88\x1b\x06\xc9:\xd8\xbcH\x08Q6s\xce\
\x9a$\xc0\x12b\x89\x88\x1a:\xcd\x96\x89_/\xe5\xd7\
\xba2&m\x87\xe3\xb9\xfc\xec?x\x89&+D\xca\
\x17\xc6\x906B\xb1\x84\xa4|a\xae\x89\xb5\xd3\x19\x88\
\xd7z)\xa2Fl\xd7\xe5\xb9\x91\xc3e\xab\x8a\x09\xe8\
&\xcd\x96\xb4\x0f\xce&c\xe7\x18+LSp\x17^\
\xf5\xb6\x98x\xcc\xecD\xe84\xd8\xe3\x86\x996BQ\
y~M\xd1\xe13\x09V\xe1\x9cs\xac\xe8ph*\
\xc7\xf9\xec\xdfw\xae\xfaJI\x80/\xc4RR\xfe\x00\
K)u\x06\x18\x9c\xd7r\x84\x10U\x91\xb2\x0c\x92V\
\xed[\xf0\xd2\xb6\xc3\x89l\x01g\x1e\x97\x7f{C3\
UXB,\x05>M\xe7\x9ah\x07k\xa4u\xb0a\
yx\x0c\xe5\xd3\xbc\x93\x1e*K\xf5\x15\xcc\xcc\x0c\x94\
\x1d\x08gw*7I\xb6\xc1\xda\x07\xcf\xb3=\xb7!\
\xe7`\x89\xea\x08\xe9:\xbd\x81\xca\xb7\x0f\xba\xc0H\xc1\
\xbe\xa4}P\xa3' \xe7\x89B,!\x83\xe7\xb2\xa6\
9)56\x7f\xa1\xc4\x9f\x17BTQ\xf2\x5c\x1ba\
\xad\x15=\x8f\xd1\xa2\xcdp\xa1\xf4\x0f\x0e}\xa1\x94\x04\
XbIP(VG\xda\xb8&\xd6A@\x9e\xd3\x0d\
\xab\xe8\xba\xfc\xeb\xc8!\xdc2\x86\x09~\xdd\xa4I\x02\
\xacY\x9d\xce\x8d3\xdd`\xed\x83\xe75\xe2 w\xa9\
\xc7\xa9\x0e\x05D\x0c\x8d\xe5U\x08\x91\xd2\xe7*\xfa\xa7\
\x1c\xe7\xc2}\x07u\x9d\xe5A\x99\x7f%\xc4\x12RR\
\xc6Tj\x80\xb5\xb7\xc4\x9f\x17BTQ\x93i\x90\xb2\
\x8c\xba\x98\x8b\x92v\x1c\x8efKo#\xec\x08\xc4i\
\xf6\x85\xa4\x8dP,zM\xbe \x1bb\x9dt\x06\x12\
\xb5^\x8a\xa8\x11\x0f\x8f\xb4\x9d\xe3\xf5\x89\x93e\x9bG\
\xa4P\x04\x0d\x93&+X\xa6#.]\xa7\xb3\x13\x0d\
\xb7\x03\xe1y\x8e\xe7\xca wQ\x11>]\xa3\xcdg\
Ve\xe7\xeb\x91\x82\xcd\xe1\xf7U_\xf94\x8d.\xbf\
I@\xab\xfd\xb8\x0c!D\xd9\x94\x941I\x80%\xc4\
\x12b*E\xb3e\x90\xa8\x83\xc1\x96i{~\x01\x96\
\x02V\x84\x93\x84\xa5bE,b\x9aRl\x89/\xa3\
?\xdc\x22U\x01\x0d\xac\xe8:\xbc4v\x94\xbcc\x97\
\xed\x98~\xdd a\x06\xd1\x95|\x80\xbb\x9a);\xcf\
Ha\xaa\xe1\xe6_\x9d\xe7xn\xd9ZV\x85x\xbf\
\xa8\xae\xd3W\x85\xf6A\xdb\xf3\x18*\x14\x19\xc8\xfd\x22\
\x84\x0e\xea\x1a}\xb2\xfb\xa0\x10K\x8d\x04XB4\xb2\
\x94e\xd2f\xd5>\xfc)\xb8\x1e\xc3\x05\x9b\xd1b\xe9\
\x1f\xdcV\x85[\x09\x1b\x95?9\x12\xa2R\xd6F\xda\
X\x1bi'd\xc8\x89v#\xcb:E^\x1e=V\
\xd6c\x06t\x8b\x84)\xed\x83\xb39\x99\x1d'\xd7\xa0\
\xf3\xaf\xe0|\x80%\x15X\xa2\xfcb\xa6No\x15Z\
\xf8\xce\x16l\x8ed\xf38\xef\x0bb\x03\xbaFoH\
\xdeW\x85Xb*\x17`)\xa5N\x02'JZ\x8e\
\x10\xa2\xaaR\x96A\xbb\xdf\xac\x8b\xddY2\xb6s\xd1\
\xe0\xcd\xb9j\xb1\x22\xa4|aLi#\x14\x8bP\xdc\
\x0c\xb0)\xde%\xbb\x0e6\xb8\x82k\xf3\xd6\xe4)&\
\x8a\xb9\xb2\x1e7dX4\xfb$\xc0\x9a\xcd\xc9\xdc8\
Y\xb7q\x03,\xd7\xf3p\xcb\xd6\xb8\xba\x984\xe2c\
\xae\x9e\xa0\xae\xd1\xee\xb3\x88V\xa1}\xf0l\xd1\xbe\xa8\
\x92\xdf\xd2\x14)\xcb n\xd4~\xd6\xab\x10\xa2lN\
\x9c\xcb\x98\xe6l>\xf5\xe7/\xce\xe36B\x88*\xf1\
k\x1aI\xcb\xa8\xca\xc9\xc5l2\x8e\xcb\xa1y\xb4\x11\
jJ\xd1\x17N\x12\x91*,\xb1\xc8(\x05[\x13\xcb\
\xe9\x0b\xa5\xa4\xc5\xab\xc1e\xdd\x22/\x8e\x1d\xc5+\xf3\
\x07\xea\xa0\xee#i\x85\xcbz\xcc\xa5\xe8T\x83W`\
\xb9x\xd2B(\xca.f\xe8\xf4\x04\xac\x8a\xb7\xc6g\
\x1c\x87\x81\x5c\x9e\xb1\xf7U\xf1\x07u\x9d\x9e\x80_\xda\
\xf2\x85XZJ\xce\x96\xe6sv-;\x11\x0aQ\xc7\
\x14\xd0l\x1a\xb4Yf\xad\x97B\xc1u\x19\xcc\x15\x18\
)\x94\xdeF\xb8\x22\x98$*\x01\x96Xd\xfa\xc3\xad\
\xac\x8b\xb6I\xf8\xda\xe0\x0a\xae\xcd\x91\xccYNg'\
\xcbz\x5cM)\xc2\x86E\xdc\x0a\x94\xf5\xb8K\xcd\xb4\
S`\xa40E\xb1A\xe7_\x018\x0d[\x81%*\
)n\x1a,\xf7W\xbe\x85\xefL\xbe\xc8\x91\xe9<\xee\
\xfb\x9e\xc2!]\xa3\xb7\x0a;\x1f\x0a!\xaa\xaa\xe4l\
i>\x01\xd6\xcf\xe7q\x1b!D\x155\x9b\x06\xed\xbe\
\xda\x07X\x1e\x90v\xdc\x8bv\x90\x99\xabf_\x98\x16\
\x7f\x04\x9f&\xa5\xe2bq\x08\x1b>\xb6&\x96\xd3\xee\
\x8f\xd7\xc5N\xa0\xa2v\xb2N\x91W\xc6\x8f\x95}\x17\
\xb8\x80f\x920\x83\x98\xaa\xf6\x15\xb6\xf5\xecTv\x82\
\xacSl\xe8\xf8\xc6m\xc4!\xeej\xa6\x0aVTF\
H\xd7h\xf7\x99D*\x5c\xe1_\xf4<N\xe7\x8b\x0c\
\xe4\x7fQA\xa9+E\xdc\xd0i\xa9\x83s[!D\
Y\x95\x9c-I\x80%\xc4\x12\x14\xd6uZ}&!\
\xbd\xf6-L\xd3\x8e\xc3;\xd3\xb9\x92?H\xe8Jc\
y\xb0\x89\xa8)\x95,\xa2\xfe)\x05\xdb\x12\xdd\xf4\x06\
\x9b\xb1dv[C+\xba\x0e'\xb3\xe3\xbc\x97\x19)\
\xfb\xb1\xc3\xa6\x8ff\x9f\xb4\x0f\xce\xe6dn\x9c\x9c[\
\xbe\x9d\x1f\x17#\x17\x0f\x97F\x1c\xe2.\x09V\xa5$\
L\x83\xee\x80\x0f\xad\xc2\x7f\xc5\xc3\xf9\x22\xc7\xb2y\x0a\
\xce/\x9e\xbfa]\xa3;\xe0\xc3\x94\x84R\x88\xa5\xa6\
\xf2\x01\x96R\xaa\x88\xb4\x11\x0aQ\xd74\x05M\xe6L\
\x88UkE\xd7c0_\x9cW\x1bao(I\xcc\
\x0cV`UB\x94Wo0\xc9\xfah\xa7\x04\xae\x82\
)'\xcf+\xe3\xc7\xc9W @\x09\xe9>\x9a-\x19\
\xe0>\x9b\x81\xec\x18y\xa7\xb1\x03,\xc7s/\xda\xbd\
\xad!x@\xa3=\xe6*Q\x0a\x9a,\x83n\x7fe\
[\xf8<\xe0T\xbe\xc8\xb1l\xe1\xa2\x0b\x9f\x11C\xa7\
\xaf\x0a;\x1f\x0a!\xaa\xea\x85s\xd9RI\xe6[\x9e\
\xf1\xec<o'\x84\xa8\x92&\xd3\xa0\xab\xc2'\x1as\
\xe1\x01S\x8e\xc3\xa1\xe9\xd2w\xe2j\xb2B\xb4\xfa\x22\
\xf8ui#\x14\xf5+l\xf8\xb8\xbe\xa9\x97\x0e\x7fL\
\x06\xb778\xdbs8\x93\x9b\xe4\xdd\xccPE\x8e\x1f\
6$\xc0\x9aM\xd6-2\x9cK7\xf4\xfc+\x98\xd9\
\x85\xd0\x930G\x94ID\xd7\xe9\xf4Y\x84+\xdc>\
8Qt8\x91+0i\xff\xe2\xf7\xd7P\x8a&\xab\
>Fc\x08!\xcaj^\x99\xd2|\xcf\xb4\x9f\x9f\xe7\
\xed\x84\x10U\x121t\xda}\x16\x81:h#\xcc\xba\
.\x07\xa7Jo#4\x94Fw\xa8I\xaa\xb0D\xdd\
RJ\xb1-\xb1\x9c\x15\xe1\x14>\x09Z\x1b^\xba\x98\
\xe7\xf5\x89\x01\xa6\xedB\xd9\x8fm(\x8d\xa8\xe9'l\
H\x15\xc2\xd5\x9c\xc9N0\xed\x14\xcb\xbe\xfb\xe3b\xd3\
\x90\x15X\xa2b\x92\x96\xc1\xf2\x805\xef\x0f\x8esu\
2_\xe0D.\x7f\xd1s7\xa4kt\xfa,\xfcZ\
\xed\xcfg\x85\x10e5\xafLI\x02,!\x96(C\
)\x92ur\xc5\xca>\xd7F8\x98/}K\xf3\xde\
`3I+\x84\x92\xb9\x07\xa2\x0e\xf5\x05\x93\x5c\x1b\xeb\
\x22\x22\xa1B\xc3\xb3=\x873\xf9\x09\x0e\xa4\x07+r\
\xfc\x90\xe1#a\x05\xa5\xcao\x16'\xb2c\x14\x1a|\
\xfe\x15\x9c\xdf\x85\xb0\xb1f`)\x85\x8c\xc0\xaa\x00C\
)Z,\x93\x0e_e\xab\xfas\xae\xcb@\xae\xc0`\
\xfe\xe2\xdf\xdf\x98i\xd0\x13\x90\xf7X!\x96\xa0\xea\x05\
XJ\xa9S\xc0\xc9\xf9\xdcV\x08Q=\x09\xd3`y\
\x1d\xbc\xe9{@\xc6q80Uz\x1ba\xdc\x0c\xd2\
\x19\x88\x13\xd6k\xdf\x0e)\xc4\xfbEM?\xbb\x9a\xfb\
h\xf1G$T\x10L\x16s\xbc=y\x9at\xb1\xf4\
\xd7\xb9\xb9\x88\x18>\x12\xa6\xb4\x0f\xce\xe6\xf8\xf4\xa8\x04\
X4\xe6.\x84\x9e'#\xb0*!n\xeat\xf9-\
\x82\x15\xae\xe8?\x9d/r<[ \xef\xfe\x22x\xd5\
\x95\xa2\xc9\xd4\xe9\xf0\xd7\xfeb\xac\x10\xa2\xacN\x9e\xcb\
\x94J\xb6\x90W\xa2'\x16p[!D\x15\x84u\x8d\
\x0e_\xe5O:\xe6\x22\xefz\x1c\xc8d)\x96xv\
\xa9)EO();o\x89\xba\xa2)\xc5\xd6D\xf7\
L\xeb\xa0&\xad\x83\x8d\xce\xf6\x5c\x06s\x93\xecO\x9f\
\xa9\xd8}\x84\x0d?M\x96\xb4S_M\xc6\xce1\x98\
\x9b\xa4\xe86V\xe5\xd1\xe5\xb8\x9e\xd7p\x01\x96\x0b\xb8\
\x8d\xf5\x90\xab\xa2\xc52YV\xe1\x99\xaa\xb6\xe7q,\
\x9b\xe7T\xfe\xe2\xf6\xeb\xf3\xe7\xb1\x01i\x1f\x14b\xa9\
\x99w\x96\xb4\x90W\x83\xe7\x16p[!D\x15\x18J\
\xd1l\x1a\xb4W\xb8\xec{.\x1c\xcfc\xa8Pd \
W\xfal\x98\xce@\x8cV_\x14CUvx\xa8\x10\
s\xd5\x17J\xb2%\xdeMP*\x03\x053\xd5W\x07\
3\x83\x8c\x17\xb2\x159\xbeb\xa6\xe2/!\x01\xd6U\
\x0dd\xc7\x99r\x0a\x0d?\xff\x0a\xc0\xc1\xc3m\xb0\xbf\
\x07\xd7\xf3p\x1a\xec1W\x9a_\xd3h\xf7\x99\xa4\xac\
\xcaV@\x0d\x17l\x8e\xe7\x0ad\xec\x8b7_\xa8\x97\
N\x02!D\xd9\xcd;KZH\x80\xf5\xaf\x0b\xb8\xad\
\x10\xa2Jb\xa6No\x9d\xbc\xf9\xe7]\x8f\xb72\xa5\
\x7f\xc0\x0b\xe9>\xba\x02q\xe2\xa6\xbf\x02\xab\x12\xa24\
\x11\xd3\xc7\x0d\xcd+HZa4\x99\xcd\xd6\xf0\x1c\xcf\
e0_\xd9\xea+\x9fn\x127\x03\x04$0\xbd\xaa\
\xf7\xa6\x86)4\xf8\xee\x83\xe7y\x0d\xb8\x0b\xa1\x0b8\
\x8d\xf5\x90+.i\x19t\xf9}XZ\xe5\xde\xeb<\
\xe0h6\xcf\xc9\x5c\xe1\xa2\xf8\xd1P\x8af\xcb\xa0\xad\
\x0ef\xb9\x0a!\xcan\xdeY\xd2\xbc\x03,\xa5\xd4\xdb\
\xf3\xbd\xad\x10\xa2z\xc2\xbaF\xa7\xdf\xac\x8b6\xc2\xa2\
\xe7\xf2\xceT\x8ei\xa7\xf4\xf6\x8e\xe5\xa1&Z\xfc\xd1\
\x0a\xacJ\x88\xb9\xd3\x94b[|9+\xc3-\x98\x9a\
T\x04\x0a\x98\xb4s\x1c\xca\x0c1\x9a\x9f\xaa\xd8}D\
\x0d?MV\x08M&T_\x91\xe3\xb9\x1c\x9d\x1a\xa5\
(\x01\xd69\x8d\x97\xe4\xb8\x1e\x0d\xd76YI\x0ah\
\xf7YtVx\xfe\xd4x\xd1\xe6h6\xcfx\xf1\xe2\
\xdf\xdd\x88\xa1\xd3\xe9\xb7\x08\xd5\xc1\xf9\xab\x10\xa2\xbc\x16\
\x92%-\xf4\x15\xe1\xfb\x0b\xbc\xbd\x10\xa2\xc2f\x06`\
\x1atVx~\xc1\x5c\xb8\x1e\x8c\x16fNTJ\x95\
\xb2\x22t\xf8c\x04t\xb9\x12'j\xa77\x94dG\
S/~]\xe6^\x89\x99\xd0\xe4Tv\x9c\xfd\x93\xa7\
+\x1a\x17\xc4\xcc\x80\xcc\xbf\x9a\xc5Xa\x9a\x91\xc2\x14\
\x8e'\xf3\xaf`&\xbej\xb4(\xc7\xc5\xc3\x91\x00\xab\
l\xc2\xc6\xcc\xf0\xf4\x98Q\xd9\xf7\xbb\xf7\xceU_]\
\xfao\x97\xb4\x0c\x96\xd7\xc1\xb9\xab\x10\xa2\xec\x16\x94!\
-4\xc0\x926B!\x16\x81\xa8\xa1\xb3\x22\xe8\xab\x8b\
k\xf7\xb6\xe7\xf1zz\xba\xe4\x13kS\xd3\xe9\x0a&\
H\xca0wQ#\x11\xc3\xc7m\xa9~\xe2V\x10U\
\x17\xbfM\xa2\xd6&\x8aY\xde\xcd\x0c1\x9c\xcfT\xf4\
~b\xe6L\x05\x96\xb8\xb2\xf7\xa6\xcf\xca\xee\x83\x0d\xce\
\xf5@\xea\xef\xca\xa7\xc3g\xd1\xe5\xb3\xd0+\xf8v7\
\xe5\xb8\x1c\x99\xce3Z\xbc\xf8w\xd7\xd4\x14-\x96I\
\xab\xb4\x0f\x0a\xb1\x14=\xbb\x90\x1b/4\xc0Z\xd0\x9d\
\x0b!\xaa#\xa4k,\xf3\xfb\x08\x1b\xb5oyr<\
\x8fCS\xb9\x0f\x94\x8a\xcfEW N\x87?&s\
\x87D\xd5\x99\x9a\xce\xb6\xc4rV\x85[\xd0\x95\xb43\
\x88\x99\x9d\x07Od\xc78\x90\x1e\xach\xa5\x8b\xa9\xe9\
\xc4\xcc\x00aCf\x00^\xcd\xa1\xcc\x10\xb6T_]\
\xe0\xbd\xef\x7f\x1b\x85\x8b'\xbb\x10\x96\x89\xa5)\x96\xf9\
\xad\x8a\x07H\xc7\xceU_\x15.\xf9\x87K\x9c\xeb\x1c\
\xf0\xcb\xee\x83B,E\x0b*\x82Z\xd0\xab\x82R\xea\
\xc5\x85\xdc^\x08Q\x1d\x9aR$L\x9d\x9e:\x18\xe6\
\xee1s\xc5\xed\xcdt\xb6\xe4S\xeb\x98\x19\xa4#\x10\
'\x22\x1f\xe4D\x15iJ\xb1<\xd4\xc4\xcd\xa9~\x09\
\xaf\xc4\x05c\x85i\xde\xcd\x0cs\xb6\xc2\xd5W\x11\xc3\
G\xc2\x0aa\xc8s\xef\x8a\xf2\xae\xcd\xf1\xe9QlW\
\x02\xac\x0b\xbc\xc6\xdb\x8b\xd1\xf3\x90]\x08\xcb$i\x99\
\x15\x9f\x9f\x9asg\xe6\xa2\x0e\x17>X9\x99\xb2\x0c\
\xba\xa4}P\x88%i\xa1\x19R9\x9a\x9a\x1f\x03v\
\x97\xe18B\x88\x0a\x8a\xe8:\xab\x82~\xde\xcedk\
>#\xc2=\xd7Fx]<\x88\xaf\x84\xabk\x8a_\
TaM\x14+\xb3]\xfdR\xe6y\x1e\xc5\xe9\x1c\x85\
\xa9,\xc5l\x8eb6\x8fS(\xe2\x14m\x5c\xc7E\
i\x0a\xdd4\xd1M\x03\xdd40|\x16f\xc8\x8f\x15\
\x0a`\xfak\x1f~\xce\xc6s]\x0a\x17\x1e_\x1e;\
w\xee\xf1\xd9\x0e\x9e\xe3\xe0y\x1e\x9a\xa6\xa3\x99\xfa\xcc\
\xe3\xf3\xfb0\x03>\xac`\x00+\x14@\xbbL\x85\xa2\
B\x113\x03\xdc\x91ZC\xc4\xa8\xff\xbf\x03Q\x1d\xb6\
\xe7p|z\x94w\xd2\x83\x15\xbf\xaf\xb8\x19\xac\xbb\xf9\
W\xae\xeb2==\xcd\xf8\xf88\x93\x93\x93\x14\x0a\x05\
\xf2\xf9<\x85B\x81B\xa1\x80\xa6i\x18\x86\x81a\x18\
\xe8\xba\x8eeY\x04\x83AB\xa1\x10\xb1X\x8c`0\
\x88V\xc6\xca\x8aS\xd9q2v\x81\xc6\x8bl\xae\xcc\
k\xc0B\xe5\x99\x0a\xac\xc5\xf5\x1cp\x1d\x87B&M\
>=I1\x9b\xc5)\x14p\x8aE\x9cB\x01\xcfu\
Q\x9a\x86\xa6\xebh\x86\x81f\x18\xe8\xa6\x85\x11\xf0c\
\x05CX\xe10\x86\xaf\xfc\x17\xf44\x05\xcb\xfd\x16\x1d\
\x15\x0e\x90\x8eg\x0b\x1c\xcf\xe5\xc9]\x12<\xfb4\x8d\
V\xcb$e\xc9\xacI!\x96\xa0\xc7\x16z\x80r\xbc\
2<\x83\x04XB\xd4=\xbf\xae\xd1\x15\xb0\x88\x99:\
\xa3\x97\xb9\xdaUM\xc5b\x91\xb7\xce\x9c\xe2\xf5\xc2$\
\xad\x96E)\x1d\x81\x05\xa7\x881:\xcd\xf4\xe8(\xf6\
ev\x9bRJ\xcd\x9c\xf0\x19\x06\x865\x13R\x5c.\
\x98h\x14n\xd1&;\x9e\x9e\xf93\x91f\xfc\xc4 \
\x13\x03\x83L\x9e\x1e\x2238Jn\x22C>3E\
1W@7\x0d\xfc\x91\x10\xbeh\x08_$D\xb0)\
F\xb4#EbY\x1b\xd1\xce\x16\xfc\xb1\x08\xc1D\x04\
_$\x8c\xaa\xe0\x96\xda\xa5\xb0\xf3\x85_<\xbe\xb1I\
\xc6\x07\xce0qb\x90\xcc\xd0(S\xc3cd'\xd2\
\x17\x02-\xcfu1|\x16V\xc8\x8f/\x1a&\x9cL\
\x10nk&\xd6\xd1B\xa2\xbb\x9d`2\x8e?\x16&\
\x18\x8fb\x06g>\x14\xf8t\x83\xcd\xf1e\xac\x0c\xa7\
\xca\xbe\xf6B\xa1\xc0\xf8\xf88\xb9\x5c\xae\xec\xc7\xbe\x94\
R\xeaB\xa8\xa0\xeb:>\x9f\x8f@ \x80Q\xc1\xe1\
\xbc\xb9\x5c\x8e\xf1\xf1q\x0a\x85B\xc5\xee\x03@\xd34\
L\xd3\xc4\xb2,|>\x1f~\xbf\xbf\xac\xe1\x08@6\
\x9bebb\xe2\xc2c\x19+L\xf1\xf2\xe8\x11\x8e\x8e\
\x1dG)\x85\x19\xf0\xe3\x8fUf>_\xdc\x0c\x920\
/\x0e\xb0\x1c\xc7!\x9dN399y\xd9\xdbh\x9a\
FWWWY\xd7Q,\x16\x19\x1d\x1dexx\x98\
\x91\x91\x11\x8e\x1d;\xc6[o\xbd\xc5\xe1\xc3\x87\x19\x1b\
\x1bcdd\x84\x89\x89\x09&&&.\x04V\xc1`\
\x90@ @4\x1a\xa5\xbd\xbd\x9de\xcb\x96\xd1\xdf\xdf\
OOO\x0f\xad\xad\xad\xa4R)\xe2\xf18\xa69\xff\
6%\xdb\xb6y\xe1\x9d7\x19;;x\xc5\x1d\x08\xfd\
\xb1\x08f\xc0\x87\xaaA\xfb\xb9k\xdb\xe4\xd2\xd3\xd8\xb9\
\xcbo^\xa2\x94\xc2\xf4\xfb\xf0\xc7#W<Fq:\
Gv\x22C)-\x81\x96/\xcb\xe9B\x8c\xc4D\xe5\
\xab\xd2\xfc~?\xb1X\x0c\x9fo\xf6\x90\xdf\xb6m\xc6\
\xc7\xc7\x99\x9e\x9e.\xfb:N\xe7\x0b\x0c\x8de\x98\xcc\
\xcc\x5c\xe0:\x7f>\xa0t\x1dM\xd7g\xc2\x1f\xbf\x1f\
\xad\xc2C\xc9gc\xe7\xf3L\x8f\x9c%;6Jv\
l\x94\xd1#\xef1r\xf8]2\x83g\xc8ON\x90\
\x9b\x9c$?9\x81S,\xa0\x9b&\x86?\x80\x19\x08\
`\x06C\xf8\xa31B\xa9Vb]]$\x96\xf7\x12\
i\xef \x90h\x22\x90h\xc2\x17\xb9\xf2s\xa8\x14!\
]\xa7+`\x910\x0d\xd2\xe94\xe3\xe3\xe3xe\x0e\
\x06\x1d\xcf\xe3_G\xd3\xbc79\xf5\x81\x9d\xa9S\x96\
\x09\xc50\xa7\xb3\x97\x7f}{?M\xd3hooG\
\xd7\x1b\xf7<O\x88E\xe6\x99\x85\x1e\xa0\x1c\xaf\xe02\
\x07K\x88E@1S\x85\xd5\x1f\xf4\xf3\xf3B\x06<\
\x0f\xc7\xb6\xb1sY\xec\x5c\x0e\xd7\xb1qm\x07\xcd\x98\
9\xc9;\x7f\x95O7LJJ\x98f\xe1\xb9.\xd3\
g\x87y\xf1\x1b_g `\xb1\xcco\x95<\x0e\xfb\
l!\xc3\x89\xe91\xb2\xcee>\x18+\x85\xe1\xb3\xf0\
G\xc3\x04\x9bcD\xdbS\xf8ca\xac`\x00_8\
\x80/\x12B\xb7\x96\xfeP\xd0\xc2T\x96\xa9\xb3\xe3L\
\x9c\x1cd\xe0\xe5\xb79\xf9\xea\x01\x86\xdf=F!3\
}\xd5\x13\xd1\xcc\xd0\xe8\x07\xbe\xa6\xe9:\xc1\xa6\x18m\
\xd7\xac\xa0k\xdbz:6\xf6\x13iK\x12l\x8a\xd5\
$\x1c\xf4<\x8f|z\x8a\xa9\xb3\xe3\x8c\x1d=\xc9\xc0\
+o3\xb0\xf7\x00\xa3G\x06(\xe6\xf2\xf3\x1a\xfbb\
\xf8-\xe2]m\xb4o\xecg\xd9\xb6\xf5\xa4\xfa\x97\x13\
M&X\xd1\xd9\xcb-\xc9U\x15\x19\xda>88\xc8\
\x0f~\xf0\x03\x0e\x1e<X\xf6c_J\xd7u\xfc~\
?\xc1`\x90p8Lss3\xdd\xdd\xdd477\
\x13\x0c\x06\x89D\x22\xc4\xe3q\x02\x81@\xd9\xee\xf3\xf8\
\xf1\xe3|\xff\xfb\xdf\xe7\xc4\x89\x13e;\xe6\xe5X\x96\
E<\x1e'\x99L\xd2\xd2\xd2BGG\x07\xcd\xcd\xcd\
D\xa3Q\xe2\xf18\xc1\xe0\xc2\xab\x97\x0e\x1d:\xc4\xe3\
\x8f?\xce\x91#G\x00\x18)Lqlz\x84\x9cS\
D\xb7L\xda\xd6\xafd\xcd\xee\x1b\x17|?\x97\xd2\x94\
\x22n\x05\x88\x99\x17\xff\xbb\xa4\xd3i\x9e~\xfai\xf6\
\xec\xd9\xf3\x81\xdb(\xa5\x08\x06\x83\xfc\xc5_\xfcEY\
\xd6\x90\xcf\xe79{\xf6,\xef\xbc\xf3\x0e\xcf>\xfb,\
O>\xf9$\xfb\xf6\xedct\xf4\x83\xaf\x15s\xd5\xdc\
\xdc\xcc\x96-[\xb8\xf5\xd6[\xd9\xb5k\x17\xabV\xad\
\x22\x99L\xce)\x00\xb9T.\x9f\xe3\xdb\xdf\xf8\x1bN\
\x8f\x9d\xbd\xe2k\xdb\xca\xdb\xae\xa3c\xd3j\xcc@\xf5\
\xdb\xcf'O\x9f\xe5\xbdg\xf62v\xf4\xe4e\xbfo\
\xfa\xfd\xb4o\xecg\xd5\x87\xae\xbf\xec\xf7=\xd7e\xe8\
\xe0\x11\x0e\xfe\xbf\xcf\xe1\x950\xe3+\xa0[\x1c\x0e&\
HZ\x95\xdf\xf8d\xfd\xfa\xf5\xec\xde\xbd\x9b\xde\xde\xde\
Y\x7fvll\x8c\x1f\xfe\xf0\x87\xbc\xfa\xea\xabe_\
G\xc6q\x19\xc8\x15.\x5c\xa4S\x9a\x86\xe1\xf3a\x04\
\x02\x98\x81 \xfex\x8ch{'\x81D\x13\x86?\x80\
\x15\x9a\x09\x84\x0c\x7f\x15\x9e\x17\x9eG1\x9f#s\xe6\
\x0c#\x87\xde\xe1\xe8\xb3Osr\xef\xcb\x8c\x1d=\x82\
S\x9c_\xc8\xaf\x19\x06\xe1\xd6v:7oe\xd9u\
;h\xbfv3\xa1\x96V\x02\xb1\xf8\x82\xce\xdb\xba\xfd\
\x16\xed>\x0b\x0dx\xe5\x95Wx\xf4\xd1G\xc9f\xcb\
[\xf5\x9es=\x0eO\xe7\x98\xb8\xcc<\xd4&K\xe7\
\xa4\xdf\xc7\x8f\xe7\xd0\xbe\x18\x0e\x87\xf9\xb7\xff\xf6\xdf\x12\
\x8dF\xcb\xba>!D\xc5,8;Zp\x80\xa5\x94\
z\xa6\xdc\xa9\xbc\x10\xa22\x82\x9a\xa2[\x83'\x87\x06\
\xc9NN\x92\x19<\xc3\xe8\xb1#L\x0e\x1c'\x9fN\
\x93\x9f\x9c\xc4\x17\x8d\x10J\xb6\x10J\xa5\x88w\xf7\x10\
nm\xc3\x17\x89\xe2\x8bD1\x03\x01\xd4B+\x1b<\
\x8f\xec\xd8\x18\xaf\xfd\xc3\x7f\xe6\xb5\xf2<\xac\xabR\x9a\
\x22\x10\x8f\x92\x5c\xd5M\xfb\x86Ut\x5c\xbb\x9a\xc4\xf2\
v\x02\xb1\x08\xbehh\xe1\x8f\xa7\xce\xd8\xb9<\x99\xa1\
QN\xbev\x80\xb7\x1f}\x86S\xaf\x1d\xc0\xce/\xac\
\x02\xc6u\x1c2\xc3\xa3\x1czj\x94\xc3O\xbfB\xa8\
9\xc6\xca\xdb\xafg\xf5Go\xa0\xa9\xb7\x93`<R\
\xd6\x90\xf3J<\xcf\xa38\x95e\xf2\xcc\x08\xc7\x7f\xbe\
\x8f\xfd\x8f=\xc3\xe0\xfe\xf7\xf0\x9c\x85W\x18\xd8\xb9\x02\
g\x0f\x1d\xe7\xec\xa1\xe3\xbc\xf5/?%\xde\xdd\xc6\xe6\
\xbbn\xe5\xe6\xff\xeeW\xc9%2\x04\x9b\xac\xb2Wo\
\x0c\x0f\x0f\xf3\xc3\x1f\xfe\x90'\x9f|\xb2\xac\xc7\x9d+\
\xc30hkk\xa3\xbf\xbf\x9fM\x9b6q\xf3\xcd7\
\xb3~\xfdzR\xa9\x14\xd1ht\xc1\x8f\xf7\xd4\xa9S\
\xfc\xe3?\xfe#{\xf7\xee-\xd3\x8ag\xa7\x94\x22\x1a\
\x8d\xb2~\xfdz\xb6o\xdf\xce\x8d7\xde\xc8\x96-[\
H\xa5RD\x16P\x9dp\xf4\xe8Q\xbe\xf7\xbd\xef\xf1\
\xc2\x0b/|\xe0{V\xd0O1\x97\xafH\x80\x152\
|$\xac \x96v\xf1\xe9Z&\x93\xe1\xf9\xe7\x9f\xe7\
k_\xfb\xdaeo\xd7\xdc\xdc\xbc\xe0\x00\xcbu]&\
''y\xed\xb5\xd7\xf8\xde\xf7\xbe\xc7?\xff\xf3?s\
\xf2\xe4\xe5C\x98R\x8d\x8c\x8c\xf0\xc4\x13O\xf0\xc4\x13\
O\xd0\xd5\xd5\xc5=\xf7\xdc\xc3\x03\x0f<\xc0\xa6M\x9b\
H$\x12%U\xd0y>\x83\x03\xaf\xec\xe3\xe8+o\
\xe1:\x97\xaf\xc0r\x0a6\xd1\xf6\x14\x89\x9e\x8e\xb2\xac\
\xbf\x14\xa7^;\xc8\xbe\xef=\xc1\xc8\xe1\xcb\x07\xb9\x89\
\xe5\xed$z\xaf\xbc.\xcf\xf58{\xe8\x04\xaf\xff\xe3\
\xe3\xb8%\xbe\xd6=_\xd2O\xcf\xdf\xee\xdd\xbb\xd9\xbc\
y\xf3\x9c\x02\xac\x89\x89\x09\x1e\x7f\xfcq\xbe\xf7\xbd\xef\
Uae\x1f\xa44\x8d`2Iby/\xa95\xeb\
X\xb6}\x07\xc9\x95\xfd\x04\x9b\x93X\x91HE\xaa\xf4\
<\xc7!sv\x88\xd3\xaf\xbf\xca\xbe\xef\xfe\x17N\xfc\
\xfc\xb9+>WK\xe1\xda6\x93'O0y\xf2\x04\
\xef<\xfe\xdfH\xf4\xf5\xb1\xee\xee{Yq\xc7\x9dD\
\xdb;\xe7\x15\xcc\x19J\xb1<\xe0\xa3\xc5\x9cy\xcd\xd9\
\xb7o\x1f\xdf\xf8\xc67\xaeX\xedYk\xa9T\x8a\xdf\
\xf9\x9d\xdf\x91\x00K\x88EB)U\x17\x15X\x00O\
\x00\x1f.\xd3\xb1\x84\x10e\xe6y\x1e\xb9\x5c\x8e3g\
\xce\xf0\xdek\xaf\xf3\xd2?|\x87C/\xfc\x9c\xf1\xe3\
G\xafz;\xa5\x14\xb1\xaee\xb4n\xb8\x96\xde\x9bo\
\xa3}\xc3\xb5\x84[\xda0\x83\xc1E\x13\xfcx\xae\xc7\
\xf4\xe8\x04\xc7_x\x83\xe3/\xbc\x01@\xcb\xda>V\
\xdd~=+n\xddF\xa4\xad\x19_x\xf1<\x9e+\
\xf1\x5c\x97\xe9\xd1IN\xbd~\x80\x17\xfe\xe6\x07\x0c\xed\
\x7f\x0f\xaf\x02\xdb1y\xaeKfx\x8c\xd7\xbf\xfb8\
\x07\xf7<\xc7\x86\xfb\xef`\xe3'>L\xa4\xa5\xb9\xa2\
\xd5X\xaem\x93\x19\x1a\xe3\xe8s\xaf\xf1\xd2\xb7~\xc8\
\xf8\xf13\x15\xbd\xaf\xd1\xf7\x06x\xeak\xff\x85\x03?\
x\x8a\xdf\xfc\xcd\xdf\xe43\x9f\xf9\x0c\x1d\x1d\x1dX\xd6\
\xd2\x19*k\xdb6\x03\x03\x03\x0c\x0c\x0c\xf0\xe4\x93O\
\xf2\x95\xaf|\x85-[\xb6\xf0\xf0\xc3\x0f\xb3{\xf7n\
:::0M\xb3&mW\xf3\xe5y\x1e\x13\x13\x13\
<\xf7\xdcs<\xf7\xdcs|\xe3\x1b\xdf\xe0\xfa\xeb\xaf\
\xe7\xc1\x07\x1f\xe4\xce;\xef\xa4\xb5\xb5\xb5\xa2m\x93\xe5\
\xd6d\x05\x89\x9b\xe5\xab\x8a\x9b+\xc7q8s\xe6\x0c\
\xff\xf4O\xff\xc4\xd7\xbf\xfeu\x0e\x1c8P\xb1\xfb\x1a\
\x18\x18\xe0\xeb_\xff:{\xf6\xec\xe1\xe1\x87\x1f\xe6W\
\x7f\xf5W\xe9\xec\xec\x9c\xd3\xbf\x93\x8b\xc7\xa1\xcc0\xfd\
\x1f\xd9\xc5\x897\x0e\xe2f/\x1f\x0a\x9c~\xf3]&\
\xcf\x9c%\xb1\xbc\xbd*a\xfbyN\xd1f\xe8\xc0\x11\
&O\x0d_\xf6\xfbJ)\xa2\xed)\xba\xb6\xac\xab\xda\
\x9a\x1a\x9d\xe7\xbaL\x0d\x0d154\xc4\xc0K/\xf0\
\xea\xb7\xff\x8e\x96\xb5\xebY\x7f\xef'\xe8\xbb\xe5v\xc2\
m\xed\x18\x96U\xb6\xe7\x89S,2~\xec({\xbf\
\xfd\xb7\xbc\xf9\x83\x7f\xc4-\x16\xcbr\xdc\x0f\xdeO\x81\
\xb3\x07\x0f\xf0\xaf\xef\xfd%\xef\xecy\x8c\x9d\xff\xe6\x0b\
tm\xbb\x1e+\x5cZ\x05^\x9b\xcf\x9c\xd9\xfd\xaf\x82\
\xc3\xdb\x85\x10\x0d\xeb\x89r\x1c\xa4\x5cgq\xcf \x01\
\x96\x10u\xc9\xb6mFFFx\xf6\xd9g\xf9\xeaW\
\xbf\xca3\xcf<\x83m\xcfm\x06\x96\xe7y\x8c\x9f8\
\xce\xf8\x89\xe3\xbc\xf3\xd8\xa3\xb4\xac]\xcf\xba\x8f?@\
\xdf\xad\xb7\x13i\xefD_\xc0\xdc\x92Z\x1a\xda\xff\x1e\
C\xfb\xdf\xe3\xf5\x7f\xdc\xc3\x86\xfb\xef`\xed]7\x12\
mO\xa1\x9bFU?\xdc\x94\x8bS\xb4\x9989\xc4\
K\x7f\xf7\xcf\xbc\xfd\xa3\xa7\xcbrew6\x9e\xe7\x91\
\x1d\x9b\xe4\xa5\xbf\xfb!\xc7~\xbe\x8f;\xfe\xe0\x11R\
\xab{1\xca\xbd\xe5\xb6\xe7Q\xcc\x158\xfb\xee1\x9e\
\xff\xeb\xefq\xe4\x99\xeaU\xf3\xb8\xae\xcb\xc9\x93'\xf9\
\xd2\x97\xbe\xc4?\xfd\xd3?\xf1\xe5/\x7f\x99\xeb\xae\xbb\
\x8eP(\xb4\xa8B\x9d\xb9r\x1c\x87\x97^z\x89\x97\
^z\x89]\xbbv\xf1\xef\xfe\xdd\xbfc\xdb\xb6m\x8b\
\xfa\xf1NOO\xf3\xd4SO\xf1\xfc\xf3\xcfs\xeb\xad\
\xb7\xf2g\x7f\xf6g\x5cs\xcd5\x0b\x9a\xb9TMM\
f\xe8\x03\xf3\xaf*\xcdq\x1c\x8e\x1e=\xca\xd7\xbe\xf6\
5\xfe\xe6o\xfe\x86\x89\x89\x89\xaa\xdc\xef\xe1\xc3\x87\xf9\
\xf3?\xffs\x0e\x1e<\xc8\xef\xff\xfe\xef\xb3f\xcd\x9a\
YC,\xcf\xf3xg\xea\x0c\xbd\xb7l\xc5\xfa\xab\xef\
P\xcc\x15f\xb6\xa2\xbb\xc4\xe8\x91\x93\x8c\x9f\x18\xa4s\
\xd3\x1a\x8c*\xeel6v\xec\x14\xa3GOQ\xcc^\
~\xce\x9d\x15\x0a\xd0\xbcb\xd9L\xb0&jfh\xff\
[\x0c\xed\x7f\x8b\xfd\x8f\xfe\x90]\xbf\xf5;tl\xd9\
\x86\x15\x0a/\xf8u\xcf)\x16\x18\xda\xff6?\xfd\xf3\
\xff\x9dS\xaf\xbeR\xa6\xd5\xcev\x9fE\xce\xbc\xb9\x8f\
\xc7\xfe\xe0\x7fb\xe7\xbf\xf9m6|\xe2S\x98\xc1\xd0\
\x9cn\xab\x80\x95A?\xad\xe5~\x1f\x17B\x88\x19?\
+\xc7A\xca\x15\xaf\x97e1B\x88\xf2*\x16\x8b\xbc\
\xf5\xd6[\xfc\xf1\x1f\xff1\x0f>\xf8 O=\xf5\xd4\
\x9c\xc3\xabKy\x9e\xc7\xe0\xdbo\xf2\xd3\x7f\xff\xa7\xfc\
\xf4\xdf\xff\x1f\x9c~\xed\x15\x9c\x0a\x0fg\xae\xb4\xcc\xd0\
\x08\xcf\xff\xd5w\xf9o\x7f\xf8\x15\x8e<\xf7\x1a\xf9Y\
\xe6C\xd5#;W\xe0\xf4\xeb\x07\xf9\xf1\x1f\xfcG\xde\
\xfc\xe7'\xe7\x14^)\xa5f\x86\xdc\xfb-\xac\xa0\x1f\
_8\x88/\x12\xc2\x17\x09\xce\xec8\x18\xf4c\xf8,\
4]g\xb6\xd1O\x9e\xeb2\xf8\xd6a\xfe\xf9\x0b\x7f\
\xce\xf1\x17\xdfXp\xbb\xe2\xc5\x07\xf7\xc8g\xa6y\xef\
\xe9\x97y\xf4\xf7\xffcI\xe1\x95\xd25t\xcb\x9c\xd9\
e0\x14\xc0\x179\xf7\x18\xc3\xc1_<>C\x9fS\
`\xe98\x0e\xaf\xbe\xfa*\xf7\xdcs\x0f\xdf\xfc\xe67\
\x99\x98\x98Xt\xcf\x93R=\xf7\xdcs\xdc\x7f\xff\xfd\
\xfc\xcb\xbf\xfc\x0b\xe9tz\xd1?\xde\x5c.\xc7\x9e=\
{x\xe0\x81\x07\xf8\xf9\xcf\x7f\x8eS\x85\x90w\xa1\x14\
\x8a&+D\xbc\x8a;\x10z\x9e\xc7\xc0\xc0\x00_\xf9\
\xcaW\xf8\xab\xbf\xfa\xabY\xc3+\xa5\x14\xa6i\x12\x08\
\x04\x88D\x22\x17\xe6\x8e\xc5\xe3q\xa2\xd1(\xe1p\x98\
`08\xe7J\xbeL&\xc3w\xbe\xf3\x1d\xfe\xe4O\
\xfe\x84w\xdeyg\xd6\xe7\x9d\xe3y\xbc\x9b\x1e&\x94\
J\xd0\xb5y-\x86y\xf9\xc0\xcb\xb5\x1d\x06\xf7\x1f&\
}\xe6\xec\xack(\xa73o\x1df\xe2\xd4\xd0\x15\xbf\
\x1f\xedH\xd1\xb9yM\x15W$\xae\xe6\xcc\x1b\xaf\xf1\
\xe3\xff\xe5\xb7y\xe7\xb1\x1f\x93\x9f\x9c\xb8l\x18:W\
\xaems\xf6\xe0A~\xf2\xbf\xfd\xd1\x9c\xc2+\xa5i\
\xe8\x96\x85\x19\x08`\x85\xc2\xf8\xc2\x11|\xd1\x99\xf1\x0d\
V(\x8c\x19\x0cb\xf8|\xe7\xde\x97g{c\xf6\xc8\
M\x8c\xf3\xcc\x7f\xfc\x0b^\xfb/\xffy\xce3\xb6b\
\xa6NO\xd0G\xbc\x817\xbe\x11BT\xd4\x82\xdb\x07\
\xa1|\x15X?\x03\xf2\x80\xec1.D\x9d\xb0m\x9b\
g\x9ey\x86?\xfd\xd3?\xe5\xa7?\xfdi\xd9\x8e\xeb\
\xb9.\x87\x9f|\x82\x89\x13\xc7\xb8\xfes\xbf\xc5\xaa;\
\xef*{%\xd6\xf9\x9d\xd2\xe6\xe2\x03\xdbf{\xde\xcc\
9\xa7\xe7\xe2\xb9\xde\x9c>x\x9fy\xeb0\x8f\xff\xf1\
W\xd9\xf1\xd9O\xb0v\xf7\x8d\x04\x9ab\x8b\xa2\xe2\xc4\
\xce\x158\xf1\xca\xdb\xec\xf9\xd2W\xc9\x0c\x8f]\xfd\x87\
\x95B\xd3g\xb6\xe3\x0e\xc4#\xa4V\xf7\x90Z\xddC\
|Y\x1b\xe1\x96&\xac`\x00\xa7X$7\x9e&s\
v\x8c\xd1#'\x19z\xfb=\xc6\x8e\x9f\xa60\x9d\xc3\
\xb5\x1d<\xf7\xca\xf3W\xa6G'\xf9o\xff\xebW\xb8\
\xe7/\xfeg\xba\xb6\xae]\xf8\xa0|\x0fr\xe9)\xde\
\xfd\xff^\xe0\xa7_\xfe&\x85\xa9\xd9\x07\xc8\xce\xec>\
\xa9\xa3\x19:\x89\xe5\x1d\xa4Vu\xd3\xbcb\x19\xd1\xf6\
\x14\xc1\xa6(\x9aa\x90\xcfL\x93>3\xcc\xe8\xd1S\
\x0c\x1d8\xc2\xe8\x91S\x142S\xb8\xb6\x8b\xeb:W\
\x1d\x00?==\xcdo\xff\xf6o388\xc8\xef\xfe\
\xee\xef\x92H$*\xfa<9\xbf\xbb^9y\x9e\x87\
\xeb\xba\x17\xfe\x5c\xcd\xd8\xd8\x18\x9f\xfb\xdc\xe7\xf8\xe67\
\xbf\xc9\xee\xdd\xbb\xcb2\x0c\xfd\xfdt]_p;_\
)\x8f\xc7u]\x8e\x1e=\xca\xa7?\xfdi\x1e\x7f\xfc\
q\xd6\xae][\xf6\xdd\x0a\xcb)dX4YA\xfc\
Z\xf5\xaa!2\x99\x0c\xdf\xfc\xe67\xf9\xfb\xbf\xff\xfb\
\xab\xee\x12\xa7\xeb\xfa\x85\xe1\xf9\x9b6mb\xe3\xc6\x8d\
\xac^\xbd\x9ad2I\x22\x91\xc00\x0c\x86\x87\x879\
s\xe6\x0cG\x8f\x1ee\xef\xde\xbd\xec\xdb\xb7\xef\xc2\xae\
\x94\x8e\xe3\x5c\xf1\xb5\xb9P(\xf0\xd8c\x8f\x11\x0e\x87\
\xf9\x0f\xff\xe1?\x90J]~\x07P\xd7\xa1<\xcb\xc5\
\x00\x00 \x00IDAT\xf38\x93\x9bd\xbc0\xf3\
\xda\xb0\xeaC\xd7s\xec\x85}\xd8\x85\xcb\xb7h\x0d\xbe\
y\x88\x89SCU\x9b\x83\xe5:.g\xde<\xc4\xe4\
\x95\x02,\xa5\x88u\xb5\xd2\xb1i\xe1\x01\x96\xd2\xb4\xcb\
\xbe\x16)EE6\xa0\xb8\x94\xae\xebe{-\x5c\xc8\
\xeb\x9e\xc7\xcc\xf3\xe2\x03\xcf,o\xe6\x5c\xc0s\xdd\xab\
\xbe\x8f\x01\xe4\xd3\x93<\xf5\x7f\xfe\x09\x9ai\xb2\xeaC\
\x1f)\xb9\x05\xef\xfc\xfdM\x0c\x9c\xe0\xf9\xaf\xfd_\x0c\
\xbe\xfd\xc6U~P\x9d{\xcf2\x88uu\x93Z\xbd\
\x96T\xff\x1a\x22m\xed3\xbb\x0aF\xa3\x17v,\x9c\
\x1a\x1ed\xec\xe8\x11\x06\xdfz\xe3\xffg\xef=\xc3\xe4\
\xb8\xebt\xed\xbb\xaas\xee\x99\xee\x09=9j4\xca\
\xc1J\xb6eY\xd88\xc86`\x8c#\xc9\x86\x05\x1b\
\xbf,>\xac\x09\xcb.\xbb\x1c\xce\x02\xe7\xba`\x17\x0e\
^\x0eg\x8d\x97\xb0k\xc2\xae\x89^ll\xb0d\xc9\
Y\xb2$\xcbJ\xa349\xa7\x9e\xd89T\xbd\x1f\xc6\
\xd2J\x9a\xaa\x9e\xee\x99\xee\x96\x84\xea\xd6\xd5\x1f4U\
]a\xa6\xba\xba\xfe\xcf\xff\xf9=?\xc6\xbb:\x89\x87\
CH\x89D\xca\xf3ID\x22\xbc\xfe\xbd\xef\xe0\xaa\xa8\
\xa2\xe1\xdd7\xcd\x88_)h\xb2\x99)1\xa6\x7fO\
>\xdd\xdd6\x93\xbf}\xaad\x83\x99\xeb53\xb2y\
\xedihh\xe4\x94\xa8 \x08/ecCY\x11\xb0\
\x04A\x90eY~\x19\xad\x8cPC\xe3\xa2@\x92$\
v\xee\xdc\xc9W\xbe\xf2\x15\xdex#\xcd\x18W\xe1\xbf\
\x1fse\x98s\xe6q\xf4\xd4I\xf6\xfd\xf8\x09\xf4&\
3\x0d\xd7\xdd\x90\xd5\xd2\xbb{\xee\xb9\x87u\xeb\xd6\xcd\
\xd9\x11-!K\xb4\x07G8<\xd9?3\x90MJ\
\xc4BaBc\x93\x8cw\x0d\xe0o\xedf\xb2\x7f\xe4\
\xcc\xc3k*\x22\x93\x01^\xfe\xceO\x89\x05\xc3\xacx\
\xff\xf5\xd8\x8a\x0a\xb2v>\xb9 \x19\x8b\xd3w\xe0x\
Z\xe2\x95 \x08\x98\x9c6\xea\xb7\xace\xf1\xb6\xcd\x94\
\xadh\xc2h\x9b;WG\x96e\x02\xc3~\xdav\xee\
\xe5\xf8\xf3\xaf1p\xe8TJ\x87Wt*\xc8\xf3\x7f\
\xff\xcf\xbc\xff\xff~\x19O}%\xe2\x0224\xa2\x81\
 \xa7\xb6\xeff\xe77\x7fL<\xac\xdc~\xfe\x0c\x82\
\x80 \x08\x94\xadX\xc4\xe2\x9b\xaf\xa6v\xf3\x1a\x1c\xa5\
\x9e9\x1f\xd6\x91!4>E\xdf\xfe\x16\x8e\xff\xe95\
\xba\xde8H,\x10Ny\xad\xc8\xb2\xcc\xd7\xbe\xf65\
\x92\xc9$\x9f\xfb\xdc\xe7(,,\x9c\xc7\xd9\xcd\x8d(\
\x8a,]\xba\x94O\x7f\xfa\xd3Yy8\x97$\x89p\
8\x8c\xdf\xef\xa7\xb5\xb5\x95\x03\x07\x0e\xd0\xd6\xd6\x96R\
H\x80\x19A\xe3\xd1G\x1f\xa5\xb6\xb6\x96U\xabVe\
M\xf01\x99Ll\xde\xbc\x99\xbb\xee\xbak^\xef\x97\
e\x99@ \x80\xdf\xef\xa7\xbb\xbb\x9bC\x87\x0e\xd1\xd6\
\xd6F8<\xf3\xf7S;'Y\x96\x19\x18\x18\xe0\xfe\
\xfb\xef\xe7\xc5\x17_L;\xd8]\x92e\xa4\xf9\xb4\xb7\
\x5c\x00E&;\x05yt_\x01<\xfb\xec\xb3\xfc\xf6\
\xb7\xbfe|\x5c\xfd\x9eb\xb7\xdbY\xb7n\x1d\x9f\xf8\
\xc4'\xd8\xb6m\x1b.\x97+\xadm\x87\xc3a^z\
\xe9%\x9e|\xf2I\xb6o\xdf\xce\xc8\xc8\x88\xea\xdf)\
\x14\x0a\xb1c\xc7\x0e\xfe\xf5_\xff\x95\xbf\xfe\xeb\xbfV\
\xfc\x0c$\x91h\x99\xee?\xf3\xff\xba\xcdk\xb1\xb8\xfe\
\x83\xe8TPq\xbb\xa3m=L\xf4\x0c\x91\x8c%\xd0\
e0H\x9f/c\x1d\xbdLt\x0f\x90\x88(\xbb_\
\xac\x05N\x8a\x9bj\xb0/\xf0\xbbF4\xe8)_\xbd\
\x18k\xc1\xb9!\xd6FQ\x8f\xcf\xec\xa4\xc0\x98^\xf9\
\xd8BX\xb5jU\xd6\xee\x85MMM|\xeaS\x9f\
\xc2<\x8f\x00\xf2\x81h\x8c#\xd3a&\x133\xdfS\
\xb2,\x93\x8cE\x09OL0\xd9\xdb\xc3p\xcb\x11\xc6\
:\xda\x90\xe7\xb8\xef\xc5\xc3a^{\xec[8\xcb\xca\
\xa9X\xbb\x0e!\xcd\x09\xb5\xd3\x84''h\xdb\xf9\x02\
m;\xb7\xab\xaf$\x08\x18mv\x96\xbe\xf7\xfd4\xdf\
v;E\x8b\x97\xa0O\xa7\x0b\xa7,3=<H\xc7\
K/r\xec\x99\xa7\x198x\x80d<\xae\xfa\xcc\x96\
\x88\xc5\xd8\xfe\x0f\x7f\x87o\xd5\x1a\xec%\xa5\xaa\xdf'\
&Q\xa0\xdej\xa6P\xc5\xc5\xa8\x84\xcdfc\xc5\x8a\
\x15TVV\xa6\xb5~T\x92\xe8\x0cG\x09'g\x1f\
\xab(@\xa9\xc9H\x91Q\x9f\x91\x88\xe5t:\xe7u\
\xadhhh\xe4\x9d\xac\x88W\x90=\x07\x16\xcc\x1c\x94\
&`ih\x5c\x04\xbc\xfe\xfa\xeb|\xfb\xdb\xdff\xf7\
\xee\xdds\xae+\x88\x22\x8eR\x1f\xdeE\x8b\xb1z\xbc\
H\x898\xe1\x89qF\x8e\xb5\x10\xf2\x8f\xa6\x14,\x86\
[\x8ep\xe8\x97\xbf\xc0\xea\xf1R\xb6zm\xd6\x8e\xff\
\xaa\xab\xae\xe2\xee\xbb\xefNk`t*0\xccs\x83\
G\xe8\x09\x9d5\xe0\x92AFF\x8a'\x99\xec\x1f\xa6\
\xfd\xe5\xfd\x1c{\xe6eFNu\xa5\xdc\x96\x94H\xf0\
\xe6\x0f\x7f\x8b\xa8\x13Y~\xfb\xf5X=\xe9\x0d\xcc\xf2\
\x8d,I\x8c\x9c\xecb\xd7?\xfedN\xf1Jo6\
\xb2\xe2\xfd\xd7\xb3\xea\xee\x9bp\x96\x17#\xea\xd3\x9f\xad\
\x14\x04\x01G\xb1\x97\x95w\xdd\xc8\xe2\x9b7\xd3\xf9\xfa\
\xdb\xec~\xe2W\xf8\xdbzU\xdf\x13\x18\x19\xe7\xa5o\
\xff;7\xfd\xaf\x87\xb1\x17{2:\xaf\xd3$\xa21\
\xba\xf7\x1c\xe6\xd5\xef\xfd\xc7\xdc\xe2\x15P\xbda9\xeb\
\x1ex\x1f\xbe\x15\x8b0\x98\xdf\xe9\x16\x98\xce9\x0a`\
-t\xd2p\xdd\x06\xea\xb6\xacE\xea\x9f`\xf4\xf7o\
\xf2\xccS\xbf\x9e\xb3\xe3\xd2\xb7\xbe\xf5-*++\xf9\
\xe0\x07?\x98\x93\xeeG\xa2(RYY\xc9\x03\x0f<\
\x90\xb6\x1bq.N\x0f\xd8N7u8x\xf0 ?\
\xf8\xc1\x0f\xf8\xf9\xcf\x7f\x9e\xb2\xb4\xb8\xbb\xbb\x9b'\x9e\
x\x82\xbf\xf9\x9b\xbfI{\xa02\x17z\xbd\x9ee\xcb\
\x96\xf1\xf1\x8f\x7f|\xde\xdb8\xfb|N\xe7\x95=\xf7\
\xdcs\xfc\xecg?\xe3\x8d7\xdeP\x1d\xa0J\x92\xc4\
\xfe\xfd\xfb\xf9\xd1\x8f~\xc4C\x0f=\x84)\x8dA\xa3\
?\x16`2\x9e\xdd6\xf2s\xe15\xdaq\xeb\xf3'\
`\x9d\xfe\xfd\x1d>\xac\xec\x18\x11\x04\x81\xc6\xc6F\xbe\
\xf0\x85/p\xdf}\xf7a2\x992\x124-\x16\x0b\
7\xdcp\x03\xd7_\x7f=\x07\x0f\x1e\xe4\x1f\xff\xf1\x1f\
y\xf6\xd9g\x99\x9e\x9eV=\x9eg\x9f}\x96\x1bo\
\xbc\x915k\xd6\xccZ\x9e\x94eZ\xa6\x06\xce\xfc\xdf\
`5S}\xe5J\x82\xbf\x9fPtlJ\x89$\xc3\
':\x98\x1a\x18\xa6\xa0:\xf7.\xac\x81\x83'\x99\x1a\
P/YtW\x96R\xb6\xb2i\xc1\xfb1ZLl\
\xfa\xe4\x07(_\xd3|\xce\xcf=F\x1b7\x94,a\
\xb5;;\x9f\xd9T\x9cv\xe2d\x83\xb2\xb22>\xfc\
\xe1\x0f\xcf\xeb\xbezd:\x84yd\x92\xa1\xf3]x\
\xef\xb8\xb2\xa4x\x8c\xb1\x8ev\x0e=\xf5s\x8e\xfc\xfa\
\xa9\x94\xa5u\xd3\x83\x83\x1c\xfd\xdd/\xb1\x97\x94PP\
=ww\xc5\xb3\xf75\xd1\xd5\xc9\x81\x9f\xfd[\xca\xd5\
\xaa7]\xcd\x96\xcf\xff\x0d\x85u\x0d\x88\x994\xcb\x10\
\x04\x1c\xc5\xa5,\xff\xc0\xbd4\xdd\xfc\x1e\xba\xdex\x95\
=\x8f\x7f\x8f\xe1\x96#\xaa\xc7\x13\x1e\x1fc\xcf\xe3\xdf\
\xe3\xda/~\x19\xbdYy\xf2\xaa\xd16\x93}\xa5\xcb\
`\xc2\xa4\xa4\xa4\x84\xcf|\xe63\xdcq\xc7\x1di\xad\
\xff\xec\xc8\x04{'\x83\x84\x14\x9e+k,f\xae\xf7\
:Yd\x9dG\xe7\xc4K\xa81\x87\x86\xc6eL\xd6\
\x22\xa7\xb2-`ihh\x5c`Z[[\xf9\xd9\xcf\
~\xc6\x8e\x1d;T\x07p\xa2(\xe2)*f\xcb]\
\xf7`\xbe\xf6\xdd\x14T\xd7 \x88\xff-l\xccX\xed\
\x93\x0c\xb7\x1c\xe5\xc8o\x9e\xa2m\xe7v\x22\x93\x13\xb3\
\xb6#\xcb2\xbd{w\xd3\xb6x\x09\xdeE\x8b1\xda\
\xb23\xd3{\xfaa8\x9d\x07\xe2R\x8b\x8bFG\x09\
\xbd\x91s\xb3Z\x04@\xd4\xe9(\xac)\xc7]Y\xc2\
\x8a;\xdeM\xe7\xeb\x07x\xfd_\x9eb\xbc\xb3_\xb5\
C_\x22\x1a\xe3\xad\x9f>\x8b\xd5\xe3f\xf1\xcdWc\
0_|\x95\xd1\xe3]\x03\xbc\xf9\xa3\xdf\xe2oW\x17\
\x92\x00\xbc\x0dUl\xfd\xc2\x03\x94.k\xc0`1#\
\x88\xf3p\xf2\x08 \x08\x22f\xa7\x8dE\xd7o\xa4\xb8\
\xb9\x8e=O\xfc\x9a\x96gTn\xf92\xf4\xbcy\x84\
\xd6\x9d{i\xbe\xe5\x1aL\xf6\x0c\x07\xe0\xb2\xcc\xe0\x91\
V\xde\xf8\xc1\xaf\x08\x8f\xa5\xce\xdf1\xbb\xecl\xfe\xcc\
\x07Y\xf4\xeeM\x18\xed\x96\xb9\x1dW*\x08\xa2@\x91\
\xdd\xc5U\x1bW\xb3\xea\xda{\xf9\xf8\xbd\x1f\xe2\xab_\
\xfd*/\xbf\xac\xfe]\x9bH$\xf8\xf2\x97\xbfLM\
M\x0d[\xb7n\xcd\xd9\x0c\xb0N\xa7\xcbI\x99\x9b\xdd\
ng\xe3\xc6\x8d477\xb3m\xdb6\xfe\xf2/\xff\
\x92\x91\x11\xe5Ni\xb2,\xf3\xd4SOq\xdf}\xf7\
QVV\x965A-\x9b\x83^\x80\xea\xeaj\xfe\xe2\
/\xfe\x82\xdbn\xbb\x8d_\xff\xfa\xd7|\xeb[\xdf\xa2\
\xbf\xbf_q]Y\x96\xf9?\xff\xe7\xffp\xdf}\xf7\
\xe1\xf5zS\x0e\x1e\x83\xc9\x18C\xd1i\x82\x89\xb9\xc5\
\xd4l!\x08\x02\x1e\x93\x1d\x971\x7f\x1d\x08w\xec\xd8\
\xc1\xbe}\xfb\x14K1\x05A`\xcd\x9a5|\xf5\xab\
_\xe5\xdd\xef~\xf7\xbc\xbbq\x9e\xbe\xaf\xafZ\xb5\x8a\
\xef\x7f\xff\xfb\xfc\xcb\xbf\xfc\x0b\xff\xef\xff\xfd?zz\
zf\xad+\xcb2'O\x9e\xe4\xa9\xa7\x9e\x9a%`\
I\xb2\xccX,\xc8@\xe4\x5c\xa1\xb9a\xebzZw\
\xecQ-9\x1e>\xd6\xceD\xefP\xce\x05,Y\x92\
\xe8?|\x8a\xe9!e\x01K\x10E\x0a\xaa|\x94.\
k\xc8\xc2\xde\x84\x99\xf2\xe9\xf3>\x97z\xbd\x1e\x83^\
\x7fI\x0e\xee\xd3\xfd\xfe?\x1fI\x10I\x08\x82bW\
\xe1\x99g\x02\x0bEM\xcd\x5c\xf3\xb9/Q\xbf\xf5z\
\xfe\xf8\xb7\x9f'8\xaa|\xdfC\x96i\xdd\xf1\x02\x8b\
n\xd8\x86\xab\xa2*\xed\xef\x97\xd0\x98\x9f\xae7^e\
Z\xe5\xde\x83 \xd0x\xfd\x8d\x5c\xff\x95o`)(\
\x98_\x07\xe4w\x5c\xc7&\xbb\x9d\x86w\xbd\x1bO]\
=\xfb~\xfc\xaf\x1c\xf9\xcd\x7f\xaa\x9eK\xcb\x7f\xfd\x96\
5\x1f\xfe\x18\x055\xb5\xb3\xf6)\x0a\x02\x8bm\x16\x8a\
2,\xdd\x14\x04!\xedR\xf0\x91X\x9cS\x91\x04Q\
\x04D\xdd\xec\xf5kl\x16\xca-\x16\xf4Z\xfe\x96\x86\
\xc6\x9f+Y\xd3\x8a\xb2\xf6\xe4(\x08\xc2\xab@0[\
\xdb\xd3\xd0\xd0\xc8\x9ch4\xca\x1f\xfe\xf0\x07~\xf3\x9b\
\xdf\x10Wi\xd5\xecp8\xb8\xeb\xae\xbbxq\xc7v\
\xbe\xf1\x95\xbf\xc7\xd7\xbcd& \xd4bAo6\xa3\
7\x9b\xcf\x84\x88\x96\xad^\xcb\xd6\xbf\xfd\x9f\x5c\xff\x95\
\xaf\xe1mlR\x1c\xe4\xc5#\x11\xba\xdfx\x95\xee7\
^\xcd\xf5\xe9)\xe24\x98\xa9\xb6yTKm\x04Q\
@g0`rXi\xd8\xba\x9e;\x1f\xff{V\xde\
yC\xcaNT\xe1\x89i\x0e>\xf5G\xfa\xf6\xb7\xe4\
\xea\xb0\xe7Mxb\x9a\x8eW\x0f\xd0\xfe\xca[)\xb3\
/\xaa6.\xe7\xd6o\xfd\x15\xe5k\x9a1\xda,\xf3\
\x13\xaf\xceF\x10\x10\x0dz\x0a\xaaJ\xb9\xea\xd3\xf7\xb0\
\xe6\x83\xb7\xa8\xae*%\x93\x1c\xf8\xc5s\x04\x86\xfc\x19\
\x87\xe0\x8ew\x0fr\xfc\xb9W\xf1\xb7\xf6\xa8\x0a\xb0\x82\
 PP\xed\xe3\xf6\xc7\xfe\x9a\xe6[\xae\xc1\xec\xb4\xcd\
[\xbc\x020\xeb\xf44:\x8aY\xef\xa9\xc3\xe9p\xb2\
y\xf3f\x9ex\xe2\x09\x1e|\xf0\xc1\x94\xc2\xc6\xf8\xf8\
8_\xff\xfa\xd7\xe9\xe8\xe8\xb8$C\xceu:\x1d\x05\
\x05\x05l\xdb\xb6\x8d\x7f\xfe\xe7\x7fN\xe9D\x1a\x1f\x1f\
\xe7\xe5\x97_\xc6\xef\xf7\xe7\xf1\x083C\x14E\x8cF\
#\xe5\xe5\xe5\xdc\x7f\xff\xfd|\xfb\xdb\xdf\xc6\xe7S\xef\
\xee\xd6\xdd\xdd\xcd\xae]\xbb\x88FS\x0bSG'\xfb\
\xe9\x0c\xfa\xcf\xcd\xda\xcb1\x0e\xbd\x89\x02\xa3\x15\xa3\x98\
\x1f\xf1!\x1c\x0e\xb3g\xcf\x1e\xda\xda\xda\x14\x97\xd7\xd7\
\xd7\xf3\xb1\x8f}lA\xe2\xd5\xd9\xe8t:\xdcn7\
\x0f?\xfc0\x0f?\xfc0\x15\x15\x15\x8a\xeb\xf9\xfd~\
\xf6\xec\xd9Co\xef\xb9b}BNrrzp\xd6\
\xe7\xaeb\xcdb\x1c\xbe\xa2\x99\x06\x0dJ\xdbk\xebe\
\xa2{\x10)>\xbff&\xe92S\xae8\xa0\xda\xd4\
\xc2Q\xea\xa1\xb8\xb9\x16c\xa6\x02\x7f\x06\x88\xef\x88\x1c\
\x97\x13\x09Y&6\xc7\xe7T\x10E\x8c6;\x95\x1b\
\xae\xe4\xa6\xff\xfdO\x18Rd\xfbE\xa7\xa7\xe8?\xb0\
\x9f\x90\x9a\xc8\xa5\xc0\xf4\xe0 \x9d\xaf\xbe\x84,+\x0b\
\xc1\x055\xb5\xbc\xeb\xcb\xff\x0bKa\xe1\xfc\xc4\xabs\
7\x88\xa8\xd7SX[\xcf\xba\x8f\x7f\x92e\xefW/\
\xc9\x8e\x87C\xb4n\x7f\x9eDdvG\xcc\x1a\x8b\x91\
2\xb3\x11\xe3B\x9f\x13R\xb0{2\xc8d\x22\xa1X\
\x88]`\xd0Sa1\xe14h\xe2\x95\x86\xc6\x9f)\
\x81w\xb4\xa2\xac\x90\xedi\xdd]Y\xde\x9e\x86\x86F\
\x06\xbc\xfe\xfa\xeb<\xf3\xcc3\x8c\x8e*\xcf\xfa\x16\x15\
\x15\xf1\xd0C\x0f\xf1\xdd\xef~\x97\xe6\xc5\x8b)s\xbb\
X\xe4P\x7fx\x13\xf5zLv\x07\xf5[\xdf\xcd\xa6\
O\xff\x0f\xbc\x8b\x14\xca\x1dd\x19\x7f\xebI\x06\x0e\xbd\
=\x93\xc3\x90g\x04\x04J\xcdN\x16;J\xe7\x5cW\
g4`/*\xe4\xaa\xff\xef^6}\xf2NL\x0e\
e\xc7\x98,\xcb\x8c\x9c\xec\xa2u\xd7>\xc6\xbb\x07\x14\
\xd7\xb9\x10\xc8\x92\xcc\xc8\xc9N\x0e\xfe\xf2O$U\x82\
\x8a\x05A\xa0|\xd5b\xde\xfd\xe5\x07)\xa8.C\x97\
A\x9eE:\x08\xa2\x88\xa3\xc4\xc3\x9a\xfb\xb6Qw\x8d\
z\xd9\xe8D\xf7 \x9do\x1c$2\x95\xfe\xbcF<\
\x1c\xa5\xf7\xad\x16N\xfc\xf1u\xd5\xd2UA\x14)\xa8\
)\xe3\xb6\x7f|\x94\x92\xa5\x0d\x18,\xa6\x05\xe5\xaf\x09\
\x82@\x95\xb5\x90\xab<\xf5Xt\x863]\xd5\xea\xeb\
\xeb\xf9\xd2\x97\xbe\xc4\xa3\x8f>\xaa\xfa^Y\x96\xd9\xbb\
w/O=\xf5\x14\xc3\xc3\xea\x9d\xc6.f\x04A\xc0\
n\xb7s\xddu\xd7q\xef\xbd\xf7\xaa\xae'\xcb2\xbb\
w\xef\xbe\xa8\x05\xac\xd3\x88\xa2\x88\xcb\xe5\xe2\xba\xeb\xae\
\xe3K_\xfa\x92\xea \xfetV`*\x01k,\x16\
\xe2d`\x18\x7f,\xbf\xf3sE&\x07n\x83%\x0f\
\xf1\xdb3\xb4\xb4\xb4\xd0\xd6\xd6\xa6\xf8\xbb0\x1a\x8d\xac\
[\xb7\x8e;\xef\xbc3+\xe2\xd5i\x04A\xc0\xe9t\
\xf2\xa1\x0f}\x88[o\xbdU1\xb8[\x92$\xfa\xfb\
\xfby\xf5\xd5s\x9f{\x13\xb2D\xcb\xf4\xe0\xac\xf5u\
F#5\x9bVb\xb4)\x7f\xaf%\xa21FOu\
\xcdd#\xe6\x90\x81\x83'\x09\x0c\x8d\xa96\x85(\xa8\
.\xa3tYcN\x05&\xe1\x9d\x7f\x97\x13\x09Y&\
>GH\xfbi\xf4&\x13\x15Wl`\xe9{\xef@\
\xd4\xab8\x8fd\x99\xc1\xa3\x87\xd4]Z\xe7!%\x93\
\x04\x86\x06\x18:\xaa\x5c\xce'\x1a\x8cl|\xf0\xd3\xd8\
<\xa9]\x9f\x99\x22\xe8t\xb8\xabkYy\xf7\x07)\
jjV^I\x96i}\xf1\x05\x12\x0a\x9f\xf1f\xbb\
\x05O\x96\x9f\x15\xcef8\x16\xe7X L$\xa9\xfc\
\xb7\xa9\xb1\x98\xf0\x99\x0c\x97\xd9\xd5\xaa\xa1qY\x91\xd5\
J=M\xc0\xd2\xd0\xf83!\x18\x0c\xf2\xd2K/\xb1\
{\xf7n\xc5\x12\x10\x8f\xc7\xc3]w\xdd\xc5\xe7?\xff\
y\x8a\x8b\x8b\xd1\xe9t\x98D\x81\xb5\xce\xb9;\xec\xe8\
\xcdfj7_K\xc3u7b/.\x99\xb5<\x1e\
\x89\xe0o;\xc5X{kV\xce%S\x0a\x0cV\x16\
\xd9\x8b\xb1\xeb\xd3(\xf7\x13\x04\xcc.;+\xee\xbc\x81\
\xd5\xf7\xdc\x8cY\xe5\xfc\xa5D\x92\xb6]{\xe9;p\
\x1cI\xe5\xa1+\xdfL\x0f\x8d\xd2\xf1\xea\x01&{\x87\
\x14\x97\x0b\x82\x80\xb3\xac\x88\xeb\xbf\xfc\x09\x5c\xe5\xc5\x0b\
\x0aQO\xc5Ln\x9a\x97+?u\x17\x0e\x9fWq\
\x1d)\x99\xa4\xf5\xc57\x09\xcdQ\x06x6\xfe\xb6\x1e\
\xdav\xee%2\xad,\x16\x08\x82\x80\xbd\xb8\x80\x1b\xbe\
\xf2)<\xf5UY\x11\xe7|f'\xeb\x0aj(1\
\x9d\x9b\xb7\xa2\xd3\xe9\xa8\xac\xac\xe4\xd3\x9f\xfe4\x1f\xfd\
\xe8GU\xdf\x1f\x8b\xc5\xf8\xb7\x7f\xfb7N\x9e<I\
2E^\xdc\xc5\x8c \x08\xb8\xddn\x1ez\xe8\xa1\x94\
e;---sf\x83],\x08\x82@aa!\
[\xb7ne\xf3\xe6\xcd\xaa\xeb\xa5r`\xc9\xc8\x1c\x9a\
\xec\xa53\xe4'\xa9\xe0\xa6\xc8%E&;.C\xfe\
\xca\x07\x8f\x1f?\xaeZn\xe9\xf3\xf9\xb8\xe2\x8a+\xf0\
x\xe6\x97i\x97\x0aA\x10\xf0\xf9|\xdcr\xcb-\xac\
[\xb7Nq\x9d\xb1\xb11\xdez\xeb\xad3\xff\x97\x91\
\x99ND\xe8\x0d)\xe7\xff\xd5_{\x05f\xa7z9\
\xfb\xf0\x89\xce\x9cNLHI\x89\xfe\x83'\x08\xaa\xe4\
\x13\xea\x8c\x06<\xb5\xe5\x145V\xe5\xec\x18`\xc6\x81\
%^\x86\x0e\xacx\x06FI\xbd\xc9\xc4\xaa\xfb>\x82\
\xde\xa4.\xcc\x8ew\xb4+F((\x11\x99\x9c\xc0\xdf\
\xd6J\x222\xbb\x84U\x10\x04\xcc.\x17\xf5[\xdf\x9d\
q(|:\x88:\x1d\x85u\xf5\xac\xfe\xd0\xfd\xaa\xeb\
\x8c\x9c8Fdr\xfc\x1c\xf7v\x89\xc9@\xb5\xc5\x84\
5G\xcf\x0b\x00\xaf\x8d\x07\x98\x8c'\x15\xf5\x5c\xa3(\
Rk5\xe1\xcdCc\x05\x0d\x0d\x8d\x0b\xc6\xaeln\
L\x13\xb044\xfeL\xd8\xb7o\x1f\xaf\xbf\xfe:\x81\
@`\xd62\x93\xc9\xc4\x86\x0d\x1b\xf8\xecg?{N\
Kr\x9d Po5Ql\x9c;\xf7\xc0`\xb1\xb2\
\xe8\xa6[\xf1\xd47\xce^(\xcbL\xf6t3r\xe2\
\xd8\x82\xcea\xbe\xe8\x04\x91\x924]X\xa71;m\
\xac\xbe\xeff\xaa6\xae\xc0`Q\xce/\x0a\x8eN\xd0\
\xbb\xef(\xe3\x9d*Y\x16yD\x96$\xfcm\xbd\xb4\
\xed|S\xd5\x9d\xa47\x19\xb9\xfa\xd3\xf7QXW\xb1\
\xf0\xd2\x849\x10\xf53\xf9b+\xeeP\xef\xdd1x\
\xb4\x95\x89\x9eAU\xb7\xd8\xd9\xc4\x82a\x06\x0e\x9d\xa2\
w\x7f\x8bj\xd9\xa1\xd1ne\xe3'\xef\xa4tYC\
V\xc49\x87\xdeD\xb3\xd3G\xb3\xb3\x14\x9d0{{\
\xa2(RQQ\xc1\x17\xbf\xf8E\xc5\x10\xe9\xd3tw\
w\xf3_\xff\xf5_\xaa\x02\xc0\xa5\x80^\xaf\xa7\xa9\xa9\
\x89\xfa\xfazUg\xc0\xd0\xd0\x10\x11\x85\xf2\x93\x8b\x15\
Q\x14)--\xe5\xba\xeb\xaeS]\xa7\xad\xad\x8d\xd1\
\xd1QE\xd1\xbf/<\xc1\xa9\xc00Sy\x0eo\x17\
\x04(2\xdaq\xea\xf3\xd7Y\xab\xb7\xb7\x97\xb1\xb11\
\xc5eeee,[\xb6,'Yl0#\x16\xaf\
[\xb7\x8e\xb5k\xd7*^{SSS\x1c?~\xfc\
L\xb9`LJ\xd2\x16\x18%&)\xdf\x07\xbd\x0dU\
\x14\xd6U\xa8\x8a\x12c\x1d}\x8cw\xf5#\xa5h\x5c\
\xb0\x10\xfcm=Lt\x0f\xaa\x96\x0f\xba\xca\x8b)^\
\x5c;\xe3\x1e\xcd!\x97\x9b\xff*)\xcb$d9\xb3\
R_A\xa0\xa0\xa6\x0ewU\x8d\xaa\xa8\x14\x1e\x1f#\
\xae H)\x11\x0b\x04\x98\xeaW\xce\xa6\x14\xf5zJ\
\x97\xaf\xc0\x94f\xe7\xd3\xf9`\xb0\xda\xf0\xad\x5cMA\
M\x9d\xe2\xf2D$\x82\xbf\xad\xf5\x1c\xb7\xfc\x0a\x87\x15\
\xaf!\xb3\xce\x7f\x99\xd0\x1f\x8dq<\x10&\xa6\xe2\x8c\
\xab4\x1b)5\x190\x5cfb\xab\x86\xc6e\xc6\xae\
ln,\xabO#\x82 \xec\x03r\xeb\xcb\xd6\xd0\xd0\
\x98\x85$I\xec\xd9\xb3\x87\xb7\xdf~[1\x8b\xa7\xa6\
\xa6\x86{\xee\xb9\x87\x9a\x9a\x9as~.\x00V\x9d\xc8\
*\xa75\xad\x87\x97\x82\x9aZJ\x96\xad\xc0R0\xbb\
\xedwpt\x84\xc9\xde\xd4\xa1\xe2\xe9\x92\x90!S\xbf\
C\x81\xc1\xcabG)\x16]\xfa!\xa4\xd6B\x17W\
|\xf4=\xb8*\x8a\x153\xa2dI\xa2w\x7f\x0b\x83\
G[UKA\xf2E\xc8?\xc9\xc0\xa1\x93\xaa\xa5/\
:\x83\x81\x9a\xabVQ\xb7e\xed\x82\xf2\xa02Ao\
6\xd1\xbc\xedj\x9c*.\xacD$\xc6\xe0\x91Si\
\x95\x11\x8ew\x0f\xd0\xfbV\x0b\xd1@He_F\xaa\
\xd6/c\xd1\xbb7e\xc5y\xa5\x17D\x1a\xec\xc5\x5c\
\xe1\xae\xc2,\xaa_3:\x9d\x8e\xfa\xfaz\xbe\xf2\x95\
\xaf\xa8\x96O%\x93I~\xf7\xbb\xdf\xd1\xd9\xd9yI\
fa\x9d\xc6d2\xb1z\xf5jU\x01+\x1c\x0e\x13\
\x0a\x85.)\xa7\x99\xc3\xe1`\xfd\xfa\xf5\xaa\xcbc\xb1\
\x18\x83\x83\x83\xb3\xba0&e\x89C\x93}\xf4\x85'\
\xf2\x9a}\x05\xe0\xd2[p\x1b\xad\x18\xc4\xfc\xe5\xc1\x8c\
\x8c\x8c\xa8v\x03t:\x9d\x94\x94\xccv\xdef\x13\xaf\
\xd7\xcb\xd2\xa5K\x153\xcb\xe2\xf18\xa3\xa3\xa3g\x04\
\xb6\x98\x94\xe4\x84B\xf9\xe0itF\x03\xd5\x1bV\xa8\
\xba\xb0\xe2\xa1\x08\xfe\xb6^\xa6\xfa\xd5;\x04.\x84\xfe\
\xb7\x8f\x13\x18\x19S\xbd\x17x\xea*(YR\xb7\xa0\
\xd2\xe7t\x10/3\x09+!C|\x1e\x9fUQ\xaf\
\xa7h\xf1\x12\xc5`q\x98\x11}\x12\xe1\x08r\x1a\xf7\
\xbdx8\xacZn(\x88\x22\xce\xf2\xca\x9c\xfe\xdd\x05\
Q\xc4RPH\xd5\xc6+U\xd7\x19\xef\xea@zG\
\xc0*4\xe8i\xb0\x9a\xb1\xe7\xe8\x99A\x06^\x19\x9b\
f*\xa1\xec\xbe\x12\x04\xde\x99D\xd5\xdcW\x1a\x1a\x7f\
\xc6\x8c\xbc\xa3\x11e\x8d\x5cL\xa7\xed\xca\xc1654\
4R\xd0\xd9\xd9\xc9\xa1C\x87\x14g\xd0\xadV+k\
\xd7\xae\xe5\xa6\x9bnR\xec\x1e\xa6\x13\x04V;\xadX\
\xd2p\xb4\xe8\x0c\x06\x8a\x9b\x97`/\x99\xedt\x8aN\
M\x11\x1c\x19J\xd9\x96:]\xfa\x221\xd5\xac\x045\
\x0c\xa2\x0e\x9f\xc5I\xa3\xa38\xa3\xf7\x157\xd5P\x7f\
\xed:,n\xe5Y\xd1\xe9!?\xc3':\x08\xfa\x95\
\xcbA\xf2\xc5D\xef\x10\xbdo\xb5 %\x94\x1f\xa2\x8d\
63k>x\x0bF[\xfe\xca\x8e\x04Q\xc0\xe6-\
\xa0\xee\x9a+TE\x8f\xc1\xa3mD&g\xbb\x02\xcf\
f\xc6]\xd6C\xff\xc1\x13*;\x02k\x81\x935\x1f\
\xbc%eiP&TZ\x0bY[P\x85\xc78\xf7\
\xf6\x0c\x06\x03[\xb6l\xe1\xae\xbb\xeeR\xed\xc0\xd7\xd5\
\xd5\xc5\x9e={.\x89\x8c(5DQ\xa4\xbc\xbc\x5c\
u\xb9$ILMM\xa96\x88\xb8\x181\x1a\x8d\x94\
\x96\x96\xa6\xec\x925000K\xc0j\x0d\x8e\xd0\x1a\
\x18!\x94X\xf8\xfd,SJ\xce\xe4_\xe5G|H\
$\x12\xf8\xfd~\x82Ae\xa1\xd9d2\xe1\xc8\xa1k\
\x04f\x84\xe2\xb2\xb22\xc5\xebO\x96e\xc2\xe10C\
CC\xc8\xc8\x84\x12Q:C\xa9?g\xb5W\xaf\xc2\
R\xe0R\x14\x0bdYf\xf4T7c\x9d}Y;\
\xfe\xd3H\x89$}\x07\x8e\x13\xf2+\x97N\x1bm\x16\
\xbc\x0dU\xb8\xab\xd4\x9b\x0bd\x0b\xe12\x0bq\x9f\xc9\
\xbf\x9a\x9f\xd8l/*Vu-\xcb\xb2L,\x18H\
\xeb\xd9&\x11\x09\x11\xf2\xabw\x9e\xb4\xb8gO\xfee\
\x1b\x83\xc5Bq\xf3\x12\xd5\xe5\x81\xc1A\xa4\xe4\xcc\xfd\
n\xb9\xc3\x8a\xd7\xa8'W\xd9\xed\x1d\xe1('\x83\x11\
\x12*\xc2b\x91\xd1@\x85\xd9\x885\x8fb\xbd\x86\x86\
F\xde\xd9\x95\xed\x0d\xe6B\xc0\xda\x99\x83mjhh\
\xa4\xe0\xd0\xa1C\xaa\x19<\xb5\xb5\xb5l\xdb\xb6\x0d\xaf\
W\xd9%#0\xd3\x01f\xb1\xdd\x92\xd6CL\xc9\x92\
e,\xbe\xf9=,y\xef\x1d\xe7\xbc\x16\xdf\xfa^\x8a\
\x9a\x96d%\xc8\xbd=\x1cQ\x9d\xb1KE\x81\xc1\xca\
2g\x19&\x95\x99T%t\x06=\x8bo\xba\x0aG\
i\x91\xe2\xc3\xbe\x94H2z\xb2\x0b\x7f{v\xdce\
\xf3!\x19O0\xde=\xc0\xf0\xf1N\xc5\xe5:\xa3\x81\
\xb2\x95MYj\xc9\x9e\x19:\xbd\x9e\x86w\xadW\x9d\
U\x1e=\xd5M4\x90\xda\x81\x15\x18\x19g\xf8x'\
!\xbfr\xce\x88\xc1b\xa6b\xed\xd2\xac\x9d\x9f\xc7h\
c\x85\xab\x9c\x1a\x9b\x17Q\xa1t\xf0|\x04A\xc0\xe1\
p\xf0\x99\xcf|\x06\xbb\xdd\xae\xdc\x8d3\x1eg\xc7\x8e\
\x1d\xb3\xba\xa5]J\x9c\x0e\xd5N5\xe8M$\x12\x8a\
\xe5v\x17+\x82 `2\x99\xb0\xa6\xe84666\
v\xce\xbd3\x94\x88q`\xa2\x87\xa1\xe8\x14\xd2\x05\xb0\
^\x96Z\x5cy\xcd\xbf\x0a\x04\x02\x04\x83AUg\x9d\
,\xcbyq\x16z\xbd^\x8a\x8b\x95' \xe2\xf18\
\x13\x13\x13\xc4\xa4$\xdd\xe11B\xc9\xd4b\x82\xab\xbc\
\x98\xe2\xa6\x1a\x8c*\xe5\xe1c\x9d}\x8cu\xf4\xa9N\
\x08\xcc\x17\x7f{/\xe3\xdd\xea\xdd\x07\x0b\xaa}\x145\
\xd5\xa4\xcc\x5c\xca\x16\x22\x02\xe2e\xe5\xc0\x92\xe6-`\
\x19U\xee\xeb\xa7\x91\x92\xc9\x94]\x7f\xcf\x1cC4\xaa\
\x9a\x97%\xcb\xa4\xb5\x8d\x85\xa23\x18g\x9c^*\x84\
'\xc6\x90\x93I\x1cz\x1d\xcdv3\xf6\x1ce_I\
\xb2\xcc\xab\xe3\xd3\x04\x92\xeaw\xd1z\xcbL\x84E\x0e\
\x9b\x1fjhh\x5cx\xb2\xae\x0d\xe5\xc2\xb3\xa9\x09X\
\x1a\x1ayD\x96e\x8e\x1e=Jgg\xe7\xace\xa2\
(R[[\xcb\x96-[R>\x9c\xe9\x04\x81\xf5.\
;G\xa6\xc3\xc4\xe6\x08+v\xf8\xcai~\xcf\xed\xc4\
C\xb3E\x09\xa3\xcd\x8e\xde\xb8\xf0\x5c\x8f\x89x\x92\xae\
p\x8c\x8a\xa4\x84-\x83\x87+\xa3\xa8\xa7\xcc\xec\xa6\xd6\
\xea\xe1\xf8\xb4r\xd0\xb9\x12\x85\xd5e\xf8\x9672\xd9\
;Ddj\xb6[\xc8\xdf\xde\xc7XG?U\xeb\x97\
\xa7\xbd\xcdl\x12\xf2O\xe2o\xeb!\xaa\x12nn\xb4\
\x9ai\xbcnC^\x06E\xe7#\x88\x22\xa5K\xebY\
\xfb\xe1\xdb\x14K,D\x83\x0e\x8b\xcb\x81,\xcb\xaa\xd7\
\xe0d\xcf\x10\xa3\xa7\xbaT\xc3\xf2-.;\x8bn\xd8\
\x94\x95\xf33\x89z\x16;JX\xea\xf4a\x16\xd3\xff\
\x0a\x14E\x91\x95+W\xb2u\xebV\x9e}\xf6YE\
\x17\xd2\xbe}\xfb\xe8\xee\xeef\xf9\xf2\xe5\xaaN\xad\x8b\
\x19Y\x96\x89\xc5b)\xc5\x0a\x93\xc9t\xc9\x9d\x9b,\
\xcb\xb3\x1cVgc\xb1X\xce\xc9w:2\xd5Og\
\xd0O4\x99\x9b\x8c\xa4T\x18D\x1d%&'\xf6<\
\xe6_\xcd\xe5\xd2\x09\x04\x02\x8c\x8c\x8cP__\x9f\xd3\
\xe3hll\xe4\xaf\xfe\xea\xafx\xff\xfb\xdf?k\x99\
\xdb\xed\xa6\xb6\xb6\x96h2\xc1\xa9\xe9a\xb5\x98\xbc3\
\x88z=U\x1b\x96\xd3\xfb\xd61b\xa1\xd9\xf9E\xb1\
@\x08\x7fG/\xd3\x83\xa3\xb8*\xb2W\x1e\xd9\xf7\xd6\
1B\xfe\x09\xd5\xcf\x90\xb7\xa1\x8a\xe2\xa6\x9a\xac\xed/\
\x15\xa2 \xe4\xbaJ\xf1\xa2b\xbe%\x84\xc0;\x13o\
\xea\xef\xd5\x19\x0c\x08iM\x8c\x09\xef\xbcf#KI\
\xa6\x07\xb2\xef\xfa;\x1f\xd1`\xa0x\xf1Rn\xfc\xda\
\xb7\x14\x97\xbb**0\xd8\xec,\xb5[(2\x1a\xd0\
\xe5\xe0\x22\x91\x81S\xa1(m\xc1\xa8j\x09\xb6U'\
Rk5\xe32\x5cZ\xdf'\x1a\x1a\x1a\x19\xf3b\xb6\
7\x98u\x01K\x10\x84\xe3\xb2,\xb7\x01\xb9}\xd2\xd1\
\xd0\xd0\x00f\xdc\x03mmm\x8c\x8f\xcf.q+,\
,d\xd9\xb2e\x8a\xb9\x22g#\x00U\x16#\xe5f\
#]a\xf5\x07\x0e\x98iS\xee(\xcdm\xf9\x83$\
\xc3\xd1`\x88%\xf1\x046]f\xa2\x85\xdb`a\x85\
\xab\x82\xd6\xe0\x08\x894g;E\x83\x9e\xcau\xcb\xe8\
\xdesHQ\xc0\x0aOL1\xd13Hd*\x98\xb5\
\x12\xb6L\x98\x1e\x1ae\xf4T\xb7\xe22A\x140\xbb\
\x1dTo\x5c\x91\xe7\xa3:}\x00`r\xd8X}\xef\
\xcd\xaa\xe1\xeb\x96B\xa7j9\x94,\xcbL\xf4\x0e\xaa\
:\xdcD\xbd\x1eWy\x09\xe5\xabUZ\x83gr\xa8\
\x02\xd4\xd9\xbd\xactWR`Pw\xe4\xa8a4\x1a\
\xb9\xf7\xde{\xd9\xbe}\xbb\xa2\x80566\xc6\xd1\xa3\
G\xd9\xb4i\xd39\xcd\x12.\x15dYftT=\
\x17\xc8d2\xe1t:1\x18\xd2\xcf\x99\xbb\xd0H\x92\
D(\x14J\x19>\xef\xf3\xf9\xce\x88r\xc3\xd1i\x0e\
N\xf62\x11\xcbop\xfbi<F\x1bn\xa3\x05}\
\x1a\xce\xc0la\xb5Z1\x9b\xcd\x08\x82\xa0(\xbc\x0c\
\x0c\x0c\xd0\xd2\xd2\xc2\xc6\x8d\x1bsz\x1c\x1e\x8f\x87k\
\xae\xb9\x86\xab\xaf\xbez\xd62A\x10\x10u:Fb\
\xd3t\x84\xd2\xcb\xae\xaa\x5c\xb7\x14\xfbo\x0a\x99\x1a\x18\
\x99\xe5|\x91e\x99\xb1\xb6^\xfc\xed\xbdY\x13\xb0\x92\
\xf1\x04\xbdo\xb5\x10\x1eW\xce\x12\xb3\x148\xf16V\
c/\xc9~7G%\x04\xe1\xf2r`\xc5%\x99\xd8\
<\x1dX\x91\x89qd\x95\xf7\xea\x0c\x06\x8cv\x07\xba\
4\xee{:\x83\x01\xa3M\xf9\x19AJ$\x19<r\
\x98x8\x8c\xc1\x92;\x87\xa5 \x08X\x0b\x0bi\xbe\
\xed}\xca\xcbE\x11\xbb\xc9\xc8\x0a\x875\xa3\x09\xc2L\
\x88I\x12\xaf\x8cM\x13N\xaa;\xe9k,&-\xbc\
]C\xe3\xcf\x9f6A\x10T\xf2A\xe6O\xae\x9e\x90\
4\x17\x96\x86F\x9e\xe8\xec\xec\xa4\xbf\xbf_\xd1aP\
QQ\xc1\xda\xb5k\xd3rL\x18\x05\x815N+\xfa\
\x8b\xe4Y\xa2/\x1c\xa3'\x12#\x9ca\x16\x96I\xa7\
\xa7\xcaZH\x95\xb50\xa3\xf7\xf9V4b\xf5\xb8U\
\xcb\x08\xa7\x06F\x98\x1e\xbc0=*\x02\xc3c\xaay\
-:\xa3\x01oC\x15\xb6\xe2\xcc\xce7\xdb8}^\
\x9ceE\x8a/\x83\xd9\xa46)M,\x10b\xb2w\
\x98\xd0\x98zfL\xe9\xb2\xc6\xac\x08\x87>\xb3\x8bU\
\xae\x0a*,\xca\x7f\xe7t\xd8\xbau+%%%\x8a\
\x1d\xd9$I\xe2\xe0\xc1\x83\x0c\x0e\xaa\x07L_\xccH\
\x92\xc4\xd1\xa3GU\xdd#\xa5\xa5\xa58\x9d\xce\x9cu\
\xa3\xcb\x05\x91H\x84\xce\xce\xce\x94e\x8f\xe5\xe5\xe5\x18\
\x0c\x06$Y\xe6\xad\x89n\xfa\xc2\x13$\xe4\x0b\x13T\
\xef\xb3\xb8p\xea\xf3W>\x083\x1d(\x8b\x8b\x8bU\
s\xaez{{y\xe5\x95Wr\xdeeS\x10\x04\xf4\
z=F\xa3q\xd6\xcb`0\x90Db <\xc5d\
<\xbdN\x98\xf6\xe2BJ\x9a\xeb09\x94\xc5\xea\xf1\
\xee\x01\xfcm=Y+#\x1c\xef\xecg\xbc\xb3_\xb5\
|\xd0SWAQcuV\x9aP\xa4\x83p\xd9\x85\
\xb8\xcb\xf3v`\xf9\xdbZU\xbb\xfbZ=^L\x0e\
GZ\x9d}\x0dV\xabbF(\xcc8\xb0&{{\
h\xdd\xf1\xa7\xdc\x97\x12\x0a\x02:\xa3Q\xf1%\xeag\
\x22#JL\x06\xf49\x10\x8f\x92\xb2\xcc\xb1`\x84\xf6\
pD\xb5\x19\x8f^\x10h\xb6[(\xd0\xdcW\x1a\x1a\
\x7f\xeed\xdd}\x05\xb9\x13\xb0v\xe4h\xbb\x1a\x1a\x1a\
\xe7\xd1\xd1\xd1\xc1\xf0\xf0\xb0\xe22\x9f\xcf\xc7\xb2e\xcb\
\xd2\xde\xd6\x12\xbb\x05\x8f\xe1\xe2\xc8#\x88J2G\x03\
a\xfc\xf1\xcc\xcax\x04\x04\x5c\x06\x0b\xab\x5c\x15\x88\x19\
<\x9c\xd9\x8b\x0ap\x96\x15\xa17+;\xbe\x82#c\
L\x0f\xe6?\xa0;\x19\x8b\x13\x1c\x19'8\xaa\x1c\x22\
o0\x9b\xf0-_t\xc9\x86\xf5\x06G'\x98\x1a\x1c\
Q\x1dD\x9a\x1cV\xcaW7-x?v\xbd\x89e\
\xcer\x1a\x1d%\x183(\x1d<\x9f\xa2\xa2\x22\xae\xb8\
\xe2\x0a\xd5\x8e\x84---\x8c\x8c\x5cz\xcdx%I\
bhh(\xa5\x80\xb5t\xe9R\x9cNg\x9e\x8fl\
aLOO\xb3o\x9fz\xf3\x1b\x8f\xc7\x83\xc7\xe3A\
\x14E:\x82\xa3\x1c\x9b\x1a\x9c3_)\x97\x94\x99]\
8\x0c\xf9+\x1f\x84\x19\xe1\xa8\xbe\xbe^5\x7f*\x10\
\x08\xf0\xf2\xcb/\xf3\xd3\x9f\xfeT\xf5\xbb&\x1f\x84\x93\
q\xda\x83\xa3iw\x85\x14D\x91\xaa\xf5\xcb\xb0y\x95\
\x83\xb3#S\x01\xc6:\xfa\x08\x0c\xcfn~2\x1fz\
\xf6\x1e!4>\xa5\xf8\xf9\x11D\x91\xe2\xa6Z<\xf5\
\x15Y\xd9W:\x88\xcc]\x1e\xfa\xe7DB\x96U\xc3\
\xc2S\x11\x1a\xf3\xe3o;\x85\xacR2\x5cP[\x8f\
\xd9\xe5Nk[f\xb7\x9b\xc2:\xf5\x02\x94D$\xcc\
\xfe\x7f\xfbWz\xf6\xbc\xa1*\x98\xe5\x1a\x8bNd\x8d\
\xd3\x96\x13\xf7\x95\x0c\x04\x92\x12\xaf\x8eO\xa7t\xc3U\
\x98\x8dT\x98\x8d\x98/\xa1\xc9\x10\x0d\x0d\x8dyqI\
\x09X99X\x0d\x0d\x8d\xd9tuu)\x96\xfd\x9c\
\x9eU\xaf\xacT\x0f\xf3\x84\x99\x81\xeb\xe4\xe4$\x03\x03\
\x03\x04\x86\x06\xa9LD\xd0\xcd\xd3\x86\x9fm\xba\xc2Q\
z#1\x22\x19\xceV\x9auz\xeal^*,\xe9\
=t\xc2\xcc\x00\xa3\xb0\xb6\x1c\x93C\xd9\xe9\x13\xf4O\
\x12\x18\xc9\x7f'\xc2\xc8T\x80\xe9\xe11\x921\xe5\x87\
k\xbd\xd9D\xf1\xe2\x9a\xfc\x1eT\x16\x09\x0c\xa7\x10\x06\
\x050\xd9\xad\x14/\xae]\xd0>t\x82H\x93\xa3\x84\
e\xae2\x9cY\xc8\x16\xda\xb2e\x0b&\x93r\xd6[\
WW\x17\xc3\xc3\xc3)3\x97.F\xa2\xd1(O?\
\xfd4\x93\x93\xcaN8\x80M\x9b6\xa96\x83\xb8\x18\
I&\x93\x0c\x0c\x0c\xb0}\xfbv\xd5uV\xadZ\x85\
\xd5j%*%\xd8;\xde\xc9h4\x90\xb6@\x92m\
lz#^\x93\x1d\x8b\x98\xff\x12\xcd5k\xd6PS\
S\xa3\xba\xbc\xbb\xbb\x9b\x1f\xfe\xf0\x87|\xe7;\xdfa\
\xd7\xae]\x17\xa4\xdbf8\x19\xa7=\x94\x998\xec[\
\xb1\x08Wy1\xa2B\x17JY\x92\x19\xeb\xecg\xb4\
\xadg\xc1\xc7\x96\x8c'\xe8\xd9w\x94\xc8\x94rN\xa1\
\xbd\xa8\x00oc\x15VO\xfa\xdfI\x0bE\x10.'\
\xff\xd5\xfc\xba\x10\xca\x92D\xeb\xf6?\x12\x1e\x1fWw\
\x9e.[\x81\xcd\x9b^I\xb8\xc5U@QS3&\
\x87\xb2\xd0/K\x12CG\x0f\xb3\xe7\xf1\xefq\xe8\xa9\
\x9f3z\xea\x04\xc9X~\x05\xf3&\x9b\x85r\x931\
'\xee\xab\x84$sh:Dw8\xaa\xba\x8e(\xcc\
L\x96\x16\x18t\x97\xd5\xf5\xa9\xa1q\x99\x92\x13M(\
'>fA\x10\x86eY~\x13X\x9f\x8b\xedkh\
h\xfc7\xfd\xfd\xfd\x8c\x8d\xcd\x9eAv8\x1c\x94\x95\
\x95a;/\x8f!\x1e\x8f\x83Ml\x87\x00\x00 \x00\
IDAT\xd3\xdf\xdf\xcf\x89\x13'\xe8\xea\xeabd\
d\x84\xf1\xf1qB\xa1\xd0L^\x8c\xdeH\xb7\xde\x84\
h\xb7cv\xb9q\xfa\xcaqUVa-\xf4(\x0e\
\x02rI8)q\x22\x18\xa1\xcal\xa4L\xc5\x19\xa5\
\x84\x80\x80\xdb`emA5}\xe1I\x92s\x04\xd3\
\x9f\xc6]Q\x82\xc9nU\x9c\x91\x0fOL\xa9\x96\xb9\
\xe5\x92\xf0\xc4tJ\x87\x80\xded\xa0\xb0fv\xeb\xf9\
K\x85\xa0\x7f\x82\xc0\x88\xf2\xf9\xe9\xf4zl^7\xb6\
\xa2\x85\xb5\x1e\xaf\xb0\x16\xb0\xca]A\x89I\xb9D*\
S\xd6\xaf_\xaf\xea\xc0\x9a\x9a\x9a\xa2\xb7\xb7\x97@ \
\x80\xdb\x9d\xbf\xc1\xeaB\x88\xc7\xe3\x1c9r\x84\x1f\xfd\
\xe8G\xaa\xeb\x94\x95\x95\xb1q\xe3\xc6K\xe6\x9c`&\
\x93\xec\xb9\xe7\x9e\xe3\xf0\xe1\xc3\xaa\xeb\x9c\x16#[\xa6\
\x07i\x0d\x8e\x10\x95.\x9c\xf0Xbv\xe2\xd2[2\
r\x8ef\x8b\xe6\xe6fV\xaf^\xcd\xfe\xfd\xfb\x15\xf3\
\x14\x13\x89\x04\xa7N\x9d\xe2\xf1\xc7\x1fg\xdf\xbe}\xac\
Z\xb5\x8a\xda\xdaZJKK)//\xa7\xbc\xbc\x9c\
\xd2\xd2R\xf49\xfa\x8e\x88II\x86\xa2S\x8cFS\
w4=\x1fk\xa1\x8b\xd2\xa5\xf5\x0c\xb5\xb4+\xbaX\
'z\x06\x19=\xd9E\xcd\x95+\x11\x17\xd0\x9c`\xa2\
k\x80\xb1\x8e>\xd5\xf2\xc1\xa2E\xd5x\xea+\x10s\
\x949\xa4\x84N\x10\xd3\xea\xb2\xfa\xe7B\x5c\x92\xe7l\
Bs6\xb2$1\xde\xd1\xce\xa1\xa7~\x8e\x94P\xee\
\x9el\xf3\x16Q\xba|%\xd6\xc2\xf4J\xf4\xf5f3\
\x9e\xfaF\xcaV\xaf\xa5\xe3e\x954\x15Y\xa6{\xcf\
\xebLtw\xd1\xb7o\x0f\x9e\x86E\xd8\x8bK\xb1\x17\
\x17c/)\xc5^\xe2\xc3\xe4\xb0#\x88\xd9/\xaf\xb3\
\xe8D\xd6\xb9lXt\xd9\xbf\xc7H2\x8c\xc6\x13\xec\
\x9e\x08\x90JG\xf4\x1a\x0d\xd4ZMXsp~\x1a\
\x1a\x1a\x17\x15o\x0a\x82\x90\x13\xdbv.G\xa3;\xd0\
\x04,\x0d\x8d\x9c\x12\x0e\x87\xf1\xfb\xfd\x84\xc3\xb3\x03\x87\
=\x1e\x0fUUUg\xfe\x1f\x8b\xc5\xe8\xec\xec\xe4\xd5\
W_e\xdf\xbe}\x1c9r\x84\xb6\xb66E\xb7\x88\
 \x8a\x98\x1c\x0e,\xeeB\xdcU\xd5\x14\xd4\xd4QP\
SCa}#\xde\x86&,\x05\x05i\xe5Ad\x83\
\xf6P\x94^{\x0c\xaf\xd1\x801\x83\xdaF\x93N\xcf\
\x22{1\x15\x167]\xa1\xf4JD\xec%\x1e\x0cV\
e\x87N<\x14%:\x15@J$\xf2*\xe4E\xa7\
\x82\xaa\xc2\x99 \x8a\x18m\x16l\xdeKGT8\x9f\
\xf0\xf8\x14\xe1\xb1)\xc5e\x06\x8b\x09WE\xc9\x82\x06\
\x96n\xa3\x955\xeeJ\xaa\xac\x1etY\x1a\xcc-Z\
\xb4\x08\xa7\xd3\x89\xdf\xefW\xccV\xea\xeb\xebcbb\
\xe2\x92\x10{b\xb1\x18G\x8e\x1c\xe1\xb1\xc7\x1e\xe3\xc8\
\x91#\x8a\xeb\x08\x82\xc0\xad\xb7\xdeJSS\x93\xaap\
w\xb11>>\xces\xcf=\xc7O\x7f\xfaSb*\
\x0e\x07\x93\xc9\xc45\xd7\x5cCPH\xf0\xe6X\x07\x81\
\xb8\xbak \x1f\x94[\xdcy\xed>x6N\xa7\x93\
\x9bo\xbe\x99\x03\x07\x0e\xb0k\xd7.E\x07\xa1,\xcb\
\x8c\x8f\x8f\xb3}\xfbvv\xee\xdcIAA\x01\x15\x15\
\x15TUUQ]]MUU\x15\xe5\xe5\xe5\xf8|\
>\xca\xca\xca\xf0\xf9|\xd8\xed\xf6\xac\x94\xb1\x85\x92Q\
Z\x03#iOF\x9cM\xe5\xbae\xb4\xbf\xf2\x96\xa2\
\x80\x15\x9e\x98\xc6\xdf\xd1Kpt\x02\xc7\x02\xc2\xd5\xbb\
\xf6\x1c\x222\x19Pld\xa13\xe8)n\xae\xa3\xa0\
:\xb7\xcdO\xceG/\x88Y\xbb\xe7]\x0ad\xe2\xc0\
\x92\x93I\xc6:;\xd8\xff\x93'\x18>vT9\x93\
J\x10\xa8\xbej3\xde\xc6E\xe82\xe8\xae\xec,+\
g\xd1M\xb70|\xec(\xc1\x11\xf5\xb1\xdb\xd4@\x1f\
S\x03}\xe8\x0cF\xac^/\x8eR\x1f\xce\xb2\x0a\x9c\
\xe5\xe58J}\xd8\x8bJ\xb0\x15\x97`/*\xc6R\
\xe8A\xaf\xe2\xfa\xcd\x84&\x9b\x99JKn\xdcWQ\
Y\xe2\xc0t\x88a\x15\xb7\xf8i\x9am\x16\x0a\x0d\xfa\
\x8b\x22\xaaBCC#\xa7\xe4,R*\xd7\x02\xd6\x97\
r\xb8}\x0d\x8d\xcb\x1e\xbf\xdf\xcf\xd4\xd4\x94\xe2 \xda\
\xedvSZ:\x13&:>>\xcek\xaf\xbd\xc6\xd3\
O?\xcd\x1f\xff\xf8GzzR\x97L\xc8\x92Dd\
r\x92\xc8\xe4$\xe3]\x1dt\xbc\xb2\x0b\xb3\xd3E\xd1\
\xe2f*\xd6m\xa4b\xdd\x06\x8a\x17/I;\x17b\
!\x04\x93IZ\x83Q\xaa\xcc3\x1dk\xd2E@\xc0\
i\xb0\xb0\xae\xa0\x86\xbe\xc8DZ\x1d\x09\xad\x05.\xf4\
&\xe5\x01\xba,ID\x03a\xa2\x810\x16wv\x9c\
<\xe9\x10\x0d\x84\x88L*w\xb5\x12u:,.\x07\
\xa2\xfe\xd2\x9c\xc9L\xc6\x13D&\x03\xc4\x82\xca\x1d\xdf\
t&\xe3\x82\x06\x95\x06Q\xc72g\x19M\x8e\x92\x8c\
\xbbY\xa6\xc2\xe1p\xe0\xf3\xf9\xe8\xee\xeeV\xfc\xec\x0d\
\x0c\x0c\xa4,\xc5\xbb\x18H$\x12\x0c\x0c\x0c\xb0o\xdf\
>~\xfd\xeb_\xf3\xd4SO\xa9\x96\xd0477s\
\xf7\xddw_\x12\x9d\x15\xe3\xf18\xdd\xdd\xdd<\xff\xfc\
\xf3<\xf9\xe4\x93\xb4\xb4\xb4\xa8\xae\xbbn\xdd:\x16/\
i\xe6`\xa0\xff\x9d\xe0\xf6\x1c\x07+\xa7@\x14\x04|\
f\x176\xfd\x85\x13\x087l\xd8\xc0\x07>\xf0\x01\xfa\
\xfa\xfa8~\xfc\xb8\xea\xf5\x003\xe5\x99\xa3\xa3\xa3\x8c\
\x8e\x8e\xf2\xf6\xdbo\x03`0\x18\xa8\xac\xac\xa4\xa6\xa6\
\x86\xba\xba:jkk\xa9\xa8\xa8\xa0\xa4\xa4\x84\xd2\xd2\
RJJJ(,,\xccX\x04\x95\x91\x99\x8eGh\
\x0b\xcco\x22\xb7\xa8\xa9\x86\x82*\x1f\xa3\xa7\xbag9\
\xa4dIb\xa2{\x90\xd1S]\xf3\xbe\xd7$\xe3\x09\
\xba\xdf<L4\x10R\x5c\xee(\xf5\xe2m\xac\xc2\xec\
\xca\xcd\xf7\x86\x94H2|\xa2s\xd6\xdf\xcbl\x1f\xc1\
\xee\xf6\xd3f\xb2\xe7d\xbf\x00\xb5\xb5\xb5\xf8|\xbe\x8b\
\xa23iB\x86\xf8\x1c\xfa\x95\x9cL\x12\x1a\xf33\xd4\
r\x84S/<\xcf\xb1\xff\xfa\x8dj\xa0zaM-\
\x8bn\xdc\x96q\xd7e\x93\xc3I\xd5\x86+i\xba\xe9\
\x16\x0e\xff\xea?\x89\x87\x95\xaf\x8b\xd3$\xe31\xa6\x07\
\xfa\x99\x1e\xe8\xa7\xff\xc0\xfe3\xdbp\xf8|\xb8*\xaa\
pUT\xe2,\xab\xc0^R\x8a\xcd\xe3\xc5\xea\xf5b\
\xf3x1\xda\xd3\x0b\x96?\x8dU'\xb2\xd1\xed\xc0\x94\
E\xf1*\x1c\x0es\xf4\xe8Q<^/c\xf1\x04\x7f\
\x1a\x9db\x22E\xf9\xbcQ\x10\x18\xf58\xd9g1-\
HD\xd3\xe9t\x14\x15\x15\xd1\xd4\xb4\xf0|L\x0d\x0d\
\x8d\x9cq\xe9\x09X\x82 \xecH\xf5\xf0\xa3\xa1\xa1\xb1\
p\xc6\xc6\xc6\x08\x85\x94\x1f\x8el6\x1bn\xb7\x9b\x91\
\x91\x11\x9e}\xf6Y~\xf0\x83\x1f\xb0{\xf7\xee\x94\x83\
\x92TD\xa6&\xe9ys7\x03\x87\xde\xa6w\xefn\
\x16\xddx\x0b\xb5\xd7\x5c\x8b\xb3\xac\x22\xe7n\xac\xb6P\
\x94F[\x0c\x8fQ\x9fQ\xcbe\xa3\xa8g\xb1\xa3\x84\
\x8a\x097\x9d\xc1\xb9]XF\x9b\x051E\x87\xa8x\
8B,\x10\xca\xab\x80\x15\x0bE\x88L*\x97\xcd\x88\
z\x11\x933w\x83\x93\x5c\x13\x0b\x84\x88L\x07U\xc3\
lu\x06=\x96y\x0e\xfa\x04\xa0\xc6\xeaa\x95\xab\x82\
B\xe3\xc2;\x18\x9eOYY\x19z\xbd\x9ex|v\
\xe9\xc9\xd0\xd0\x10\xd3\xd3\xca\xa2c&\xc4\xe3q\xfc~\
\xff\x82\xbb\xfe\xc9\xb2L2\x99$\x1a\x8d2==\x8d\
\xdf\xef\xa7\xaf\xaf\x8f\xfd\xfb\xf7\xb3}\xfbv\x0e\x1e<\
\xa8\xfa^\x9f\xcf\xc7C\x0f=\xc4\xea\xd5\xab1\x9b/\
\x8c;(\x15\xb2,\x13\x0e\x87\x19\x1f\x1fgpp\x90\
\xd6\xd6V^y\xe5\x15\x9ey\xe6\x19\xba\xba\xbaT\xdf\
g0\x18\xf8\xe4'?\xc9\xa4!\xc9[\x83=DT\
\x02\x9c\xf3\x85\xcb`\xc1c\xb4-\xa8\xc1\xc0B\xb1Z\
\xad\xdcz\xeb\xadLLL\xf0\xa3\x1f\xfd\x88\xd6\xd6\xd6\
\x94\xdd\x1b\xcf'\x1e\x8f\xd3\xde\xdeN{{;/\xbe\
8\x13{\xe1\xf1x\xa8\xad\xad\xa5\xa1\xa1\x81\xba\xba:\
jjj\xf0\xf9|\x14\x17\x17STTDQQ\x11\
6\x9b-\xa5Kk\xa6|p\x9a\xd1Xf\xe5\x83\xa7\
1\xd9\xad\x94.k\xa4\xff\xe0\x09&\xfbf\x8b`\x93\
\xbdC\x0c\x9f\xe8\xa4\xe6\xcaU\xf3\xfa.\x9b\xe8\x99\xe9\
f\x98Pq\xfa\x95.k\xa0\xb0\xa6<g\x81\xea\x89\
h\x8c\xa3\xbf{qV~\xe3a\xbd\x89\x9dF+\x06\
!w\x13\x1c\x0f>\xf8 \xdb\xb6m\xc3\xe5rem\
\x9b\xf1x\x9c\xb1\xb11\xc5{k*\xfcSA\xa6\xc6\
\xa6\x08\x9fn\x08\x22\xcb\xc8\x92D2\x16#\x16\x0a\x11\
\x99\x1c'8<\xcc\xf0\xb1\xa3t\xbe\xfe\x0aCG\x0e\
\xa9n\xcb\xea-b\xd9\xfb\xef\xc6\xb7b5zs\xe6\
]A\xed%\xa5,\xbf\xf3^\xc2\xe3c\xb4\xed\xdcA\
,\x18\xc8\xe8\xfd\xd1\xe9)\xa2\xd3S\x8c\x9e\x9c\xe9>\
?\xe3\xd2*\xc2]U\x85\xbb\xb2\x1awe\x15\x0e_\
9V\xaf\x17k\xa1\x07k\xa1\x07\xb3\xbb\x00]\x0a!\
\xb1\xc9f\xa1\xd2lD\x97\xc5\xebpll\x8c_\xfe\
\xf2\x97\xec\xd8\xb9\x93\xa9D\x92\xb19\xdcW&Q\xa0\
\xddd\xc8\xe89N\x09\xab\xd5\xca\xd6\xad[\xf9\xfc\xe7\
?\xbf\xa0\xedhhh\xe4\x0eA\x10.=\x01\xeb\x1d\
~\x0f\xdc\x96\xe3}hh\x5c\xb6LNN*\x96\x0f\
\xc2\xcc\x17\xbc,\xcb\xfc\xe1\x0f\x7f\xe0\x9f\xfe\xe9\x9fT\
\xcb\x832%\x11\x89\xd0\xf3\xe6n&\xba\xbb\x99\xea\xef\
c\xe9\xfb\xee\xa0\xb0\xb6\x1ea\x01e^s1\x99H\
\xd0\x1e\x9a\xc9\xc2*\xc9\xc8\x85\x056\xbd\x89\x8d\x85u\
\xf4\x85'\x89K\xa9\xbb\xfe\x18\xadft)\xdcL\xc9\
h\x9cx$\xbfeF\x89H\x94xH\xf9o,\xea\
t\x98\x9d\xd9\x17g\xf2E,\x18&\xae\xe2\xbe\x82\x19\
\x01k\xbe\xae\x05\x8f\xc9\xc6\x86\xc2\x1a|\x16\x17b\x0e\
\xa2b}>\x9fj\xde\x8f\xdf\xef'\x18\x9c\xdf`\xfb\
4\x92$\xd1\xdd\xdd\xcd\x13O<\xb1\xe0\x81\xaf,\xcb\
\xc4b1\x02\x81\x00\xc3\xc3\xc3ttt\xd0\xd6\xd6\xc6\
\xc0\xc0@\xca\xf7\x95\x96\x96r\xff\xfd\xf7s\xf7\xddw\
g\xbd\x1c2\x99L\xd2\xd1\xd1\xc13\xcf<3\xaf\xf7\
\xcb\xb2L\x22\x91 \x16\x8b1>>NWW\x17\xc7\
\x8e\x1d\xe3\xc0\x81\x03\xf4\xf4\xf4\xa4\x14\xeaEQd\xdd\
\xbau\x5c{\xe3\xf5\xec\x9c\xecd\x22\x1eB\xe6\xc2N\
\xb8UY\x0ap\xe8\xcd\x17<\xd4\xb8\xbc\xbc\x9c\x0f\x7f\
\xf8\xc3\x98L&\x9e|\xf2I\x8e\x1f?\xae:I\x92\
\x0e~\xbf\x1f\xbf\xdf\x7f\xa6\x13\xa4\xd9l\xa6\xb2\xb2\x92\
\x86\x86\x06\x1a\x1b\x1bY\xbcx1uuugr\xb4\
\xdcn\xf7\xac\xeb}:\x11\xa150\xbc\xa0p\xfd\xf2\
5\x8bi\xdb\xf5&\x93\xfd#\xb3\xca\xfcB\xe3S\xf8\
\xdbz\x09\x8dOa\x9bG\xc8z\xe7\xeb\x07\x89N\x87\
P\xba\x84\xf4f#%K\xeaq\x95\xe5\xce\xbd(%\
g\x1cX\x17\x82\x9bo\xbe9c\xa1i.\xfa\xfa\xfa\
\xf8\xc9O~\xa2\xda(C\x8d\x9eH\x8c\x93\xc1\x08\xd1\
\xd3\xa2\xab,#%\x12\xc4BA\xc2\xe3\xe3L\xf5\xf5\
0\xd1\xdd\xc5\xf4`\xea\xfb\x9e\xd5\xe3\xa5\xf9\xd6\xf7\xb1\
\xf8\x96\xf7`-\x9c\x9f+O\xd4\xe9(\xack`\xc3\
C\x9fAg4\xd3\xf5\xc6+L\x0f\xf4\xcfk[p\
\xda\xa5\xd5\xc7\xf4@\x1f={\xde@\x10\x04\x8c\x0e\x07\
\xae\x8a*\x0a\xaak)\xa8\xad\xa3\xb0\xa6\x16gY\xf9\
L\x9eVI)\xba\xb3\x9c\x8e\x16\x9d\xc8\xa6\x02\xfb\x82\
\x85\xa3\xf39\xed\xc0\xca\x84\xd6,\xec\xf7t\xc6\xab\x86\
\x86\xc6E\xcb\xefs\xb9\xf1\x5c\x0bX\xdb\xd1\x04,\x0d\
\x8d\x9c155E$\x12Q\x5c\xa6\xd3\xe9hii\
\xe1\xe7?\xff\xb9\xaax%\x8a\x22v\xbb\x1d\x8b\xc5\x82\
\xc9dB\x92$\x22\x91\x08\x81@\x80h4\x9ar\x10\
8=\xd8\xcf\xe1_\xfd\x07\x89h\x84\xd5\xf7}\x94\x82\
\x9aZ\xc8a\xf8p[(J\x9du\xc6\x85\x95\x89\xf5\
\xdc \xeahv\x94Ri-\xa0=0\xbb[\xe3\xd9\
\xe8\xcdFt\x06\x03\x82 (\x9e{\x22\x1eW\x0d\xe9\
\xcd\x15\xc9\x98\xbah6#`]\xba\x0e\xacx$\x9a\
R\x10\xd4\x19\xf4\x98\xdd\x99\x9f\x9fY\xa7gmA5\
u\xb6\x22L9r\xb4\xa4\x12\xb0R\x09\xcb\xe9\x22I\
\x12'N\x9c\xe0o\xff\xf6o\x17\xb4\x9d\xf9 \x08\x02\
\x0d\x0d\x0d\xdcu\xd7]<\xf2\xc8#x\xbd\xde\xac\xbb\
G\xa2\xd1(/\xbc\xf0\x02\xbbw\xef\x9e\xd7\xfbO;\
\xca\xc2\xe1pF\x03hQ\x14\xa9\xa8\xa8\xe0\x8b_\xfc\
\x22\xbdB\x88\x13\x81\xe1\x0bZ:x\x9a*kaV\
\xcb\x5c\x17BYY\x19\xf7\xdf\x7f?\x95\x95\x95\xfc\xe2\
\x17\xbf`\xef\xde\xbd\x0c\x0c\x0cdE\xa8\x88D\x22\x9c\
:u\x8aS\xa7N\xf1\xdcs\xcfa4\x1a\xa9\xae\xae\
\xe6\x8a+\xae\xe0\xca+\xaf\xe4\x8a+\xae\xa0\xbe\xbe\x1e\
\x8f\xc7\x83(\x8a\xc8\xc8L\xc6\xc3t\x84\x16\xd6\xf5\xd0\
SWAAm9\x03GZ\x89\x87\xce\xfd\xce\x94%\
\x89\xc9\xdeA\x86\x8fwP{\xd5\xea\x8c\xb6\x9b\x8c'\
\xe8z\xe3\x10\xb1\x90\xf2\xf7\xb0\xbb\xd2\x87\xa7\xbe\x02\xa3\
\xdd:\xefc\xbf\xdchkk\xe3\xab_\xfdj\xde\xf7\
+\x08\x02\xae\x8a*\x1ao\xb8\x89\xd5\x1fz\x00{I\
\xe9\x82\x9eiD\x9d\x8e\xc2\xda:\xae\xfe\x1f\x9f\xa3\xa0\
\xa6\x96S\xdb\x9fg\xa2\xb3\x83\xc8\xd4\xc2\xcb\xcbeY\
&:5\xc5p\xcb\x11\x86[f\x9e\xef\x0cV+\x9e\
\x86F|\xcbWQq\xc5\x06<\x0d\x8d\xb8*\xab0\
\x9a\xcc4\xd9,T\x99\x8dZ\xee\x94\x86\x86F\xbex\
!\x97\x1b\xcf\xb5\x80\x95\xd3\x83\xd7\xd0\xb8\xdc\x09\x06\x83\
D\xa3\xca\x02@\x7f\x7f?\x7f\xfc\xe3\x1fy\xe3\x8d7\
\xce\xf9\xb9N\xa7;\x13\xbe[\x5c\x5cL]]\x1dE\
EE\xb8\xdd\xee3%K\xbd\xbd\xbd\xf4\xf6\xf6\xd2?\
0@o_\x1f\xd1HD1\x9c629\xc1\x89\xe7\
\x9e\xc1\xect\xb1\xea\xbe\x8f`\xf5xsr\x9e\x00c\
\xf1\x04m\xa1h\xc6.,\x00\xb3\xce\xc0\x95\x9e:z\
B\xe3)]X\x82(\xa27\x19\x10t\x22rb\xf6\
zrRBR\xf8y.I\xc6\x13$b\xca\x03G\
A'b\xb0.<\xd8\xf5B\x91\x88DID\xd4\x05\
AQ\xaf\xc7\xec\xc8\xcca&\x0a\x02\x8d\xf6bV8\
\xcbq\x1arW\xf2VRR\xa2*`\xa5\x12\x96/\
v\xccf3k\xd6\xac\xe1c\x1f\xfb\x18\xf7\xde{/\
Vkn\x06\xde\xb2,\x13\x0c\x06\x17\xecT\xcb\x04Q\
\x14\xf1\xf9||\xe2\x13\x9f`\xd3\x8d[\xf9I\xd7\x1b\
\xc4T\xcaW\xf3\x89Eg\xc0gqa\xb9H\x04,\
\x98\xc9P\xbc\xfd\xf6\xdbY\xb9r%O?\xfd4\xdb\
\xb7o\xe7\xd4\xa9S\x0c\x0f\x0f\x13\x08\x04\xe6]\x8a~\
>\xb1X\xec\x8c\xa0\xf5\xf4\xd3O\xb3j\xd5*n\xbf\
\xfdvn\xb8\xe1\x06\x1a\x1a\x1a\x10L\x06\x86\x22S\x8c\
\xc5\xe6\xef\x02\x03\xd0\x9b\x8c\x94-_D\xef\xbe\x16\xfc\
m\xb33 '\xfbG\x18ni\xa7f\xd3*\x84\x0c\
F\xf9\x93}\xc3\x8c\x9e\xec\x22\xa9r\x8f.[\xb9\x08\
wE\xe9\xbc\x8f[#?\xe8\x8cF\x8a\x9b\x97\xb2\xe4\
\xbdw\xd0|\xeb{19\x9cY\xd9\xae \x8a\xd8\x8a\
\x8aY{\xff_Pq\xc5\x06\x8e\xff\xe1i\xfa\xdf~\
\x8b\xe0\xf0\x10\xa11?R\x8a\xbc\xa8L\x89\x87B\x0c\
\x1e:\xc8\xd0\xe1C\xb4\xfc\xd7o\xa9\xbej3M7\
\xdeB\xdd\xdau\x5cS\xb3<\xab\xa5\x83\x1a\x1a\x1a\x1a\
s\xb0=\x97\x1b\xcf\xa9\x80%\x08\xc21Y\x96\x87\x81\
\xe2\x5c\xeeGC\xe3r%\x12\x89(v\x8b\x028x\
\xf0 \x87\x0e\x1d:3\xd0\x10\x04\x01\x9b\xcdFss\
3[\xb6l\xe1\xbd\xef}/\xabV\xad\xc2n\x9f\xed\
p\x91e\x99\xae\xae.^|\xe9e\xfe\xedW\xbf\xe2\
\xd0\xfe\xfdL\x8d\x0c+>l\x85\xfc\xa3\x9c\xda\xfe<\
\xae\xcaj\x9aoy\x0fb\x0e\xc3\x5c\xdbB\x11j,\
\xc6\x8c]X:A\xa4\xd9\xe1\xa3\xd2R@GpT\
\xbdXh\x8eA\x99\xce\xa0W\x0dy\xcf\x092\xc8\x92\
\x8cZOj\xf9\x9d\x8c\x8fK\x15))\xa5\xcc\xd8\x11\
\x04!e&\x99\x12E&;Wy\x1b\xf0\xe60\xb8\
\x18f\x84\x1e5WR<\x1e'y\x11\x08#\x99\x22\
\x08\x02.\x97\x8b\x07\x1f|\x90k\xaf\xbd6\xe3\x12\x9e\
\x8b\x19\xbd^OMM\x0d\xf7\xdcs\x0f\x9fy\xf4\xb3\
\xfci\xf4\x04#\xd1\xc0\x05/\x1d\x04(\xb3\xb8p\xea\
-\x88\x17\xd9\x00S\x14E\x1a\x1a\x1a\xf8\xecg?\xcb\
\x9dw\xde\xc9\x8e\x1d;x\xe9\xa5\x978z\xf4(\xe3\
\xe3\xe3LOO\x13\x08\x04\x08\x87\xc3Y\x11\xb4B\xa1\
\x10\xaf\xbf\xfe:\x87\x0e\x1d\xe2\xe5\x97_\xe6\xc1\x07\x1f\
\xa4~\xed2\xda\xa2#Y\xd9~\xe9\xf2F\xdc\x95\xa5\
\x8cu\xf4\xce\xdcW\xcf\xde\xb7\x7f\x92\xd1\xd6n\x22S\
\x81\x8c2\x0e;^y\x8b\x98\x8a\xdb\xd2`5S\xba\
\xac\x01G\xe9\xfc\x1bQh\xe4\x07\xa3\xcd\xc6\xd2\xdb\xef\
\xa4\xfa\xca\xcd\x18,\x99g^\xcd\x85\xce`\xa0l\xf5\
\x1a|+W1r\xbc\x85\xf6\x97w\xd1\xff\xd6^\xa6\
\x87\x06\x89\x05\xa6\x89\x05\x03\xc4C!\x92\x89\xc4\x9c\xcf\
!s!\xcb2\xd1\xe9)N\xfe\xf1\x0ft\xbf\xf6\x0a\
[>\xf4\x11\x02\x9eO!55\xa1\xcba\xd4\x83\x86\
\x86\x86\xc6;\x0c\x0b\x82p,\x97;\xc8GZ\xe8\xaf\
\x80\x87\xf3\xb0\x1f\x0d\x8d\xcb\x8eX,\xa6*`\x9d=\
\x80\x16\x04\x01\xb7\xdb\xcd\xf5\xd7_\xcf\xa3\x8f>\xca\x86\
\x0d\x1bRnW\x10\x04jjj\xf8XM\x0dU[\
\xaf\xe7{\x8f?\xcek\xbf\xfcO\xc6;\xdbI*\x94\
\x91\xf8[O\xd1\xf1\xf2\x8b\x94\xadZ3SJ\x98#\
\xc6\xdfqa\xd5X2\xebH\x08`\x10t\x5c\xe3m\
\xa4/<ATR\xff\x9d\xc5\xc2\x11\xf5Pq\x93\x01\
\xbd9\x8f\x83z\x01D\x83\x0e\x9dA\xaf\xe8\xc2\x92%\
\x89x8\xbf\x99\x5c\xd9\xc4`1aH\xf1\xfbL&\
\x92D\xa7\xd3w\xe8Xt\x06\xae\xf64Pnv\xe7\
\xbc}\xfc\xf0\xf0\xb0\xaaH\xe5p8.I\xf1G\x96\
e\x86\x86\x86\xf8\xc2\x17\xbe\xc0=\xf7\xdc\xc3\x07?\xf8\
A\x96-[\x96R\xac\xbb\xd8\x11E\x11\x97\xcb\xc5\xa2\
E\x8b\xf8\xf8\xc7?\xceG\xef\xbf\x9f\xb6\xc8(\xfb\xc6\
\xbb\x16\x94\xa9\x94Mj\xac\x1e\xac\x17\x91\xfb\xea|D\
Q\xa4\xaa\xaa\x8a\x07\x1ex\x80\x0f}\xe8C\xf4\xf4\xf4\
\xb0w\xef^\x8e\x1e=\xca\xb1c\xc7\xe8\xe8\xe8 \x10\
\x08\x9cq\xd4\x05\x83Ab*\x81\xe6\xe9\x10\x08\x04x\
\xe6\x99g\xe8\xe8\xe8\xe0}\x9f\xfc0\xf2\xc6:0-\
\xfc\xfa+\xa8*\xc5S_I\xef[-D\xa7\xce\xbd\
\xaf\xc8\x924\xe3\xc2:\xd6A\xf5\xa6\x15imOJ\
$\xe9x\xf5-U\x17i\xd1\xa2j\x0a\xab\xcb\xf22\
\xe9\xa17\xce8\x87\xcfF\x87\x98sQ\xd4\xf0N\xc9\
\xfd\xa5Nx|\x9c\xd7\xbe\xfbO\x0c\x1f;B\xf3m\
\xb7S\xbcx)F\xab5\xeb\xb1\x08\x82(R\xbcd\
\x19\xc5K\x96\x91\x8c\xc7\x19j9\xcc\xe8\x89\xe3\xf8[\
O2\xd6\xdeF\xd0?J<\x14$\x1e\x0e\x13\x0f\x87\
HD\x22\xf3wi\xc92\x91\xe9)^x\xfc\xfb|\
\xe6\xe41\xbe\xf3\x9d\xef\xd0\xdc\xdc\xac\xea\x1c\x9e\xd7\xf9\
\x08\x02\xa2\xc1\x808\x870\x96\xed\xec-\xab\xd5\x9aq\
7S\x0d\x0d\x8d\xbc\xf1\xab\x5c\xef \x1f\x02\xd6\x0bh\
\x02\x96\x86FNH\xd7\xe9\xe1t:\xb9\xed\xb6\xdb\xf8\
\xda\xd7\xbeFeeeF\xfb\xd8PVB\xdb'?\
E\xdc\xe6\xe4\xcd\x9f<\x81\xbf\xbd\x15\xf9\xbc}\xca\x92\
\xc4\xd0\x91Ct\xbd\xfe\x0a\xee\xaa\xea\x9cv%\xec\x08\
Gi\x0fG)2\xea3\xb2\xc4\x8b\x82\xc0\x12\xa7\x8f\
j[!\xad\x81\x11\xc5\xc1k,\x18&\x19K(\x86\
\xf1\x02\x18LF\x8cy.\xd9\xd3\xe9\xf5\xe8\x8c\x06\x15\
\x01K&\x1e\xceo&W61Z-\x18\xac\xeae\
~R<Ad2\xbdn~:Ad\x85\xab\x82%\
N\x1f\x16]\xee[\xba\x0f\x0c\x0c\xa8\x8a\xc7.\x97\x0b\
K\x0ef\xf1\xf3\xc5\xd0\xd0\x10\xdf\xfd\xeewy\xe1\x85\
\x17\xf8\xf6\xb7\xbf\xcd5\xd7\x5csI\x9d\x8fN\xa7\xc3\
l6c\xb7\xdb)))\xe1]\xefz\x17\x9f\xf8\xc4\
'h^\xd2\xccD<\xcc\x9f\x86\x8e\x91\xb8H\x9c\x8b\
:A\xa4\xca\xea\xc1\xaa\xcf\xfd5\x9b\x0d\x0c\x06\x03u\
uu\xd4\xd5\xd5\x013\xa2\xe7\xf4\xf44\xc7\x8f\x1f\xe7\
\xe8\xd1\xa3\x1c>|\x98#G\x8e\xd0\xdb\xdbK(\x14\
\x22\x1c\x0e\x9fy%\x93\xc9\xb4\x9dT\xb2,s\xe4\xc8\
\x11\x06\xbe\xf3\xcf\xac\xff\xf8\xed4\xddx%:\xe3\xc2\
~G\x82(\xe2[\xdeH\xf7\x9eC\x0c\x1e\x99\x1d%\
==8\xca\xc0\x91STm\x5c\x9e\x96(3\xd9?\
\xc2\xf0\xf1N\x92\xf1\xd9\xf7\x01A\x10\xa8X\xdd\x8c\xb3\
,\xf7\x05\x08:\xbd\x1e\xdf\xcaEX\x0a\xce-{\xf3\
\x99]\x14\x99\x1c9m\x0cP__\xffg#$\x84\
\xc7\xfd\x1c\xfa\xcf\x9f\xd3\xfd\xc6\xebl\xfe\xec\x17\xa8\xb9\
z\x0bF\x05\x87z\xb6\xd0\x19\x0c\x94\xad\x5cC\xd9\xca\
5\xc0;e\xd5\xc3\x83\xf8\xdbZ\x19m=\x89\xff\xe4\
\x09\xc6:\xda\x08\x8d\xf9I\x84#$\xa2\xef\xbcb\xb1\
Y\xcf`\xa9\x90$\x89\x1d;v\xf0\xc8#\x8f\xf0\xf8\
\xe3\x8fSWW\x975'\x96\xdeb\xa5\xa8i\xf1L\
^\x98\x0a.\xbd\x8e\x0a\xb31#\xd7\xfc\x5cX,\x16\
V\xacHOh\xd6\xd0\xd0\xc8;9\x8f\x90\xca\x87\x80\
\xf5\xa7<\xecCC\xe3\xb2D\xa7\xd3!\xce!\x16\x19\
\x0c\x06\xd6\xaf_\xcf\xe7>\xf7\xb9\x8c\xc5+\x00\x87^\
G\xb3\xc3\xca\xd0\x1dw21\xd0\xc7\xc1\xff\xfc\x19\xc1\
\x11\x85V\xe4}\xbd\x0c\x1e~\x9b\xc5\xdb\xde\x839\xcb\
\x1d\xcb\xcef\x22\x9e\xa0-\x14\xa1n\x1e.,Q\x10\
\xb8\xd6\xbb\x88\xbe\xd0\x04\xc1\xe4l\xe1':\x1dBR\
\x18\x8c\x9c\xc6`\xb5\xe4=\x8cWg4\xa07\x1b\x89\
\x06fg\xc0\xcc8\xb0.\xcd\xac%\x00\xa3\xcd\x821\
\x85\x80\x95\x8c'\x08O\xa4\xd7~\xdcgqrMQ\
CNs\xaf\xce&\x95\x80UXX\x88\xcd\xb6\xb0\xee\
\x90\x82 `\xb1X(-\xcdN~\x8e$\xcd\x94k\
\x9e\xee\xdc\x17\x0e\x87\x09\x85B)\x05\x85\x96\x96\x16\x1e\
y\xe4\x11\x9e|\xf2IV\xaf^\x9d\xf5\x99{\x83\xc1\
\x80\xd9\xbc\xf0\xbf\x97(\x8a\xe8t:\xf4z=z\xbd\
\x9e\xc2\xc2BV\xacX\xc1\xe6\xcd\x9b\xd9\xbau+\x8b\
\x16-\x02 \x92\x8c\xf3\xe6X'=\xa1\xf1\x05\xef3\
[xM6<F+z\xe1\xd2,\xed\x11\x04\x01\xa7\
\xd3\xc9\xfa\xf5\xebY\xbf~\xfd\x99\x9f\x8f\x8e\x8er\xf4\
\xe8Q\x0e\x1d:\xc4\xa1C\x878|\xf80CCC\
g\xae\xbbp8\xac\xfa\xf99\x1b\x7fg\x1fo\xfd\xec\
Y\xdc\x95%\x94\xadlZ\xb0#\xa6ti\x1d\x85\xd5\
e\x0c\xb5\xb4\xcf*\xbf\x0e\xf9'\x189\xd9I,\x18\
\xc6\x94\xc6}\xbem\xd7^\x12*\x19\x94F\xbb\x85\xd2\
\xe5\x0d\xd8\x8a\x0a\x16t\xbc\xe9`\xb0\x9a\xb9\xf2Sw\
S\xb1v\xc99?\xbf\xcd\xb7\x82k\x8a\x1a\x10.x\
o\xcb\xcc\xb0X,\x94\x94\x94\xcc\xf9ls6qI\
&,I\xc4\xcf\xbe\x9f\xc9\x80,#\xcb\x12R2I\
2\x16\x9b\x11\x80\xe6(y\x9d\xe8\xee\xe4\xa5o}\x1d\
\xa3\xc3A\xe5\xba\x0d\xe8\x8c\xf9\x99\xb4\x12\x04\x01{\x89\
\x0f{\x89\x8f\xea+7\x03 %\x12L\x0f\xf43\xda\
z\x92\xd1\x93\xc7\x199y\x9c\xf1\x8e6\xc2c\xe3$\
b\x11\xe2\xe1\x08\xc9X4\xad(\x81\x9d;w\xf2\xcd\
o~\x93o|\xe3\x1bYk\xcca\xf3zY\xfb\x91\
\x8f\xb3\xe8\xa6[\x14\x97\x8b\x02\xbc\xaf\xa4\x90+\x9c6\
\x8cZ\x82\xbc\x86\xc6\xe5B\xce\xb5\x9f\x9c\x0bX\x82 \
\x84dY\xde\x05\x5c\x9b\xeb}ih\x5cn\x98L\xa6\
9\x07\x95\xb5\xb5\xb5\xdcy\xe7\x9d,_\xbe|\xde\xfb\
Y\xee\xb0q,\x18e\xf9\xedw2\xd4r\x84\xf6]\
;f=0\xc9\x92\xc4T\x7f?\xfe\xb6S\x94\xaf]\
7\xef}\xa5Cg(\xca)K\x84b\xa3>\xe3\x12\
\x89E\x8e\x12\x9a\x1c\xa5\x1c\x9a\xec#!\x9f;\x8b\x19\
\x9d\x0a\xa8\x06\xa6\xeb\x0czL\x0e+Fk~\x9d(\
\x06\x8b\x09\xa3\xcdJptb\xd6\xb2K\xbd\x84\xd0\xe4\
\xb4av9\x10DQ\xf1\x01<\x99\x88\xa7\xe5\xc0\xb2\
\xea\x8dl+]\x86\xc7h\xcf\xdb`\xad\xbf\xbf_u\
\x00^RR\x82\xc3\x91~\x8e\x8e\x12:\x9d\x8ek\xaf\
\xbd\x96\xdf\xff\xfe\xf7\x19\x0d\xe4\x94H&\x93\x84\xc3a\
\xa6\xa6\xa6\x18\x1c\x1c\xe4\xe0\xc1\x83\xbc\xfa\xea\xab\xec\xd8\
\xb1\x83\x91\x91\x11B!\xf5\x80\xec\x13'N\xf0\xfd\xef\
\x7f\x9f\x7f\xf8\x87\x7f\xa0\xa2\xa2bA\xc7q6z\xbd\
\x9e\x15+V\xb0u\xeb\xd6\x05m\xe7t'\xd5\x92\x92\
\x12|>\x1f\x15\x15\x15\xd4\xd6\xd6\xe2r\xb9\xceY/\
)K\x0cF'ye\xf4\xd4\x82\xf6\x97mjm^\
\xcc\x17q\xf9\xe0|\xf1z\xbdl\xd9\xb2\x85-[\xb6\
\x003\xee\x92\xde\xde^\xde~\xfbmv\xee\xdc\xc9\xcb\
/\xbfLWW\xd7\xdc\x1doe\x19\x7fG\x1f\xfb\x7f\
\xfa,\xde\x86\xaa\x05O \xd8\x8b=x\x1b\xab\xb0\xee\
v\x12\xf4\x9f{O\x95\x92\x12S\xfd#\x0c\xb5\xb4S\
\xb5~Y\xca\xed\xc8\x92D\xfbK{\x15\xddW\x00\xbe\
\xe5\x8bp\x96\x15#\xear[\xca\xac\x86N\x10\xd0\x89\
\xc2%'^\x01\x5cy\xe5\x95\xfc\xe67\xbf\xc1\xe9L\
?H\xfdd0\xc2v\xff$\xed\xa1\xff\xfe>\x94%\
\x89D4J,0M\xc8?\xca\xc8\x89c\xf4\xbf\xfd\
\x16\x9d\xaf\xbcDh\xccO<\xac~\xdf\x9b\xea\xef\xe3\
\xe0/\x9e\xc4YZFa]}N;,\xa7B\xd4\
\xebqUV\xe1\xaa\xac\xa2~\xeb\xf5\x00$\x22\x11\xa6\
\xfaz\x198x\x80\xae\xdd\xaf1p\xe8\x00\xe11?\
\xf1px\xcer\xc3\x1f\xff\xf8\xc7\xdct\xd3Ml\xdb\
\xb6-/\xae\xda\x02\x83\x9e\xe5v\x8b&^ih\x5c\
>\xec\x12\x04aa]W\xd2 \x1f\x0e,\x80g\xd0\
\x04,\x0d\x8d\xac3\x97\x80%\x8a\x22\x8b\x17/\xe6\xd6\
[o]\xd0~\x0a\x0c:\x1a\xad&\x86\xab\xaa\xa8X\
\xbb\x8e\xe1cG\x98\x1e\x18\x98\xb5^`x0/\x02\
\xd6d\x22I[(B\xbd\xd5D\xd9<\xf2E\xae+\
i\xa2=8\xc2d<|N\xb5\xe0\xf4\xa0\x7fV\x8b\
\xf5\xd3\x18\xedV\xcc\xce\xdc\x06\x83+a\xb0\x9a1;\
\x95\xdd<R\x22Id\x22\xbd\x12\xbb\x8b\x11Q\xa7\xc3\
\xe2v`v\xda\x08+\x9cG2\x1aW\x14\xee\xce\xd9\
\x86 \xf0\xae\xe2&\xaa\xad\x1e\xf49\xce\xbd:s\x5c\
\xc9$===\xc4\x15\xf2\xe0\x00\xca\xca\xcap\xe7\xd0\
\x85\x98):\x9d\x0e\xbb\xdd\x8e\xddn\xa7\xac\xac\x8c5\
k\xd6\xf0\x91\x8f|\x84\x8e\x8e\x0e\x1e{\xec1~\xf8\
\xc3\x1f\xa6\x14\xb1~\xf9\xcb_\xf2\xc0\x03\x0fPZZ\
\x9a5\x17\x96\xd1hd\xf3\xe6\xcd|\xf3\x9b\xdf\xcc\xca\
\xf6R!\x03\xd3\x89\x08\xcf\x0f\xb6\x10If\xaf\xeb\xd7\
B\x11\x80Z\xab'/%\xaf\x17\x1aA\x10\xa8\xac\xac\
\xa4\xb2\xb2\x92\xdbn\xbb\x8dp8\xcck\xaf\xbd\xc6O\
~\xf2\x13v\xee\xdc\xc9\xc8\xc8\x88\xea\xe7)\x11\x892\
|\xac\x9d\x8e\xd7\x0e\xd0t\xe3U\x0b>\x96\x92\xa5\xf5\
\x14\xd6\x95\xcf\x12\xb0\x00\x02\xc3c\x0c\x1c<\x91Z\xc0\
\x92e\xa6\x06F\x19jiW\xecJ+\x08\x02\x95\xeb\
\x96\xe2,\xcd]W\xde\xb9\xd0\x09\x22:.\x8cxv\
!\x88J\x12\xd1\xf3\x82\xf9\x05Q\xc4`\xb1`\xb0X\
\xb0\x15\x15S\xb4x\x09\xcd\xb7\xddNpt\x84\xb7\x7f\
\xfe\xef\x1c\xf8\xe9\x8f\x89\xa5\xe8\x82\xda\xf1\xf2N\x16\xdf\
\xfa>\x9c\x15\x95\xe8/\xa2LC\xbd\xd9La}\x03\
\x85\xf5\x0d,\xbd\xfd\x03\x84\xc6\xfc\xb4\xbf\xbc\x93\x96\xdf\
\xfd\x8a\xc1\xc3\x07ID\xd5\x1dY\xc9d\x92\xc7\x1e{\
\x8c\x8d\x1b7R^^\x9e\xd3\xe3\x14\x80\xab\x0b\x1cX\
.\x90\x88\xab\xa1\xa1qAx&\x1f;\xc9\xd7]E\
+#\xd4\xd0\xc8\x01F\xa31\xe5\x80\xb2\xb8\xb8\x985\
k\xd6\xe0\xf3\xf9\x16\xbc\xaf\x15\x0e+\xc5&#e+\
\xd7\xe0\xaa\xa8V\x5c'0<\xccX\xfb\xecl\x91\x5c\
\xd0\x19\x8er,\x10\x9eW\x0f\xb1\x12\x93\x93U\xeeJ\
\x8c\xe2\xb9\xbf\xbb\xf1\xae~\xd5\xd0pK\x81\x13\xab\xc7\
\xa5\xb8,\x97\x98l\x16\xcc.e\xe1,\x19O\x10\x18\
\x1d'\x11\xbd\xf09X\xb2$!%\x12$\xe3\xb3_\
R2\xa9\xdaY\xc9R\xe0\xc0Z\xa8\xfc{\x8d\x87#\
\x8cw\xcd\x16J\xcff\xb1\xa3\x94\xf5\x055\x98\xc4|\
\xcd\xc7@kk+\xe3\xe3\xe3\xaa\x1d\x14\xcb\xca\xcaf\
9\x80.6t:\x1d\x0d\x0d\x0d|\xe3\x1b\xdf\xe0\xb1\
\xc7\x1eK\x99c\x13\x0c\x06y\xe5\x95W\x18\x1f\xbfx\
J\xef2!\x9c\x8c\xb1\x7f\xbc\x9b\xd6\xc0H\xeev2\
\x8f\x1b\x91\xd5`\xa2\xcc\xe2\xce\xeb\xb5{\xb1`\xb1X\
\xb8\xfe\xfa\xeb\xf9\xf7\x7f\xffw\xfe\xe3?\xfe\x83m\xdb\
\xb6\xa5,'\x0d\xfa'h}q\xef\x82;\xb4\x01\x94\
4\xd7\xe1\xa9\xab@Pp\x85\x84\xfc\x13\x0c\xb6\xb4\xa9\
\x06\xb3\xc3\x8c\x9b\xacu\xc7\x1eU\xf7\x95\xa5\xc0I\xc9\
\x92\xfa\x8c\xba\x19f\x1b\xbd(f\x94\x11y\xa9\x13\x95\
\xe4Y\x02\x96\x12\x82(b/.a\xd3\xc3\x8fp\xd3\
\xff\xfe\xa7\x94\xc2T2\x1e\xa7\xff\xad\xbd\x84\xfc\xa3\xd9\
<\xd4\xec\x22\x08X=^\x96\xdd~'\xef\xfb\xbf?\
\xe4\x86\x7f\xf8&\x05U\xd5)]\xbb\xaf\xbe\xfa*'\
N\x9cXP\xa3\x85tp\x19t\x5c\xe1\xb2e5\xfb\
JCC\xe3\xa2'/\x9aO^\x04,A\x10\x0e\x03\
m\xf9\xd8\x97\x86\xc6\xe5\xc4\x5c\x0e\xac\xd2\xd2R\x96.\
]\x9a\x95}y\x8dz\x1am&j\x9a\x9a\xb0\x15\x15\
)\xae\x13\x0f\x05\x09\xfaGI\xe6\xf8\xc1\x08 \x90\x90\
h\x0b\xc5\xe8\x99g\x88\xf9\xb5E\x8bp\x19,\xe7\x94\
XL\xf4\x0c*fM\x01\xd8<n\xecE\x85\xf3\xda\
\xd7B0\xbb\x1c\xd8\xbc\xean\x9eD4\xc6T\x7f\x0e\
\x07\xe6i \xcb2'\xff\xf4\x06\xff\xf9\xb1\xbf\xe7\x17\
\x1f\xfd\xdbY\xaf\x17\xff\xf7\x0f\x19\xeb\xeaW|\xaf\xbd\
\xa8P\xb5\xcd|\x22\x1agzhTUT,0Z\
y\x7f\xf9\xea\xbc;X\xf6\xed\xdb\xa7\xfa\xf0o0\x18\
\xa8\xa9\xa9\xa1\xa0 \xf7\xd97\xd9\xc0n\xb7s\xc7\x1d\
w\xf0\xc8#\x8f\xa4\x5co\xef\xde\xbdLNN\xe6\xe9\
\xa8\xb2GR\x96\xe8\x0fO\xf2\xe2\xc8\x89\x9c\xedC\x96\
e\xd5\xce\xa5\xa9\xa8\xb7z\xb1\xcc\xb3|P\x92\xa4\xb4\
\x1ax\x5c\xec\x88\xa2\xc8\xe6\xcd\x9by\xe2\x89'x\xf4\
\xd1GU\x85\xdfx8\xca\xe8\xa9.&z\x87\x16\xbc\
O\x93\xc3FQS\x0dN\xdf\xec\x80u))\xbd\x13\
\xe6\xae>\x11#K2'^x\x03)\xa9,`W\
\xae[\x8a\xa3\xc4s\xc1\xca\xce\x00\xf4\x82\x0e\x9dxi\
\xe6\xaa\xcd\x87\x98,\x13\xcd\xa01\x83\xceh\xa4n\xcb\
ulz\xf8\x91\x94Mg\x86[\x8e\x12\x1e\x1f\xcb\xc6\
!\xe6\x1c\xa3\xdd\xce\x92m\xb7\xf1\xf1'\xfe\x9dw\xbd\
\xeb]\xaa\xebI\x92\xc4\xb3\xcf>\x9b\xd3\xfb\xb9(\xc0\
\xb5\x1e\x17FM\xbc\xd2\xd0\xb8\x9ch{G\xf3\xc99\
\xf9\xf4u\xfe1\x8f\xfb\xd2\xd0\xb8,\xb0\xd9l)\x9d\
\x13\xc5\xc5\xc5g\x02\x8c\xb3\xc1J\x87\x95\xba\x92b\x1c\
\xc5%\x18\xcc\xca\xf9\x09\x89H\x84H\x9e\x06\xba=\x91\
(G\x02a\xc5\x8e\x82sa\xd7\x9b\xb8\xd2[\x8fM\
?\xf3\xfbKD\xe3L\xf6\x8d\xa8\x96\x10\xda<\xae\xbc\
\x04\xf2\x9e\x8f\xc5\xedH)\x9c%\xa21FNv\xe6\
\xef\x80\x94\x90e\xda^\xda\xc7PK;\xc3\xc7f\xbf\
\xa4dR\xb5\xcd\xb6\xa3\xc4\x83\xc3\xa7,\x88\x02D\x03\
!\xc5\xc1\xa4^\x14\xb8\xabb-N\xbd9\xef9/\
\xbbv\xed\x22\x12Q\xbeN\xea\xeb\xeb)..\xceZ\
\x97\xa7|\xe0t:y\xf8\xe1\x87\xf1x\x94\x85D\x80\
\xf6\xf6v\xc2\xe1p\x1e\x8f*;\x8c\xc5\x83l\x1f>\
N4\x87\xa5\x83\xc9xB\xf5\xbe\x91\x8aF{1f\
\xdd\xfc\xdcW\xf1x\x9c@@\xb9\xc1\x81 \x08Y\x09\
\xc7\xcf'^\xaf\x97\xbf\xfc\xcb\xbf\xe4\xe1\x87\x1f\xc6\xa4\
\xe2\x8a\x89\x85#Y\xbb\xd7\x15/\xae\xc5\xdb\xa8\xdc\xd4\
$8:A\xff\x81c\x8a\xcbdYf\xb2\x7f\x98\xa1\
\x966\xd52\xad\xaa\x0d+\xb0\x17_X\x01\xdb \xe8\
\xf2VR}1\x10IJ\x19\x09X0\xd3 e\xe5\
}\x1f\xc6VT\xac\x1ah>\xd9\xdfK<\xa4^f\
x\xb1Q`4\xf0\x91\xf5\xab\xf9\xde\xf7\xbe\xc7\xbau\
\xeaQ\x0e\x07\x0f\x1eLY6\xbe\x10\x04\xc0\xa5\xd7s\
\x85\xc3zY\xb9\x00544\xf2\xa7\xf5\xe4\xf3\xdb\xed\
\xf9<\xeeKC\xe3\xb2\xa0\xb8\xb88eX\xb4\xcdf\
\xa3H\xc5-5\x1f\x0a\x0dz\x1am\x16J=\x1e\x0c\
V\xe50\xddD$Ld*unQ\xb6\x88$%\
:\xc2\x11\xda\xe7\x19d\xbe\xae\xa0\x9aR\xb3\x13\xbd \
2r\xb2\x93\xf0\xe4\x94b\x98\xb0 \x088J\xbc8\
S\x08-\xb9\xc2\xec\xb4c/.DgP\x1e\xe8&\
\x221\x86\x8eu\xe4\xf9\xa8\xceEJ\xca\xf4\xeeoA\
J$\x91%y\xd6\xcb]Y\x8a\xd1\xa6|\xbd\xd8\x8b\
\x0bq\x95\x15\xab\x0a\x5c\xb1@\x88\xfe\x83\xe7\xbagt\
\x82\xc8uE\xcd\xd4\xda\xbc\x19\x87\xf8/\x94X,\xc6\
\xae]\xbb\x88\xaat\x1fknn\xce\xeag.\x1f\x88\
\xa2\x88\xc7\xe3\xe1\x03\x1f\xf8\x80\xea:\xc3\xc3\xc39/\
9\xc96\xd3\x1cl:\x0e\x00\x00 \x00IDAT\
\x89\x08\xfb\xc7\xbbi\x0f.\xdc\xa1(\x88\xa2b\xc9\x19\
\xccd\xd1\xc5\xc3\xd1\x8c\x5cX&QG\x8d\xcd3\xef\
\xf2\xc1X,FP%\xbf\xe7\xf4\xdf3\x1d:;;\
9x\xf0\xa0\xe2\xab\xb7\xb77o./A\x10(.\
.\xe6\xe6\x9boV\x0d\xf6O\x84\xa3\xf8[{\xb2\xb2\
?o}%\xde\x86*D\x05\x07shl\x92\x81\xc3\
\xa7\x14\x1bzH\x89$\xad;\xdfDVq_\xb9+\
K)j\xac\xca{\xb3\x8f\xf31\x89\xfa\xcbF\xc0\x92\
\xe4\x19\x07V<\xe3y,\x01\xa3\xc5F\xf3\xad\xefS\
\xbc\x0e\x00\xc2\xe3c\xaa\x9d&\xcf&\x1e\x0e1\xd1\xdd\
\xc5\xc8\xf1\x96Y/\x7f\xebI\xa2S\xb9\x9f\xd43\x8b\
\x22u63\x8b\x1dV\xaa\xab\xab\xf9\xbb\xbf\xfb;\xd5\
\x89\x94C\x87\x0e\xe5lBB/\x08l)t`\xd2\
\xb2\xaf44.7\xf2\xa6\xf5\xe43x\xe1y \x0a\
\x5c<I\x88\x1a\x1a\x978%%%);\xf5\xd8l\
\xb6\xac\x962\x09\xc0R\xbb\x85\xda\x22\xef\x8c\x805\xe6\
\x9f\xb5N2\x16#\x16Tv\x06d\x1b\x19\x18\x88\xc4\
92\x1d\xa6\xdal\xc2\x90a\xa7\x1b\x93\xa8\xe7JO\
=\xfeX\x90\xde\xb7Z\x08\x8dM)\xaeg+*\xc0\
UQ\x8c\xc1\x9c\xffna\x82N\x9c\x11y*J\x18\
\xeb\xe8\x9b\xb5<\x1e\x8e\xd0w\xe08\xb2$\xa5,\x85\
\xc8\x15\xb2$3\xd6\xdeC\xd0?\xa9(\xfe\x89:\x1d\
\x9e\xbaJ\xd5 z\x9d\xd1\x80\xbb\xb2\x14we\x09c\
\x9d\xb3\xcb\x0c#SAz\xf6\x1e%\xf1@\x1c\xbd\xc9\
\x80N\x10it\x14\xb3\xb9\xa8\xe1\x82\x0c\xd0\xfe\xf4\xa7\
?1<<\xac\x9a\x7f\xb5f\xcd\x1a\xca\xca\xca\xf2|\
T\x0b\xc7h4\xb2i\xd3&\x1e\x7f\xfcq\xc5\xe5\xc1\
`P\xb5\xeb\xe2\xc5H\x5cN\xd2\x1d\x1ag\xb7\xbfc\
^\x0e\xcd\xf31XL\xe8R4\x8cH\xc6\x13D\x03\
!,\xae\xf4r\x8f\xea\xecEXu\xc6y\xbb\x07c\
\xb1\x18SS\xca\xf7+Q\x14\xd3\x16Q\xbf\xfe\xf5\xaf\
\xf3\x87?\xfcA\xf1o{\xef\xbd\xf7\xf2\xa5/}\x89\
\x92\x92\x92y\x1dc\xa6\x08\x82@\xf3\xf2\xa5\x5c\xb1q\
=\xcf??\xfb98\x19O\x10P\x08^\x9f\x0fz\
\x93\x89\xa2\xc6j\x0ak\xca\x18m\xed>g\x99\x94H\
2=\xe4g\xb8\xa5\x8d\xb2U\x8bg-k\xdd\xb1\x07\
Y%\xf4\xacj\xc3rl\xde\x82\x0bZ>\x08`\xd4\
\xe91\x5c&\xd9j1Y\x22\x9a\x94\xd4;Y\xa6B\
\x14)[\xbd\x96\x03?\xfd\x090[\xb0LD\xa3$\
\xe3qdYVui\x01\xf8[O\xb1\xf7\x87\x8f\xd3\
\xbbo\xcf\xacef\x97\x9bu\x1f\xfb$\xcb\xee\xb8;\
\xf3\xe3K\x13\x01\xf0\x18\xf5\x5c\xe5\xb6\xa3\x17\x04t&\
\x13k\xd7\xaee\xc5\x8a\x15\x1c8p`\xf6\xf1\xfa\xfd\
\x84\xc3\xe19\xcfk>\xc7Q`\xd4\xb3\xd6i\xbf\x04\
\xfb_jhh,\x80(y\x14\xb0\xf2\xf6\xf4/\x08\
B\x1c\xf8]\xbe\xf6\xa7\xa1q9\xe0v\xbbq\xbb\xdd\
\x18\x0c\xca\x19@\x82 d\xbd\x94\xa9\xd0\xa0\xc7-\x80\
N\xd5\xae/ \xe4QX\x88J\x12]\xe1(\xa7\xe6\
Q\xc2\x033!\xe0>\xac\x0c\xed?NxLy\x96\
\xd4]Y\x8a\xab\xa2\xf4\x82\x0dJ\xec\xc5\x85xj+\
\x14\x97I\x89$\xd3\x83#\x8c\x9c\xec\xca\xf3Q\xbd\xb3\
\xffd\x92\x93\xdbw#K\xcaN\x8d\x82j\x1f6\xaf\
\x1bQ\xaf~\x1d\xba\xabJ\xf16V)o?\x91d\
z`\x94\xbe\xb7Z\x10\x04\x81B\x93\x95\xdbJ\x97c\
\x16/L\xe7\xb6'\x9f|R\xb5|\xb0\xa0\xa0\x80\xe5\
\xcb\x97\xa7\xed~\xb9\x98\xd0\xeb\xf5)\xf3\xf2B\xa1\xd0\
%\x95\xb94\x1c\x09\xf0\xca\xe8)\x82\x89\xf9\xb93\xcf\
\xc7h\xb5`0\xab\xcf\xbf\xc5\x82a\xa6\xfa\x86\xd3\xde\
\xde\x22{\x09\xa6y\x96\x0f\x02LMM\xd1\xdd\xdd\xad\
\xb8L\xa7\xd3QWW\x97\xd6v\xa6\xa7\xa7\x19\x19\x19\
axxx\xd6kpp0\xef\xb9gQ\xa3@\xbc\
\xd0\x82IA\xf0\x96$\x89X K\xae\x11\x01\xbc\x8b\
\xaa)j\xaaQ\x5c\x1c\xf2O\xd0\xb3\xaf\xe5\x9c\x9f\xc9\
\x92\xc4d\xdf\xf0\x8c\xe3UA+\x11D\x91\xeaM+\
/H\xb3\x8f\xf31\x8a\x97O\x09aD\x92\x89\xcdS\
\xa4\x16\x00O\xc3\x22\xf5\xc9\x1fY\x9e\xe9\xea7\xc7\xbd\
OJ$\x88NO\x11\xf2\x8f\xcez\x05G\x87\x99\x1a\
P\xce\x80\xcc\x16N\xbd\x8e\xe5\x0e+>\xd3\xcc\xf7\xa2\
 \x08X\xadVV\xadZ\xa5|\xbc\x92\xc4\xf4\xf4t\
Z\x93\x12Iy\xe6\x95\x0eFQd\x93\xdb\x81E\xa7\
\xc9W\x1a\x1a\x97\x19\xbf{G\xeb\xc9\x0b\xf9\xfev\xd3\
\x04,\x0d\x8d,\xa2\xd3\xe9(**R-#\x0c\x87\
\xc3Y\x1f\x80\x88\x02H\xc1i\xa4\x88\xf2@B4\x18\
\xd0[\xf2W>!\x03C\xb18\x87\xa7C\x84U\xca\
:Ra\x14u\xc4\xde\xee$\xdc;\xaa\xdaU\xca[\
_\x89\xb7^9/%\x1f8|Ex\x17)w~\
\x04\x88N\x878\xf9\xc2\xee<\x1e\xd1\x7f\x93\xf8\xff\xd9\
\xbb\xaf \xb9\xee\xfb\xc0\xf7\xdf\xff9\xa7s\xee\x9e\x88\
\x09\x98\x8c<\xc0 \x13\x04\xc1,J\x94H%\xf3Z\
\xb4l--\xcb\xb2k\xb7l\xd7\xad}\xf0Vm\x95\
]\xba\xe5\xdd}\xd8\x07W\xed-?\xd8\x92V\xb6y\
W\xa2%Q\x22)R\x14\xc1\x9c\x89\x9c\x031\x08\x83\
\xc1\x04L\xee\x9c\xbb\xcf}\x18\x00\x06\x89\xee\xc1\x84\x9e\
\xe9\xd33\xff\xcf#\xba\xa7\xfb\xdf3\x8d\x13~\xff_\
H\xa48\xff\xea\x07\xe8E&@\xd5o^\x83\xcdW\
<K\x10n\x94\xdd\xaci-Z&\x19\x9f\x0aq\xf6\
\xe5w\xb1)\x1a\x8f\xd5n\xa0\xda\xb2\xf4\xd3\xbd\xf2\xf9\
<'N\x9c\xe0\xcd7\xdf$\x93)|\x8e\xde\xb9s\
'\xcd\xcd\xcd\x15\xd5\xff\xea&!\x04~\x7f\xf1^k\
\xf9|\x9ex<^\x11YXS\x998\xc7\x82\xfd\x5c\
\x8dO\xcekJi!6\x9f\x0b\x8b\xabp\x19,@\
*\x12+\x98AX\x88\xa6(\xb49\xab0\x8b\xf9\x05\
\xb0t]gbb\x82\x8b\x17\x0b7\x1aWUu\xd6\
\xbd\x0fm6[\xd1A \xd1ht\xc9\x03X\xa3\xe9\
(\x83\x990j\x815\xe9\xb9<\x99\xc4\xfc6*\x0a\
\xf16\xd6R\xdd\xb5\x1a\xb3\xe3\xce\xf3U\x22\x18a\xe8\
\xc4\xa7\xe4n+#\xcc\xa53\x5c\xf9\xe0\xe8g\xfe\xed\
v\xd5]-\xf8\x9a\xeb\xd1\xcc\xe5\x09\xae\xdf\xce\xach\
\x98D\xe5\x1d\x87\xe6#\x95\xcb\xcfj\x02aAB`\
u{f\xdc\x9c\xca&\x12\xe4\xefr\xdcS4\x0d\xad\
H?R=\x97[\xd4I\x86\xaa\x10\xd4Y\xccl\xf3\
|\xb6\xe7\x94\x10\x02\xdb\x0c\xd7b\xb1X\xach&\xf1\
M\xa1l\x8e\x89L\x86\xec,\x02\x84\x8a\x10T\x995\
z\xdc\xe5-\x9f\x95$\xa9,\x964\xc6\xb3\xd4\x01\xac\
_\x03\xc6\xbf\xfa\x95\xa4\x0a\xb2j\xd5\xaa\xa2e\x82\xf1\
x\x9c\x89\x89;\xcb\xfc\x16\x22\x9f\xcf\x13\x9a\x9c$Q\
\xa4\xff\x8a\xc9f\xc3\xe6]\xda\x06\xb6\xe9\xbcN\x7f2\
\xcd\xd9\xd8\xdcw\xe7c\xb1\x18\xfb\x7f\xf1\x12c\xc3\x85\
\xa7[9\x02^\x02\x1d\xcd\xd8\xab\xca\xb7\xabns;\
\xa9jo\xc2Y[8\xb3'\x93Lq\xe9\x9d\x83\xc4\
\xa7\x0a\x97\x14-\x96\x5c&K\xff\xc1\xd3E\xa7 \x0a\
!h\xda\xbe\xfe\xae\x01,\xb3\xc3FM\xd7j\x02E\
\x82\x84\xd9D\x8a\xb1S\x97\xb0~:\xc6:W\xdd\x92\
\xf7\xbd\x82\xe9\xa6\xd9\xff\xf3\x7f\xfeO\x82\xc1`\xd1>\
i\x8f=\xf6\x18\xabW\x17\x0f4\x1a\x99\x10\x02\x87\xa3\
p\x99\xe7M\xb1X\xcc\xf0YX\xe9|\x96+\xd1q\
\x8e\x06\xfb\xc9\x14\xc9\x0a\x9c\x0f\xbb\xcf\x8d\xcd\xe3*\xda\
\x07+\x19\x8a2qi`V\xaf\xb5\xda\xee\xc7\xadY\
\xe7\xfd=\x0e\x85B\x5c\xb9r\xa5h\x13wM\xd3\xd8\
\xb6m\xdb\xac^\xcb\xe7\xf3\x15m\xf8><<\xcc\xd5\
\xabK\x97\xd9\x19\xc9&\x19J\x04\x99\x8aG\x0b\x06\x89\
\x84\x22P\x8bd\x1b\xcf\x87j6Q\xd5\xd1\x5c\xf0\xb8\
\x93\xcbf\x09\x0f\x8f1\xfai\xdf\xad\x7f\xcb\xa63\x5c\
|\xfb`\xd1\xd7k\xd9\xd3\x8d\xdd?s0d\xa9\x98\
\x84\x8aV\x86\x92\xf2rH\xe5\xe7\xde\xc0\xfdv&\x9b\
m\xc6?Y6\x99 \x9f\x9d9\xb1@\xb3X0;\
\x0bo\xacdS)\xc6.\x9c\x9f_\x89\xe3,\x04L\
\x1a=\x1e;\x9e\xcf\x05}u]\x9f\xb1Q\xbb\xd9l\
\x9e\xb1|0\x0f\x9c\x8f%\xb8\x10\x9b]\xd0\xd8\xaa\x08\
v{\x9d8*p\x03G\x92\xa4\x05\xc9\xb2\x9c\x03X\
B\x88\x142\x0bK\x92J\xaa\xad\xad\xadh\x8f\x92\x89\
\x89\x09\xfa\xfa\xfaJ\xfa~\xd7\xaf_/\xda\xd0Y1\
\x99\xb0y}K\x1e\xc0\x02\x98\xc8d9\x15I0\x95\
\x99\xdbM\xebs\xcf=\xc7\xd1#GH\x16ihZ\
\xbb\xbe\x9d\x9a\xb5-E\x9b\x8c/\x05\xa1*x\x9b\xeb\
\xa8\xdf\xd8Q\xf0q=\x97'<<\xce\xe9\x17\xdeZ\
\xbaE\xe9\xd3\x0d\xd6\x8f\xfe\xec\xb7E\x9bW\x07\xda\x1b\
\x09\xb45\xcdXz\x05\xd3\xc1\x93\xaa\xce\xd54n]\
W\xf8\xadt\x9d\xf0\xc8\x04\xef\xfe\xf3\xaf\xc8\xce\xb3a\
\xffBd2\x19^}\xf5U^y\xe5\x95\xa2;\xd6\
\xeb\xd7\xafg\xdb\xb6mx<\xe5/\x1f\x9a\x8f\x9b\x93\
\xeb\x8ae\xe3\x80\xf1\xfb`\xe9\xe8\x0c&\x82|2y\
\x85H\xa6t\x99:\x00\xaa\xc5\x8c\xab\xae\x0a\x9b\xb7p\
06\x19\x8e2r\xeeR\xd1>z\xb7[\xe3\xac\xc5\
\xbc\x80\xfeD}}}|\xf0\xc1\x07\xc5\x07N\xb8\x5c\
EK\x87>\xaf\xae\xae\x0e\xa7\xd3Y\xf0\xb1\xabW\xaf\
\xf2\xe9\xa7\x9f\x16|l1\x8c$\xc3\xf4\x85\xc7\x88G\
\xa2\xa4\x0b\x94\x84+\xaaZ\xb4\x97\xde|\x05\xda\x1b\xa9\
]_\xa0\xdcR\x87\xc4T\x84k\x87\xcf\x00\xd3\xa5\xd2\
\xa1\x81\x11F\xcf\xf7\x15|\x1d\xcdb\xa6y\xe7&\xac\
\x9e\xc2\xbf\xcb\xa5fV4\xb4\x95\x92\x81\xa5\xeb\xa4\xe7\
\x9b\x81\x05\xa8\x16\x0b\x8aZ<0\x9aI&\xc8\xdd\xe5\
\xb8gv:\xb1\x15)\x1d\xcf\xe7rD\x86\x87\x98\xba\
ri\xdek,\xc6\xa2(\xac\xb6\x99Y\xe7\xb0\xdeq\
C\x97\xcb\xe5\x18\x18(\x1cTWU\x15\x8f\xc73\xe3\
\xf1\xbe/\x9e\xbaqMu\xf7c\xbe&\x04\xab\xacf\
\xba]v\xd9\xfbJ\x92V\x9e\x17\x84\x10\xa5\xbd\xe8\xba\
\x8brl\xcf<_\x86\xf7\x94\xa4ek\xcd\x9a5E\
\x9bF\x8f\x8c\x8cp\xee\x5c\xe1q\xe0\xf3\xd5\xdb\xdb\xcb\
\xf5\xeb\xd7\x0b\xde<\xd9<^\xdc\x0d\x8dE'\xfa,\
\xa6l^g \x99\xe6x$6\xeb\xb2\xa1\xa3G\x8f\
\xf2\xe3\x1f\xff\x98\xe1\xe1\xe1\x82\x9f\xc7d\xb7\xd2\xd0\xb3\
\xb6\xac\xe5\x837y\x1aki\xde\xb9\x09\xadH#\xf9\
L\x22\xc5\x99\x17\xdff\xe2Ri\xa6t\xddM&\x99\
\xa2\xf7\xad\x83\x5c?\xdd[\xf49\xed\x0f\xec\xc4Y\xeb\
/\x9a\xb5r;G\xb5\x8f\x86m\xeb\xf0\xb76\x14|\
<\x9dJq\xf4\xe3\x83\xfc\xc3?\xfc\xc3\xa2\xedd\x17\
\x92\xcb\xe5\xb8x\xf1\x22\x7f\xf7w\x7f7c\xf6\xd57\
\xbf\xf9M:;;+\xb2|\xf0&UUg,9\
\x89F\xa3\x86\x0e`\x8d\xa5\xa2\x1c\x0d^\xe3Zb\xaa\
d\xa5\x837\x09!\xf04\xd4\xe0*\x92\x05\x99\xcfN\
\x078\xae\x1d<5\xe3\xeb\xa8B\xd0\xe5\xaa\x9dwy\
W*\x95\xe2\xcc\x993|\xf0\xc1\x07\x05\x1f\xb7X,\
\xec\xda\xb5\x0b\xaf\xd7;\xab\xd7kkk+\xfa\xdc`\
0\xc8\xd9\xb3g\x97$\x0b+\xa7\xe7\x19J\x86\xb82\
:Dl\x22\x88^ P\xac\x9aM\xb8\xea\xaaJ\xfa\
\xbe\x8e*\x1f\xd5\x9d\xab\xb1\xfb\xef\x0cL&\xc3Q\x06\
\x8f\x9c%\x97\xc9\x92M\xa6\xb9z\xe0\x14\xd9d\xe1\x00\
z\xfd\xa6N<\x8d\xb5E\xcb\xa0\x97\x9aE\xd50)\
\x95{,\x9a\x8bdna\x19XB\x08Lv[\xd1\
l\xa4\xcc,J\x08\xad\x1e\x1f\xee\xfa\xc2\xe7.t\x9d\
t4\xca\x95\xf7\xde\x9e\xf7\x1a\x8b\xa9\xb3\x98\xd8\xeaq\
\x14\xcczJ\xa5R\xf4\xf6\x16>?\xd7\xd6\xd6\xe2t\
:Q\x8ad\xe9E\xb29NG\x13\x5cM\xa4\x98M\
l\xd0\xae*\xec\xf48q\xc8\xc9\x83\x92\xb4\x12-y\
l\xa7\x1cG\x9a_Q\xb0\xfd\xa5$I\xf3Q__\
OGGG\xc1\xcc\x8f\x91\x91\x11N\x9c8QtZ\
\xd5|\x1c:t\x88+W\xae\x14|\xccYWOU\
\xc7\xecz\xaf,\x86H6\xc7\xf9h\x92\xe1\xd4\xdd\xfb\
\x08^\xbe|\x99\xff\xfe\xdf\xff;'O\x9e,\x98M\
\x06P\xbf\xb1\x93\xfa\xcd]\x98\x1d\xc5{\xdf,\x15\xb3\
\xc3F\xcd\xba6\xea\xbb\x0b\xff~\xf5|\x9e\xd0\xc0\x08\
\x1f\xff\xe3/IE\x8a\x97\x0d\x94B>\x9bc\xe2\xf2\
\x00\xc7\x9f{\x95l\xb2\xf0\xef\xce]_M\xeb\xbd[\
f=\x95M5i\xd4\xad\xef\xa0\xf5\xbe\xad\x05\x03^\
\xba\xae355\xc5\x8f~\xf4#\x9e\x7f~i\xce\x95\
\xf9|\x9ek\xd7\xae\xf1\x83\x1f\xfc\x80\x13'N\x14}\
^ww7\x8f>\xfa(UU\xa5\xbd\xb9.\x07\xa7\
\xd3Y\xf4F\xce\xc8\x8d\xdcc\xd94\xe7#\xd79\x1d\
\x1e*i\xe9\xe0\xed\x02\xedM\xf8V\x17\x9f0\x19\x1d\
\x9b\xe2\xe2\xdb\x07I\x86\x8aOam\xb0y\xf1\x99\x1d\
\xf3.\x1f\xbcx\xf1\x22\xaf\xbf\xfe:\xe3\xe3\x85{\xea\
\xd8\xedv\x9ex\xe2\x89YO\x16\xdb\xb4iS\xd1\x89\
\x85\xb9\x5c\x8e#G\x8e\xb0\x7f\xff\xfeE\x0f\x1aO\xa4\
c\x0c&\x82\x0c\xf7\xf5\x17\x1dH\xa1Y-\x04\xda\x8a\
\x04\x09\xe6I5i\xf8\xdb\x1a\xa8\xeej\xb9\xe3\xb1\x5c\
&Khp\x94\x89\x8b\xfdd\x92).\xbf{\xb8\xe8\
\xeb\xb4\xde\xb7\xd50\xd9W\x00f\xb1r\x9a\xb8'\xf2\
y\x92\x0b\x08`\x01\x98\xec\x8e\xa2\xa5\x9f\xb3\xe9\x81e\
\xb2\xd9p\xafj\xc0Q]S\xf0\xf1L\x22\xce\xf9W\
^\x226V\xb8\xdc~><&\x95\xb5N\x1b\xcd\x05\
2\x9c\x93\xc9$\xc7\x8e\x1dcxx\xb8\xe0\xcf\xae[\
\xb7\xae\xe8fE\x1e8\x1bMr>\x9a\x98U_Q\
\x93\x22h\xb2ZX\xeb(\x5c\x8a,I\xd2\xb2\xa63\
\x1d\xdbYRK~v\x13B\xa4\x81\xe7\x96\xfa}%\
i\xb9\xb2X,tww\x17\xec\xbd\x93L&9s\
\xe6\x0c\x1f\x7f\xfcqI\xde\xeb\xda\xb5k\x1c:t\x88\
\x91\x91;\xfbE\x09E\xc1\xdb\xd8D\xcd\xfa\xe2\x93\xcc\
\x16[N\xd7\xb9\x9e\xcap,\x1c#?\xc3\x0d\xd7\xe9\
\xd3\xa7\xf9\x9b\xbf\xf9\x1b^\x7f\xfd\xf5\xa2=\x22l^\
\x17m\xf7m\xa5\xa6\xab\x05#\xe4\xc4\x0b!\xf0\xb7\xae\
\xa2\xf3\xe1]\x05\x9b\x0e\xc3t\xdf\x96+\x1f\x1c\xe5\xc0\
\x8f\x9e'\x1d/\xd1\xb4\xae\xcf\xd1\xf3yBC\xa3\x1c\
\xfa\xdf\xbf\x9e1\xdbk\xdd\xe3{\xf1\xb54\xcc8}\
\xf0\xf3\x9c5~Z\xef\xed)\x1a\xa4\xcb\xe5r\x5c\xb9\
r\x85\xff\xf1?\xfe\x07/\xbc\xf0\xc2]\x1b\xd0.D\
.\x97\xe3\xd2\xa5K\xfc\xdd\xdf\xfd\x1d\xaf\xbc\xf2J\xd1\
\xcc#\x9b\xcd\xc63\xcf<\xc3\xbau\xeb\x8aN\x03\xad\
\x147\xcb\xcf\x8a1j\x09aV\xcfs9>\xce\xd1\
\xa9k%/\x1d\xbc\x9d{U5U\x9d\xcdE\xcb\xd8\
\xb2\x89\x14C'.p\xf6\xe5w\x8b\x06|\xd6\xba\xea\
0\xcf3\xfbjll\x8c\xd7^{\x8d\xfd\xfb\xf7\x17\
\xfc\xeek\x9aFKK\x0b\x8f>\xfa\xe8\xac_s\xf5\
\xea\xd5\xacY\xb3\xa6\xe8\xdf\xbd\xaf\xaf\x8fW_}\x95\
\x93'O\xcek\xcd\xb35\x98\x08re\xe2:\xc3\xa7\
/2r\xf6\xf2\x9dO\x10\x02\xab\xcbN\xcd\xba\xd9M\
W\x9c\x0b\xff\xeaU\xd4m\xe8\xb83p\xae\xeb$B\
\x11\xfa>:Nh`\x84\xb1\xdb\xfaa\xdd\xce\xeaq\
\xd2\xb8m}\xd1\xe3r9\x98\x14u\xc5d`\xc5s\
\xf9y\x0dp\xb9\x9d\xd9Q<p\x9fI\xde=\x80%\
\x14\x05w\xfd*j\xd7o,\xf8x>\x9be\xe2\xf2\
EN\xfe\xfc\xff\xdcu\xa2\xe1lhB\xb0\xdaj\xa1\
\xdbe\xc3\xf2\xb9\xef\xed\xcd\xcd\x9eg\x9f}\xb6\xe8\xe6\
\xdc\xee\xdd\xbb\x8b\x97\x0e'R\x9c\x8a\xc6\x99\x98E\xe9\
 \x80KS\xd9\xeeq`\x97\xd9W\x92\xb4\x12=w\
#\xb6\xb3\xa4\xcau\xb4Y\xf2H\x9d$-g;v\
\xec`\xc3\x86\x0dw\xa4\x83\xeb\xba\xce\xc5\x8b\x17\xf9\xf5\
\xaf\x7f\xcd\xd8\x02w\xfer\xb9\x1c/\xbd\xf4\x12G\x8f\
\x1e-xQ\xe4\xac\xae\xa1vc7\xce\x9a\xba\x05\xbd\
\xcfB%\xf2y.\xc4\x92\x5cI\xdc\xb9\xc6T*\xc5\
\xf3\xcf?\xcf\x7f\xfd\xaf\xff\x95\x17^x\x81H$R\
\xf0FSQ\x14Z\xee\xddB\xf3\xee\xee\x82\xe3\xdc\xcb\
\xc5\xe2r\xd0\xb4m=-\xf7\x16\xe9o\xa3C:\x96\
\xe0\xf4\x8bos\xf0G\xbf&66Ut:\xe0|\
\xe4s9\xa6\xfa\x879\xf2\xec\xcb\x5c\xf9\xf0\x18\xf9\x22\
7\x0du\x1b\xda\xe9|\xe4\x9e9\xf7\xabQ4\x95\xda\
um\xac{\xfc>\xec\x81\xc2eM\xd9l\x96\xe3\xc7\
\x8f\xf3\xdf\xfe\xdb\x7f\xe3G?\xfaQ\xd1\xbf\xe1B$\
\x93I>\xfe\xf8c\xfe\xf6o\xff\x96_\xfc\xe2\x17E\
\x9be\x03<\xf9\xe4\x93|\xe9K_\x9au\xc9\x96\x91\
\x09!\x8a\xde\xd4\x80q\x03X\xc3\xc9 \xc7\xa6\xfa\x19\
N.\xee\xc4<\xcdb\xa6nc\x07\xd5kZ\x0a>\
\xae\xeb:\xd1\xb1)\xce\xbe\xfc.}\x1f\x1c\xbb\xe3q\
U\x08\xd6\xb9\xeaQ\xe7\x91\x19355\xc5\xcb/\xbf\
\xcc\xb3\xcf>[4\xab\xc2\xedv\xf3\xcdo~\x93\xfa\
\xfa\xfaY\xbf\xae\xd5je\xdf\xbe}\xb4\xb4\xb4\x14|\
<\x95J\xf1\xe1\x87\x1f\xf2\xe3\x1f\xff\x98K\x97J\xdf\
\xc3\x07 \x91\xcb0\x10\x9d\xe4\xe4\xc7\x87\xe8}\xf3\x00\
\x89\xa9;\xff\x8ef\xbb\x95\x9a\xb5\xad8\xab\x8bO\xca\
\x9c/\xab\xd7MUg3\xae\xda;3(\xd3\x918\
\x97\xde=\xc2\xd5ON\x15\xec\xcb\x05\xb0j\xcb\x1a\x5c\
uUe\xed\x93\xf8y\xd3=\xb0\x96\x7f@Ag:\
\x80\x95\x5c\xe0y\xce\xec(\x9e\x815\x9b\x12B\x00w\
c\x13M;\xefA-2\x8d0\x9bLr\xe6\x85_\
r\xfa\x85_\x16,\x91\x9d\x8b\x1a\x8b\x89\x8d.\x1b\xd5\
\x05JVC\xa1\x10?\xff\xf9\xcfy\xe3\x8d7\x0a\xfe\
\xac\xddn\xe7\xc1\x07\x1f,x\xac\x0fes\x1c\x0f\xc7\
\xe9O\xa4\xc8\xcd\xe2\xbc\xaa\x09A\x8d\xd9D\x87}\xe6\
>\x97\x92$-[e\x89\xe9\x94\xabX_\x06\xb0$\
\xa9\x84\x9a\x9b\x9b\xd9\xbe};\xef\xbd\xf7\x1e\x83\x83\x83\
\x9fy,\x18\x0c\xf2\xe6\x9bo\xb2a\xc3\x06\xbe\xf7\xbd\
\xef\xcd\xd8\xe3f&\xef\xbf\xff>\xcf?\xff<\xd7\xae\
\xdd\x99u\xa3(\x0a5\xeb6\xd0\xbckOY\xfa_\
\xdd.\xaf\xebL\xa4\xb3\x1c\x0e\xc7h\xb4\x9a1\x8b\xe9\
\xde=\x07\x0f\x1e\xe4\xf5\xd7_\xe7\x8d7\xde\xe0\xc4\x89\
\x133\xde\x88o\xdf\xb1\x9d\x9e'\xbf\x88\xb3\xa5\xb4\xe5\
*\x0b%\x84\xc0\xd3X\xc7\xba\xc7\xf71yy\x80\xf1\
\x8b\x853\xa0\x12SaN\xfe\xea\x0d\x12\xa1(\xeb\xbf\
|\x1fu\x1b;P\x178\xda=\x9bL3r\xee\x12\
'\x7f\xf9:\x97\xdf?J\xa6H3u\xab\xdbI\xcf\
\xd3_\xc2\xdf\xb2jN\xd9W\xb7~\xde\xe3\xa4m\xef\
Vb\x03c\x9c\xfce\xe1\x0c\xb9|>\xcf\xe1\xc3\x87\
\x09\x87\xc3\xf4\xf6\xf6\xf2{\xbf\xf7{l\xd9\xb2\x05\x8b\
ea\x17\xd1\xd9l\x96\x81\x81\x01^y\xe5\x15^x\
\xe1\x05>\xf8\xe0\x03\x92\xc9\xe2\x19=;v\xec\xe0\xfb\
\xdf\xff>\xabW\xaf\xae\xe8\xdeW\xb7\x9bi\x12\xa1\x11\
{`M\xa6c\x9c\x0c\x0er1:FN_\xbc\x8c\
\xbc\x9bj\xd6\xb6\xd2\xb4c#c\x17\xae\x16,\x15\x9c\
\xce\xb4\x18\xe0\xf0\xbf\xfe\x86l:C\xdb\xbem\xa8&\
\x0d\x01\xac\xb2y\xa9\xb68\xe7\x5c>\xd8\xdf\xdf\xcf\x0b\
/\xbc\xc0\xb3\xcf>\xcb\xe9\xd3\xa7\x0b>\xc7b\xb1\xb0\
i\xd3&\xbe\xf5\xado\xcd\xba|\xf0\xa6}\xfb\xf6\xb1\
\x7f\xff~._\xbeL\xac\xc0t\xd9\xd1\xd1Q~\xf5\
\xab_\xa1(\x0a\xcf<\xf3\x0c\x9b7o\x9e\xf3{\xcc\
\xa4o\xe2:\xef\xed\x7f\x93\x83?}\x85\xebg.\x15\
\x0c\xba;\xaa}t<\xb4s^\xc7\x94\xbbQT\x05\
_\xcb*j\xd7\xb7\x11\x1e\xfe\xecFO6\x93e\xac\
\xf7*\xe9h\xf1\xb2\xec\x8e\x07v`1P\xf6\x95*\
\x04&EEY\x01\x01\xac\xd4\x8d\xf2\xc1\xd9\x04[f\
bv8\x8a~\xa7\xb3\xc9\xe4\xac\x02XV\xb7\x87\xfa\
-=\xd4m\xdc\xcc\xe0\xd1Cw<\xae\xe7\xf3\x84\x87\
\x069\xfc\x93\x1f\xa2\xe7r\xac\xf9\xe2\x97\xb1\xb8\xdcs\
\x9eZiW\x15:\xedV:\x1d\x9f\x9dd\xaa\xeb:\
###\xfc\xf4\xa7?\xe5\x87?\xfca\xd1\x09\xd4\xf7\
\xdf\x7f?k\xd7\xae\xc5\xfc\xb9@[V\xd79\x1dI\
\xf0i,I|\x96\x19mVE\xa1\xd9f\xc6&\xb3\
\xaf$i\xa5Z9\x01,!D^\xd7\xf5\x7f\x05\xbe\
S\x8e\xf7\x97\xa4\xe5\xc6l6s\xff\xfd\xf7\xf3\xfe\xfb\
\xef344\xf4\x99\x8c\x14]\xd7\xb9z\xf5*?\xfe\
\xf1\x8f1\x9b\xcd<\xf5\xd4S\xf8\xfd\xb3\xdf\xc5\xce\xe5\
r\xbc\xf7\xde{\xfc\xc3?\xfc\x03G\x8f\x1e%\x95\xba\
3p\xd1\xdc\xdc\xcc=\x0f<Hc\xd7\x1a\xee\xde}\
jq\xe5\xb3Y\x82\xb1(\x07\xfb\xfbH\xa4#\xa4\x07\
\xaeq\xf6\xecYN\x9c8\xc1\xe1\xc3\x87g\xcc\xa6\x01\
\xe8\xea\xea\xe2\x8f\xff\xf8\xbbt<\xbc\x93\x93\xf9\x09\x86\
\x12\x8b\x9b\xd51W&\x9b\x85\x86-k\xd8\xf4\x8dG\
8\xf0\xa3_\x11\x9f,\xbc\xbe\xc4T\x98\xb3/\xbfC\
xp\x84\xe6\xdd\xdd4m\xdf@\xa0\xbd\x09\x93mn\
A\x9e\x5c:C\xf0\xda\x08W\x0f\x9c\xe0\xca\x07\xc7\x18\
8|\x96l\xaap\xb6\xb0j6\xb1\xe9\x9b\x8f\xd0\xba\
w\xeb\x9c\xdf\xe7v\xcd\xcd\xcdl\xfb\x0f\xcf\xf0\x81\xee\
\xe6\xe7\xff\xf6oE\xcb .\x5c\xb8\xc0?\xfe\xe3?\
r\xf6\xecY\xf6\xed\xdb\xc7\x9e={\xe8\xee\xee\xc6\xe5\
r\x15mN[H\x22\x91\xe0\xca\x95+\x1c8p\x80\
w\xdf}\x97\x8f>\xfa\xa8h\xf3\xdb\x9b\xda\xdb\xdb\xf9\
\xab\xbf\xfa+v\xee\xdc\x89\xd5\xba<z\x7f\xdc-\x03\
\xcbh=\xb0R\xb9,\x9fFF8\x1d\x1e\x22\x9e[\
\x9a\x0cv\x9b\xd7\xc5\xea\xdd\x9b\x199{\x99\xcb\xef\x1d\
)\x98I\x91M\xa6\x19<~\x9et<\xc1d\xdf \
-\xbb7S\xb7\xae\x8dM\xee\x869\x95u\x8d\x8e\x8e\
r\xe8\xd0\xa1[e\x83\xbd\xbd\xbd\x05K\x07\x15E\xa1\
\xb1\xb1\x91?\xfd\xd3?\xa5\xadm\xee%v\xf5\xf5\xf5\
|\xe3\x1b\xdf\xe0\xdc\xb9s\x1c<x\xb0\xe0{\x0c\x0d\
\x0d\xf1\xb3\x9f\xfd\x8c\x91\x91\x11\x9e|\xf2I\xf6\xed\xdb\
GC\xc3\xc2\x02\xfc\xc9d\x92\xb3\xe7\xce\xf1\xf3\xdf\xbe\
\xc8K/\xbe\xc0\xb5S\xe7\x0a\xf6\xd4\xb3\xb8\xec4\xf6\
\xac\xa5\xa1\xa7\xf0\x94\xd2R\xf04\xd4P\xbf\xa9\x93\xcb\
\xef\x1d!w{\xe9\x94\xae\x93\x89'\x99\xb8\x5cx\x9a\
\x9b\xb3\xc6\xcf\xaa\xcdk\x8a\x0e\xd7X\x0a\xf9|\x9e\xc8\
\xc8$S\xfd\xd3\x99y\x16Ec8\xdd\xcf\xc5\x89\xa5\
\x0d6\xfb\xfd~\xbc^\xef\x92\x06\xf3\xe3\xb9<\xc9\xdc\
\xc23p\xcd\x0e\xe7]z`\xdd\xfd\xcaF(\x0a\x81\
\xb6\x0e\xd6~\xf9I\xa6\xfa.\x13\x9f\xbc3\x80\xa4\xe7\
\xf3L^\xea\xe5\xf0O\xfe\x89\xa9\xbe+\xb4?\xf4(\
\xb5\xeb7b\xb2\xd9f\x15\xc8\x12b\xba\xdf\xd4F\xa7\
\x0d\xd7\x8d\xdf\xb3\xae\xeb\x04\x83A\x0e\x1e<\xc8\xef~\
\xf7;~\xf3\x9b\xdf\x14\xcd\x96\xf4\xf9|\xfc\xe9\x9f\xfe\
)~\xbf\xff\x8e\x80\xdd\x95D\x8a\x13\x91\xd8\xac\xa6\x0e\
\xdeZO.Kfb\xfc\xae\xe7\xcb\xc5t\xb3\xf4\xbd\
\xd84nI\x92\x16\xcd\xbf\x0a!\x16\x7f\xe7\xb0\x80r\
\xa6J<\x8f\x0c`IR\xc9\xac_\xbf\x9e/~\xf1\
\x8b\x9c9s\xe6\x8e\x8b\x89L&\xc3\xd9\xb3g\xf9\xfb\
\xbf\xff{\x06\x07\x07y\xf8\xe1\x87\xd9\xbe}\xfb\x8c\xd9\
\x16\xba\xae\xd3\xd7\xd7\xc7\xdbo\xbf\xcd/~\xf1\x0b>\
\xfa\xe8\xa3\x82\xcd\xe0\x9dN'\x8f<\xf2\x08\xdf|\xf2\
\x09\x06|^\xce\xc7\x16\xde{\xe9\xd2;o\x10\x1a\xe8\
G\x9dkF\x8d\xae\x93\xcf\xe5H\xc7bdBA\xf6\
O\x8d\x13\x1b\x1c\xe0\xda\xb5k\xb3\xca\x1cikk\xe3\
{\xdf\xfb\x1eO>\xf1\x04\xee\x9a\x00\xc9\xb1\x0b\x842\
\x09b\xd9%/\xef\x9e\x91\xd5\xeb\xa2\xf3\xe1]\xc4\xc6\
\x83\x9c\xfa\xd5\x1b$\x82\x91\x82\xcf\xcb&\xd3\xf4}|\
\x82\xb1\xde\xab\x0c\x1e=G\xf5\xda\x16\x02\xad\x8dx\x1a\
jpT\xfb\xb1y]hV\xf3g.d\xf3\xb9<\
\x99x\x92\xd8\xc4\x14\xa1\x81\x11&\xfb\x86\xb8~\xfa\x22\
C'>\x9d\xceN(r\xaf\xa0h*\xeb\x1e\xdf\xcb\
\xe6\xa7\xbe0\xdd\xccx\x9e\x19\x1a\x0e\xcd\xc2Fo#\
{V\xaff\xb3\xbd\x8eL:\xcd\x8b/\xbeX4\x13\
*\x12\x89\xf0\xdb\xdf\xfe\x96\xc3\x87\x0f\xf3\xf6\xdbo\xd3\
\xdd\xddMWW\x17mmm\xacZ\xb5\x8a\x9a\x9a\x1a\
\xdcn\xf7\xadq\xe1\xba\xae\x13\x8f\xc7\x99\x98\x98`h\
h\x88\xfe\xfe~.\x5c\xb8\xc0\x993g8~\xfc8\
\xbd\xbd\xbdw\x0d\xd2tvv\xf2\x97\x7f\xf9\x97|\xe5\
+_\x991\xe0S\x89n6q/T\x96\x19\x8f\xc7\
\x0d\x93\x81\x95\xd7u\xfa\xe2\x13\x9c\x08\x0d0\x9e\xbe3\
kh1Uw5\xb3\xe6\xb1=D\xae\x8f3z\xbe\
\xf0@\x8b\x5c:\xc3\xc8\x99K\x84\x06F\xb8~\xea\x22\
M=\xeb\xe8\xdc\x95\xa4j]\x9a\xa6\xc6F\x5c.\xd7\
gF\xd8g\xb3Yb\xb1\x18\xa3\xa3\xa3\xf4\xf7\xf7\xd3\
\xd7\xd7\xc7\x993g8p\xe0\x00\xa7O\x9f.:\x88\
C\x08Amm-\x7f\xf8\x87\x7f\xc8\x13O<1\xaf\
\xcf#\x84\xe0\xbe\xfb\xee\xe3\xe9\xa7\x9ffrr\x92\x0b\
\x17.\xdc\xf1\x1c]\xd7\x19\x1d\x1d\xe5\x85\x17^\xe0\xec\
\xd9\xb3|\xf8\xe1\x87\xf4\xf4\xf4\xb0i\xd3&\x9a\x9a\x9a\
\xa8\xa9\xa9\xb9k\xe0\x22\x9f\xcf\x13\x0e\x87\x19\x1c\x1c\xe4\
\xe2\xc5\x8b\x9c;w\x8eC\x87\x0fs\xe0\xc0'\x0c\x0d\
\x0d\x17\x9d<X\xb3\xb6\x95\xf5O>\xb8\xa8M\xd2-\
.\x07\x81\x8e&<\x8d\xb5L^\x19\xbc\xe3\xf1be\
\xca\xcd\xbb6\xe1\xa8\xf2!\xe6\x100/\xb5\x5c*\xcd\
\xd9\x97\xde\xa6\xef\xc3\xe9\xb2UM(\xf4\xdb}\xf8\xcd\
K[\xfe\xfe\xd5\xaf~\x95\xc7\x1e{lI\x8f\x89\xb1\
\x5c\x9eD\x09z!\xce\x98\x81\x95N\x91\x9fe\xe0\xde\
\xea\xf1\xd2z\xdf\x03L^\xb9\xc4\x99_\xfd\x82t\xbc\
\xf0\xb1i\xaa\xef\x0a'\x9e{\x96\xf1\xdeO\xa9\xdb\xb8\
\x99\xda\x0d\x1b\xf1\xaen\xc1UW?\xdd\x8f\xab\xc8\xf7\
)`\xd2X\xef\xb4Q\xad\xc0\xf0\xf0\xf0\xad\xf3\xd7\xe9\
\xd3\xa7\xf9\xe4\x93O8v\xec\x18\x91H\xe1\xeb\x01M\
\xd3\xf8\xcew\xbe\xc3\xfd\xf7\xdf\x7f\xc7\xa6\xcbd&\xcb\
\x91P\x8c\xa1dfN\xd9l\xc1\xa9)^x\xfey\
\x8e\x1d.>\xe0`\xb1\x99L&v\xed\xda\xc5\xf7\xbf\
\xff\xfd\xb2\xadA\x92V\xa8%\x9f>xS\xd9\x02X\
B\x88\x97\x96r\x14\xba$-w6\x9b\x8d\xc7\x1e{\
\x8c\xbe\xbe>~\xf2\x93\x9f\xdc\xd1h=\x93\xc9p\xe1\
\xc2\x05\xfe\xd7\xff\xfa_\x1c8p\x80={\xf6\xd0\xde\
\xdeNss3\x1e\x8f\xe7\xd6\x8dk0\x18dll\
\x8cK\x97.q\xe2\xc4\x09\xde|\xf3M\xfa\xfb\xfb\xc9\
d\xee\xdc\x81\xd44\x8d]\xbbv\xf1\xd4SO\xb1w\
\xd3z\x8eE\x92\x0c\xa6\xd2D\xb2\x0b\xcb\xd2\xb8\xfc\xce\
\x9b\x5c~\xe7\xcd\x05\xbd\xc6\x5cuww\xf3G\x7f\xf4\
G<\xfd\xf4\xd3\xacZ5=il\xa3{\x15\xd7\x93\
!.DGgl\x0a\xbf\xd4\x84\x108k\xfct?\
\xf5(z>\xcf\xd9\x97\xdf%6\x1e,\xfa\xfc\xd8x\
\x90K\xef\x1e\xe6\xea''\xf14\xd6\xe2i\xa8\xc1U\
\x1b\xc0\xe6scv\xd8\xd0,f\x14U!\x9f\xcd\x91\
I\xa4HEbD\xc7\xa7\x08^\xbbN\xe8\xda\x08\xb1\
\xc9\x10\xcc\xf0\xf9M6\x0b]\x8f\xde\xc3\xf6\xff\xf0U\
\xdc\xf5U\xf3\xbe\x993)*-\xf6\x00\xdb|\xcd\xd4\
\xd8\xbcxzz\xf8\xcf\xff\xf9?c\xb5Zy\xe9\xa5\
\x97\x98\x9a\x9a*\xfa\xb3\xa3\xa3\xa3\xbc\xf6\xdak\xbc\xf5\
\xd6[444\xd0\xd6\xd6FCC\x03\xb5\xb5\xb5\xf8\
|>\x9cN'\xaa\xaa\x92L&\x09\x06\x83\x8c\x8f\x8f\
388\xc8\x95+W\xe8\xef\xef\x9f\xf5\xa4\xce\x9e\x9e\
\x1e\xfe\xec\xcf\xfe\x8c\xa7\x9f~z\xc6\x86\xe7\x95H\x08\
\x81\xcf\xe7+\xfa\xb8\x912\xb0FS\x11\x8e\x05\xaf\xd1\
\x1f\x9fZ\xf4\x09y\x9fg\xb2Yi\xde\xb5\x89\xc4T\
\x98L2\xc5T\xdfP\xc1\xe7\xe9\xbaN\x22\x18\xe1\xe2\
;\x87\x188|\x86\xc8{gx\xa7\xb3\x93\xc6\xc6F\
\xdcn7N\xa7\x13\xb3\xd9L*\x95\x22\x1e\x8f\x13\x8d\
F\xb9~\xfd:W\xaf^\xe5\xf2\xe5\xcb\x5c\xbf~\xbd\
`\xc6\xebM7\x83WO?\xfd4\x7f\xfc\xc7\x7f\x8c\
\xdb\xed\x9e\xf7g\xf2x<|\xe3\x1b\xdf \x1a\x8d\xf2\
\x93\x9f\xfc\x84K\x97.\x15\xfc\xbd&\x93IN\x9e<\
\xc9\xb9s\xe7hhh\xb85@\xa4\xb1\xb1\x91\x9a\x9a\
\x1a\x1c\x0e\x076\x9b\x0d\xab\xd5J>\x9f'\x95J\x91\
L&\x89F\xa3LNN266\xc6\xb5k\xd7\xb8\
p\xe1\x02\x97.]\x22\x14\x0a\x15\x1d\xc6\xa0\x9a4\xaa\
:\x9b\xd9\xf4\xf5\x87YUd\xb0C\xa9\x08!\xf06\
\xd6\xb1\xaa\xbb\xab`\x00\xab\xe0\xcf(\x0a\x1d\x0f\xed\x5c\
P\xb6i)\xe42Y\xfa>\xfe\xec\x94\xd4\xc5m\xb9\
_XKK\x0b\x0f<\xf0\xc0\x92\x06\xb0\xe2\xb9\x1c\xc9\
\x056p\x07n\x94\xf2\x15>o\xe5\xd2\xe9\xd9\xf7\xac\
\x12\x02W\xfd*\xba\x9fz\x9aL<F\xef\xfe\xdf\x91\
\x8a\x16\x0e(e\x12\x09\xfa>x\x97\x81C\x9f\x10\xe8\
\xe8\xc2\xd7\xd2\x86{\xd5*\x9c5uX\x5cnL6\
\x1b\x9a\xd5\x86\xa2\xa9\xe4s9\xf4t\x9a(y\xf2z\
\x86w\xc3\xa1[\xc7\x8aO?\xfd\x94\xabW\xaf\xceX\
\xee\xae\xaa*_\xff\xfa\xd7\xf9O\xff\xe9?\xe1\xf1x\
>\x13\xac\xcb\xe4uN\x84\xe3\x5c\x8a\xa7\xe6<\xcd1\
\x12\x89\xf0\xde{\xef\xcd\xe9gJ\xcdj\xb5\x92\xcb\xe5\
d\x00K\x92\x96\x98\x10\xe2\xa5r\xbdwy\x9b\xd5\xc0\
?\x01\xf2\x88#I%\xd2\xd2\xd2\xc2\xb7\xbe\xf5-\x82\
\xc1 \xcf?\xff\xfc\x1d\x8d\xdbu]'\x14\x0a\xb1\x7f\
\xff~\xde~\xfbm\x9a\x9a\x9ahoo'\x10\x08\xe0\
v\xbb\x11B011\xc1\xf0\xf00\xe7\xce\x9d#\x18\
\x0c\x16\xbd\xb9P\x14\x85\xcd\x9b7\xf3\xcc3\xcf\xb0g\
\xcf\x1e\xec\x9aF\x9b\xddBg\xc2\xca\xb1p\xacX\xa2\
\x8e\xe18\x1c\x0e\xee\xb9\xe7\x1e\xbe\xfd\xedo\xf3\x95\xaf\
|\x85\xaa\xaa\x7fo\xe4\xdbh\xf7\xb2\xde]\xcfx:\
\xc6xj\xe6\xd2\xc3\xa5&\x14\x05w]\x15=\x7f\xf0\
8&\xbb\x95\xf3\xaf~\xc8\xe4\x95\xc2e.7eS\
i&.]\xfb\xcc\xf4@E\xd3\xd0,&\x14U%\
\x97\xcd\x92K\xa5\x8b6g\xbfs\x0d\x02G\xb5\x9f\xae\
\x87w\xb1\xe5\xe9/\xe1m\xaa\x9bwo\x1cE\x08\xea\
\xacn\xb6\xf9\x9ah\xb4M7D\xb7X,l\xd9\xb2\
\x85\xbf\xfe\xeb\xbf\xa6\xa6\xa6\x86\x17_|\xb1`v\xc8\
\xed2\x99\x0c}}}\xf4\xf5\xf5\xfd\xfbk+\x0a6\
\x9b\x0dM\xd3H&\x933\x06\x05\x0a\x11B`\xb3\xd9\
x\xe0\x81\x07\xf8\xcew\xbe\xc3W\xbf\xfa\xd5eS6\
x\xbb\x9b\x01\x91b\xfa\xfb\xfb\x0b\xf6HZj\x91l\
\x8a\x93\xa1\x01z\xa3\xa3\xa4\xf3\xe5\xc9\x08s\x04\xbct\
>\xb2\x9b|.\xc7\x99\x17\xdff\xe2\xd2@\xf1@\x9a\
\xae\x93\x8c\xc48|\xf80\x87o\xcbT\xb0\xdb\xed\x98\
\xcd\xe6[\xdf\xc9\xb9\x04\xe24M\xa3\xb9\xb9\x99\xdf\xff\
\xfd\xdf\xe7\xbb\xdf\xfdn\xc1)\xb4s\xd5\xd8\xd8\xc8\xb7\
\xbf\xfdm\xccf3\xcf>\xfb,g\xcf\x9e-\x9aq\
\xf7\xf9\xffgf\xb3\x99\x9a\x9a\x1a\x5c.\x17\x0e\x87\x03\
\x87\xc3A6\x9b%\x99L\x92H$\x08\x85BLL\
L\xcc\xfas\x9a\xac\x16j\xd6\xb6\xb2\xf1\x1b\x0f\xd3\xf1\
\xd0\xaeE\xe9}\xf5y\xce\xda\x00\xf5\xdd]|\xba\xff\
\xa3\xa2=\xfen\xe7i\xac\xa1nC\x07J\x81F\xda\
\xd2\xd2\x98n\xe0\xbe\xf0\x00\x96=Pu\xe7\x14\xca\x1b\
b\xe3\xa3\xa4\xe7p\xdcS4\x0d\x7f[;\xdb\x9e\xf9\
\x1e\x9a\xc5\xca\x85\xfd\xaf\x12\x9f\x18/\xfa\xfcl*\xc5\
\xc8\x99S\x8c\x9c9\x05L\x07\xd3,n7f\x87\x13\
\x93\xcd\x8ej\xd2\xc8g\xb3\xe4S)\xd4T\x92T8\
D(\x14*\xb8\xa9\xf8yB\x08\x1c\x0e\x07_\xf9\xca\
W\xf8/\xff\xe5\xbf\xd0\xd6\xd6vG\xa6\xe4\xe5D\x8a\
\x93\x91\x04\xa1\x05n<J\x92\xb4\xa2\xfcS9\xdf\xbc\
\xdcg\xdd\xe7\x91\x01,I*\xa9\xee\xeen\xfe\xec\xcf\
\xfe\x0c\x93\xc9\xc4\x8b/\xbeH\x7f\x7f\x7f\xc1\xe7e2\
\x19._\xbe\xcc\xe5\xcb\x05F\x96\xdf\x85\xa2(\xb7\x9a\
\xc2\x7f\xe9K_\xba\xb5\xe3Ze\x9eNo\xbf\x9aH\
\xcdz\x04s\xb9\x98\xcdf\xd6\xacY\xc3\xde\xbd{y\
\xfa\xe9\xa7\xd9\xb6m\x1bv\xbb\xfd3\xcf\xd1\x84\xca\x1a\
W\x1d\xd7\x93a\xa2\xd9$\xc9\x9c\xb1>\x93P\x14\x5c\
\xb5\x01\xb6~\xfb\xcb8k\xfc\xf4\xbe\xfe1C'.\
\x90\x9a\xa1\xe1\xf0\xe7\xe5\xb3Y\xd2s-\x0b\x13\xd37\
\x98\xb5\xeb\xdbi\xdb\xb7\x8dM_\x7fx\xc1\xe5=^\
\x93\x9d-\x9eF\xd6\xb8\xea\x10\xfc\xfb\x8d\x84\xc9db\
\xed\xda\xb5\xfc\xf5_\xff5\xed\xed\xed\xfc\xe67\xbf\xe1\
\xc0\x81\x03\x8c\x8f\x17\xbf!\xf8\xbc|>?\xef\xc0\x8b\
\xc9db\xdd\xbau\xec\xdb\xb7\x8fg\x9ey\x86\x9e\x9e\
\x9e9\xf5\xd7\xaa$\x8a\xa2P___4\x08\xd9\xdb\
\xb9\x83\xc3\x18\x00\x00 \x00IDAT\xdb\xcb\xa9S\
\xa7\xe8\xea\xea*[\xf6Y:\x9f\xe5|d\x98S\xe1\
!B\x99\x85\x97+/\x84\xab6\xc0\xba/\xef\xc3\xe2\
\xb4s\xf6\x95\xf7\x18={\xb9\xe8\xa4\xbaB\xe2\xf1x\
\xc1!\x05w\xe3v\xbb\xd9\xb2e\x0b_\xfb\xda\xd7\xf8\
\xd6\xb7\xbe5\xa7\xa9\x83w\xb3z\xf5j\xbe\xf3\x9d\xef\
\xe0\xf5z\xf9\x97\x7f\xf9\x17\x8e\x1d;6\xab\xff;\xe9\
t\x9a\x81\x81\x99\x03\xe8\xb3!\x14\x81#\xe0\xa5a\xeb\
z\xd6>\xb6\x87\x96\xbd=h\x96\xa5\xe9/e\xb6[\
\xf1\xb75\xe2om`\xe4\xec\xdd\xcf\x8bm\xf7m\xc3\
\xea.^z&-\xbeRL \x04pT\xd7\x14\xcd\
\x1c\x0e\x0f\x0e2\xde{\x9e\x9a\xf5\x1b\xb0\xba=\xb3z\
=E3\x11h\xefb\xc7\xf7\xfe\x1c\x8b\xdb\xcd\x85\xdf\
\xbd\xc2\xd4\xd5\xbeY\xfdl*\x12&\x15\x99]F\xf0\
L4M\xa3\xb3\xb3\x93G\x1ey\x84\xbf\xf8\x8b\xbf\xa0\
\xa3\xa3\xe3\x8e\xef\xeaX:\xcb\x81`\x94\xd1t\xc6P\
Y\xe6\x92$\x19^\xd9\xca\x07\xa1\xcc\x01,!\xc4~\
YF(I\xa5%\x84`\xf3\xe6\xcd\xfc\xe5_\xfe%\
\xb5\xb5\xb5\xfc\xfa\xd7\xbf\xe6\xfc\xf9\xf3%\xcb\x9c\xb0\xd9\
ll\xda\xb4\x89\xef~\xf7\xbb|\xedk_#\x10\x08\
\xdcz\xcc$\x04\xcd63\xeb]6>\x9a\x8a.x\
2\xd0b\x08\x04\x02\xb4\xb4\xb4\xb0~\xfdz\x1e{\xec\
1\x1e{\xec1\xfc~\x7f\xd1\xa0D\xc0\xec`\x93\xa7\
\x81\xb1T\x94K\xb11C^\xe4Y\x9cv6<\xf9\
\x00u\xeb\xdb9\xf3\x9bw\x18>u\x91\x89K\xd7H\
G\xe3%-\xaf\x12B`\xb2Y\xf1\xad\xae\xa7nc\
\x07]\x8f\xee\xa6i\xc7\xc6\x05\xf7\x7f\xb1kf\xd6\xbb\
\xeb\xd9\xe4i\xc4\xa2\xdcyZ\x12B\x10\x08\x04\xf8\x93\
?\xf9\x13\xee\xbd\xf7^\x9e{\xee9>\xfe\xf8c\xce\
\x9f?\xcf\xf5\xeb\xd7\x8bf\x09\xce\xd7\xcd\x8c\xab\xf6\xf6\
v6m\xda\xc4\x97\xbf\xfce\x9e|\xf2\xc9e\xd7\xef\
\xea\xf3\x84\x10477\x17\xbd!\x8fF\xa3\xfc\xecg\
?\xc3\xe7\xf3q\xff\xfd\xf7\xdfQ\x8a\xb2\xd8\xf2\xba\xce\
\xd5\xf8$G\xa6\xfa\x19I.\xfc\x06\xaf\x14\x1c\x01/\
k\xbf\xb8\x17Oc\x1d\xe7\x7f\xf7\x01\xc3'.\x10\xbc\
v\xbd\xe8\xa0\x83\x85p\xb9\x5c\xb4\xb5\xb5q\xcf=\xf7\
\xf0\xd5\xaf~\x95\x07\x1ex`Q2\x01kjj\xf8\
\xfd\xdf\xff}\xea\xeb\xeby\xee\xb9\xe7\xf8\xe4\x93O\xe8\
\xef\xef/:L\xa1\x14\x14U\xc1\xe6\xf3\x10hk\xa0\
q\xfb\x06:\x1e\xdcIug\xf3\xbc{\xe9\xcd\x97\xbb\
\xbe\x8a\xc6m\x1b\xee\x1a\xc0RM\x1a\x1d\x0f\xedD5\
-l\xba\xab\xb40\xb1\x12e`\xb9W5\xa0\x14\x19\
\xb0\x90M%\xe9\xdd\xff*\xf6@\x15\xab\xf7\xdc\x87\xcd\
\xe3\x9d]\xc3uE\xc1]\xdf\xc0\xf6?\xfe>\xce\x9a\
:z_\xff\x1d\xe3\xbd\x9f\xce\x98\x8dU\x0a\x16\x8b\x85\
\xa6\xa6&6o\xde\xcc\x97\xbe\xf4%\x9ez\xea\xa9\x82\
\xe5\xc5\x89\x5c\x9eC\xa1\x18\x97\xe3)R%>\x87J\
\x92\xb4\xbc\x09!\xf6\x97\xf3\xfd\xcb\x9d\x81\x05\xf0\xf7\xc0\
\xff]\xeeEH\xd2r\x22\x84\xa0\xa3\xa3\x83\xff\xf8\x1f\
\xff#\x9b6m\xe2\x97\xbf\xfc%\xc7\x8f\x1f\xe7\xea\xd5\
\xab\xb3\xee\xf5\xf3yv\xbb\x9d\xc6\xc6Fzzz\xf8\
\x83?\xf8\x03\x1ex\xe0\x81\x82\x17E^\x93\xc6z\x87\
\x8dK\xb1\x14C\x8bp\x137[B\x08T\xb3\x05\xb3\
\xc3\x81\xd9\xe9\xc4\xee\xf5\xd1\xb9\xaa\x8e]\xdd\xdd\xec\xdd\
\xbb\x97\xbd{\xf7\xe2\xf5zgu\x03\xdeb\x0f\xd0\xed\
i`2\x1dcb\x89\x1bF\xcf\x96\xa2\xaaT\xafi\
a_\xfb\x1f1x\xfc<\x97\xde9\xcc\xd8\x85>\x22\
\xc3\xe3\xc4\xc6\xa7\xc8$\xe6V\xa2t\x93\x10\x02\xcdb\
\xc6\x1e\xf0\xe0\xaa\xad\x22\xd0\xd1D\xcb=\x9bY}O\
7&\xdb\xc2o\x9eM\x8aJ\xbb\xa3\x8a\x1eo#~\
\xb3}\xc6\xe7j\x9a\xc6\xc6\x8d\x1b\xf9\xc1\x0f~\xc0\xc9\
\x93'y\xe5\x95W8x\xf0 \xd7\xae]cxx\
\x98\xc9\xc9\xc9Y\x95U\x14\x22\x84\xc0n\xb7SSS\
Ccc\xe3\xad\x9d\xebG\x1ey\x84\xea\xea\xeay\xbd\
f\xa5Q\x14\x85\xce\xce\xce\x193\xcc\xde|\xf3M\xd2\
\xe94V\xab\xb5`3\xe0\xc54\x9e\x8arp\xb2\x8f\
\xfe\xf8\x94\xa1\x02\xc9&\xbb\x95\xa6\x1d\x1b\xa8\xeah\xe2\
\xea''\xe9\xfb\xe88\x93W\x06\x89\x5c\x9f \x11\x0c\
\x93\x9fgi\xce\xcd@juu5\x0d\x0d\x0dl\xdc\
\xb8\x91G\x1f}\x94\xfb\xef\xbf\x7f\xd1\xbf\x93.\x97\x8b\
\xc7\x1f\x7f\x9c\xf5\xeb\xd7\xf3\xea\xab\xaf\xf2\xf6\xdbos\
\xe1\xc2\x05\x86\x86\x86\x98\x9a\x9a*I/4ES\xb1\
\xb8\x1c8\xaa\xbcx\xea\xab\xa9\xdd\xd0N\xcb\x9e-T\
\xafiY\xb2\xac\xab\xcfs\x04\xbc\xd4o\xea\xc4\xe2\xb4\
\x17\xcfd\x15\x02\x7fk\x03\xb5k[\x97\xa4\xb4Q*\
,\xcft\x10&U\x82\x0c,OS3\xaa\xb9\xf8w\
n\xf0\xe8a\xf2\xd9\x1c\x9a\xd9\xc2\xea\xbd\xfb0Ym\
\xb3{a!\xb0z\xbct\xff_\x7f@\xc3\xd6\xed\x5c\
x\xedU\x86\x8e\x1f!2<Dtt\x84L21\
c\x7f\xc9\xd9\xbd\x85\xc0j\xb5RUU\xc5\xaaU\xab\
hoo\xe7\xbe\xfb\xee\xe3\xf1\xc7\x1f\xa7\xb9\xb9\xb9\xe0\
\xcf\xe4u\x9d\xf3\xb1$\xc7\xc31\xa2\x06\xe9k(I\
R\xc5\xf8\xfbr/\xc0\x08\x01\xac_\x22\x03X\x92\xb4\
(|>\x1fO<\xf1\x04\xbbw\xef\xe6\xbd\xf7\xde\xe3\
\x8d7\xde\xe0\xdc\xb9s\x8c\x8f\x8f\x13\x0a\x85\x88D\x22\
\xa4R)\xd2\xe9\xf4\xad\xe0\x86\x10\x02\x93\xc9\x84\xc5b\
\xc1n\xb7\xe3\xf1x\xf0\xfb\xfd\xb4\xb7\xb7\xf3\xe0\x83\x0f\
\xf2\x85/|\x81\xc6\xc6\xc6\xa2\x81\x1f\x05\xa8\xb3\x98\xd8\
\xe2\xb63>\x91!\xfd\xf9\x8bK!09\x1c4\xed\
\xbagQ>\xb3\x10\x02E\xd5PL&\xac\x1e\x0f\xce\
\xda:\xdc\xf5\xab\xa8n\xef\xe4\xa9\xdd\xdby\xa2\xa3\x15\
m\x8e\xbb\xfa&E\xa5\xcbU\xcbh*\xc2\xc1\xc9>\
Re\xea\xbb3\x1b\x8a\xa6\xd2\xb4}\x03M\xdb70\
ye\x90\xc1c\xe7\xb8~\xfa\x22\xa1\xa11\x92\xc1\x08\
\xe9X\x82t<I6\x99\x22\x97\xc9N\xf7\xd6\xc8\xeb\
\xd3\x01?\x93\x8aj2\xa1Y\xcc\x98l\x16\xcc\x0e\x1b\
\x16\xb7\x13w}\x155\xeb\xdaX\xb5y\x0d5kZ\
Jv\xd3\xa6\x08A\xbd\xd5M\x8f\xb7\x99f\xbb\x7f\xd6\
?\xa7\xaa*===\xf4\xf4\xf4066\xc6'\x9f\
|\xc2\x81\x03\x078w\xee\x1c\xa3\xa3\xa3\x04\x83Ab\
\xb1\x18\xb1X\x8cd2I:\x9d&\x93\xc9\x90\xcf\xe7\
QU\x15\xb3\xd9\x8c\xd9l\xc6n\xb7\xe3p8p\xb9\
\x5c\xf8\xfd~\x9a\x9a\x9a\xe8\xe9\xe9a\xf7\xee\xddl\xda\
\xb4i\xd1\x833N\xa7\x93-[\xb6\x14\x0c,\xaa\xaa\
Jww\xf7\xa2\xbe\xff\xe7)\x8aBss3\x0f=\
\xf4\xd0]\xfb\x84\x8d\x8d\x8d\x91L&g\xfc\x1dy\xbd\
^\xb6o\xdf\x8e\xc7sg\xd9\x8d\xd5j\xa5\xa3\xa3c\
\xd6k\x8bfS\x1c\x0a^\xe5Rl\xacl}\xaff\
\x22\x84\xc0\xee\xf7\xb0\xee\xf1\xfbh\x7f`;\xd7\xcf\x5c\
b\xf0\xc89\xa2\x97\x06qDr\x84\xc3a\xc2\xe10\
\x89D\xe23\xdfI]\xd7\xd14\x0dM\xd3\xb0X,\
\xd8l\xb6[\xdfI\xaf\xd7Kss3\x9b7of\
\xcf\x9e=l\xdc\xb8qI\xb3\x00\x85\x10\xb4\xb6\xb6\xf2\
\xe7\x7f\xfe\xe7|\xfd\xeb_\xe7\x93O>\xe1\xe3\x8f?\
\xe6\xec\xd9\xb3\x8c\x8f\x8f\x13\x0e\x87\x89\xc5b\xc4\xe3\xf1\
[\xe7\x91\x5c.w\xabo\x96\xa2(\x98L&\xccf\
\xf3g\xce)n\xb7\x9b\x94E\x90wZp7\xd7Q\
\xbb\xbe\x8d\xba\x8d\x1d\xb8j\x03e\x9d\xe6\x07\xd3S\x0f\
\xab:\x9a\xe8\xfa\xc2\x1e\x82\xd7\xae\x17|\x8eP\x04\xed\
\xf7oG\xb3.Q\x90M\x08\x9c\xd5~\x9a\xb6o \
?\x8b`\x8d\xdf\xec\xc0c\xb2\xa2\x16iJ\xbeXZ\
[[1\xcd\x22#\xcdn\xb7\xb3q\xe3F&&&\
\x0a>\xbee\xcb\x96\xcfL\xe8,&\x99\x9f\x9e@X\
\x8a`\xb6\xdd\x1f\xa0\xf9\x9e{\x89\x8d\x8d\xce\xb8\xd1\x13\
\x9f\x9c \x97L\xce>\x80u\x83\xa2iT\xaf]O\
\xd5\x9au\x04\xfb\xaf2p\xe8\x13\x86\x8e\x1f%24\
H2\x14\x9c\x9e\x9c\x9c\x88\x93M%\xc9\xa5\xd3\xd3\xe7\
\xe5l\x16]\xbfqn\xbeq\xde2\x99L\x98L&\
\xacV+N\xa7\x13\xb7\xdb\x8d\xc7\xe3\xa1\xae\xae\x8e\x0d\
\x1b6\xb0k\xd7.\xb6n\xddz\xd7\x81\x0e\xc3\xa9\x0c\
\xefOEf\xd5\xf7\xcaYWO\xc3\xf6\x9d(\xa9\x04\
^M\xc3e\xb0\xa0\xad\xd9lf\xdd\xbau\xe5^\x86\
$\xad$\xbf,\xf7\x02\x0cQ\xb8\xaf\xeb\xfaY@\x1e\
}$i\x91e2\x19\x06\x06\x068r\xe4\x08\xbd\xbd\
\xbd\xf4\xf5\xf5111A8\x1c\xbe\xb5\xa3.\x84\xb8\
uC\xdf\xd0\xd0@GG\x07\xdd\xdd\xddtuu\xdd\
\xd1#j&\x83\xc94/\x8f\x05\xe9\x8d\xdd\xd9\x13&\
\x9f\xcd\x92\x98\x9a,\xd9\xe7\xba\x9dP\x144\xab\x0d\x93\
\xcd\xf6\x99\x9b!\x0185\x95\xef5V\xb3\xcaj\x9e\
\xd7\xc1\xefRl\x8c7G\xcf\xd3\x1b\x19C\xaf\x986\
\xf5\xd3\xe2\x13!&\xfb\x06\x09\x0d\x8c\x12\xbe>Fl\
l\x8ad8F:\x96 \x9f\xcd\xa2h*f\x87\x0d\
\xab\xdb\x89\xdd\xef\xc1Y\xe3\xc7\xd3X\x8bou=\xce\
\x1a?\x8aZ\xfa\x8bV\xbf\xd9\xc1\xbe\xeaNv\xf8V\
\x17,\x1d\x9c\xabt:\xcd\xe5\xcb\x97\xe9\xed\xed\xe5\xda\
\xb5k\x0c\x0e\x0e266v+X\x9b\xc9d\xb0\xd9\
l\xb8\x5c.|>\x1f\xf5\xf5\xf5444\xd0\xda\xda\
JWW\x17\xb5\xb5\xb5K\xda\xdf*\x93\xc9\x10\x0e\x87\
\x8b\x96fY,\x16\xfc\xfe\xd9\x07\xf6Jedd\xe4\
\xaee\x99.\x97\x0b\xbb\xdd>\xe3\xef+\x9dN\x13\x0e\
\x87\x0bf\xc5\xdd\xccx\x9b\xcd\xe4\xbct>\xc7\xe1\xa9\
>\xde\x1b\xbfh\xb8a\x0a3\xd1\x84B\xbb\xd5\xcf\xee\
\xa4\x9f\x8b\x17/\xde\x9a,x\xf3;\x19\x8dF\xc9\xe7\
\xf3\xb7\x02\xa9>\x9f\xefV\x06`kk+\x9d\x9d\x9d\
\xd4\xd7\xd7c\x9e!3d\xa9\xe9\xbaN4\x1a\xa5\xb7\
\xb7\x97K\x97.}&\xfb1\x14\x0a\xddj\xda\x0e\xd3\
7\x96.\x97\x0b\x97\xcb\x85\xdb\xed\xc6\xeb\xf5\xd2\xd0\xd0\
@CK3\x17\x1dI\x06,ir\x9a!.C?\
#\x9f\xcd\x91\x8e'\xc8\xa5\x8ads\x0a0;\xed\x98\
\xacK7}0\x93L\x91\x8e\xc6\x99\xcdi\xe7\xa1\x9a\
\xb5l\xf35cS\x97\xb6\xbc\xd1\xe9t\xe2p8\xee\
z\x0c\xcdf\xb3D\x22\x91\xa2S\xf3\xccf3~\xbf\
\xff\xae\xd9\xd1c\xe9,\xbf\x1d\x0br*2\xf7>r\
\x85$\x82\x93\xe4\xb3\xd9\x19\x7f\xc7&\xbb\x1d\x93\xcd^\
\xb2@k|b\x9c\xc9+\x97\x08\x0d\x5c#2<L\
bj\x82d(D&\x11GO&\xf0+\xe0\xd24\
\xecv\xfb\xad\xffG.\x97\x8b\xaa\xaa*\x9a\x9b\x9bi\
oo\xa7\xa5\xa5\x85@ 0\xebsW4\x97\xe3\xa5\
\xd1 g\x22\xf1Ye\xafe\x12q\xb2\xf1\x18\xcd\x16\
\x13\xf7\xf9\x5c\xb4\xda\x8d7\xc0\xc4f\xb3\xe1\xf5z\xcb\
\xbd\x0cIZ\x09\xce\x09!\xd6\x97{\x11\x86\xb8r\xd0\
u\xfd\x07\xc0\xdf\x94{\x1d\x92$\x95N*\xafs*\
\x92\xe0\xa5\xd1I\xe2%\x18s]*=\x1e\x07_\xab\
\xf1aW\x959\x1f\x003z\x8ec\xc1k\xec\xbf~\
\x8e`\xa64\x17\xcd+\x95M5qO\xa0\x8d{\x03\
\xedxLs\xdb\xcd\x96V\x8e\xbc\xaes)6\xc6o\
\xaf\x9ff >UQac\x87f\xe6\xab\xf5\x9b\xd9\
\xea+\x5c\xc6\xb3R]\x8c\x8d\xf1\xdb\xe1\xd3\xf4\xc7\x17\
g\x13c\xa5\xfbF\xc3\x16v\xfa[\xd0\x84\xb12e\
J\xad/\x91\xe2\xb5\xf1P\xc1M\xb2\xe5\xa0\xd1f\xe1\
\xf1j\x0f\x9dvk\xc9n\xd6\xb2\xba\xce\x87SQ\xde\
\x9c\x08\xcd\xe9\xba\xcc\xad\xa9\xdc\xebsq\xbf\xdf5\xe7\
\x0cvI\x92\x96\x95\xffG\x08\xf1\xb7\xe5^\x84QF\
)\xfd\xbc\xdc\x0b\x90$\xa9\xb4,\x8a\xa0\xd5nf\xbd\
\xd3f\x8cH\xf9\x0d'\xc2qz\xe3\xc9y5\x987\
\x09\x95\x0eG5\x9b\xbd\x0d\x98\x8a4|\x95\xeeN\x13\
\x0a\xeb\x5cul\xf64\xca\xe0\x954\xa3\x89L\x8c\xf7\
\xc7{\xb9\x9e\x0cWT\xf0J\x08\x81S\xb3\xd0\xe5\xaa\
-\xf7R\x0c%\xaf\xeb\x5c\x88\x8c0i\xd0^\x82\x95\
N\x15\x0a\x16\xc5\x84\xba\xcc\x83W0\xdd\xc0}\xb96\
\x1f\xb7\xab*;=\x0e\x9a\xe6\x99-^\x88\x0e\xf4'\
\xd3\xbc?\x15!1\x87\xe0\x95*\x04mv+\x1b\x5c\
6\x19\xbc\x92$\xc9\x101\x1bC\x04\xb0\x84\x10g\x80\
\x8f\xcb\xbd\x0eI\x92J\xcb\xab\xa9\xec\xf08\xf0\x98\x8c\
\xd0noZ^\xd7y}<\xccT&;\xaf\x1bb\
\xbf\xd9\xc1&w\x03-v?\xc2P\xa1\xb9\xca \x10\
4\xd8}l\xf5\xadf\x95M\xa6\xfcK\xc5%r\x19\
\xde\x1d\xeb\xe5Jl\x92L\xbe\xb2\x1a\x0d\x9b\x85J\x9b\
\xa3\x1a\xa7\xb6tef\x95`*\x13\xa7?>I,\
;s\x8f5i~\xac\xaa\x86IQW\xc4\x99)\x9e\
\xcb\x93\xccURX{vT!\xe8v\xd9\xe8\xb4[\
\xb1\x95\xb0\xa4=\x94\xcd\xf1\xf2\xe8\x14\xe1lnN\xd7\
>Uf\x8d\xb5N+\xb5f9qS\x92V\xb8\x8f\
o\xc4l\xca\xce\x10\x01\xac\x1b\x0c\x11\xd1\x93$\xa9t\
T!\xa8\xb5\x98\xd9\xedq\xa2\x1ah\xe7n$\x95\xe6\
@(6\xef\xd2\xc6\x06\x9b\x97\x1d\xfe\x16\x9c&ys\
:W^\x93\x8d{\xfc\xad\xb4;\xaaV\xc4M\x964\
?Y=\xcf\xc1\xc9+\x9c\x0b\x0f\x93\xc8\x95o\x9a\xe9\
|\xd9T3\x1b\xdc\xab\xca\xbd\x0c\xc39\x1b\x1ef2\
\x1d\xab\xa8l\xbaJbS\xcd+&;8\x96\xcb-\
\xbb\x0c,\x01\xd4[Ll\xf38\xa82\x97n\xe3/\
\x9d\xd7ym,\xc8`23\xa7\xa6\xf7&E\xd0\xe5\
\xb0\xb1\xd6a\xacLzI\x92\xca\xc20\xb1\x1a\x19\xc0\
\x92$iQ9U\x85\xcdn;\x0dVc\xed\xde}\
\x14\x8c2\x98L\x93\x9dO)\xa12\x9d]\xb1\xd3\xd7\
\xb2\xe4\x93\x9e*\x99YU\xd9\x1dhe\xad\xabn\xc5\
\xdcdIsw\xb3\xcc\xec\xa3\xc9\xcb\x842\x89r/\
g\xce\x14!\xf0\x98\xad\xb49\xaa\xca\xbd\x14CI\xe5\
\xb3\xf4\xc6F\x09e\x96g\xcf\x22#\xb0\xa9&L+\
\xa0|\x10\xa6K\x08\x93\xb3hB^Il\xaa\xc2\x03\
~\x17\x0d\x96\xd2\x95\x0efu\x9d\xa3\x91\x18G\xc3\xf1\
9\xb5N\x10@\xb3\xd5\xcc:\x87\x15\xa7*\xafs$\
I2N\xac\xc60G$!\xc4\x10\xf0r\xb9\xd7!\
IR\xe9y5\x95\x07\xfd\x1eT\xc58{x\xe9\x5c\
\x9e\xfd\xe3!\x82sL\xa7\xbf\xc9k\xb2\xd1\xedi\xa0\
\xd3Y-w&gAA\xd0\xe3m\xa6\xdb\xd3 \xcb\
\xaa\xa4\x19\x8d\xa5#\xbc:r\x9a\xa9te\x0eJ\xb0\
\xa9f\xd68\xeb0\xcb \xedg\x5c\x88\x8e2\x9e\x8c\
\x92\xd3\x97W\xd6\x8c\x91\xd8T\xd3\x8a\xd8\x1c\xc8\xe9:\
\xd1\x5c\x9e\xf42\xca\xc0R\x80=>\x17mv+\xe6\
\x12]+\xe5\xf5\xe9\x89\xd0\xbf\x19\x0d\xce\xb9\xef\xa7M\
UX\xef\xb4\xd1f\x97\xe7kI\x92x\xf9F\xac\xc6\
\x10\x0c\x13\xc0\xba\xc10\x91=I\x92J\xc7\xa4\x08Z\
lfz\x5c\x8er/\xe53\xfa\x12)\x8e,\xa0\x94\
\xb0\xde\xeaa_u'\x1e\xb3lD~7\xab\x1d~\
v\xf8VSmq\x95{)\x92\x81%r\x19\x9e\x1f\
<\xc6h2:\xa7R\x17#\xb1\xab&\xd6\xbb\xeb\xca\
\xbd\x0c\xc39\x13\x1a\xac\xc8\x8c\xbaJbS\xcc+\x22\
\x03+\x94\xcd\x91\x98\xe7\xe6\x93Q\xb5\xda-lu\xdb\
qk\xa5\xf9\xfb\xe9@$\x97\xe3\xdf\xaeO\x92\x9a\xc7\
5\xce\xba\x1b\xa5\x83\xb2q\xbb$I\x18,Fc\xb4\
\x00\xd6\xbf\x01\x95\xb9\xe5*I\xd2\x8c\x1c\x9a\xca\xfd~\
\x17\xce\x12]\x9c\x95\xca\xfbS\x11\x06S\xf3+%T\
\x84\xa0\xd9\xe6\xe7\x91\x9au(\xf2\x22\xaf(\xb7\xc9\xca\
\x03\xd5]4\xd9|\xe5^\x8ad`:\xf0\xe2\xf0\x09\
\x06\xe2\xc1\x8a\xcd\xd2\xd1\x84B\x95\xc5I\x83\x1cP\xf0\
\x19\x83\x89 C\xc9\x10\xa9|\xb6\xdcKY\xd6\xec\x9a\
yEd\xfe\x8529\x12\xcb(\xfb\xca\xae*<\x1c\
\xf0\x10(\xe1\xc0\x9bd.\xcf\xcb\xa3A\xc6R\x999\
\xffl\xad\xc5\xcc\x06\x97\x9d\x1a\x8b\xb1Z?H\x92T\
\x16q\xa6c4\x86a\xa8\x00\x96\x10\x22\x8d\xc1~A\
\x92$\x95\x86\x02\xf8M\x1a\x8f\x04\xdc\xe5^\xcag$\
sy\xde\x1c\x0f3\x91\x99\xdf\x8d\x95U5\xd1\xe5\xac\
a\xa7\xbf\xa5\xb4\x0b[&T!x\xa8f-\xad\x8e\
*\xd9/L\x9a\xd1[c\xe79\x13\x1a\x22]\xc1A\
\x0e\x87fa\xad\xabNN(\xfd\x9c\x93\xa1\x01\xc2\xb2\
\xf7\xd5\xa2s\xa8f\xcc\x8aq\xa6\xfe.\x96H.G\
b\x99L \x14B\xf0h\xc0C\xa3\xd5\x5c\xb2a7\
\xc9|\x9eC\xa1('#\xf19g\xa9i\x8a\xa0\xc7\
m\xa3\xc3n\x91G1I\x92\x00\xfe\xedF\x8c\xc60\
\x8cx7\xf1\x5c\xb9\x17 I\xd2\xe20+\x82\xcd.\
;\x9dvk\xb9\x97\xf2\x19}\x89\x14'\xc3\x09\x22\xd9\
\xdc\xbc~\xdek\xb6s\x8f\xbf\x8d\xd5v\x7f\x89WV\
\xf9\xf6\x04\xdaY\xef\xaa\xc3\xa6\x9a\xcb\xbd\x14\xc9\xc0N\
\x87\x86x\x7f\xec\x22\xc9\xdc\xdc\xb3\x05\x8c\xc4e\xb2\xb0\
\xce%\xcb\x07o\x17\xcd\xa6\xe8\x8d\x8e\x12\xab\xc0i\x92\
\x95\xc6\xa9Y\xb0\xa8\xcb?\x80\x15\xce\xe6H.\x93\x0c\
\xac\xcd.\x1b\x1b]6l%j\x94\x9e\xd1u.\xc7\
S\xbc1\x19\x9es\xdf+\x80\xb5\x0e\x1bk\x1c\xa5[\
\x8f$I\x15\xcfp\xc9E\x86;:\x09!\xf6\x03W\
\xca\xbd\x0eI\x92JO\x00\x0eU\xe5\x8b\xd5\x1e,\x8a\
q\x0e?9]\xe7\xe3`\x84\xfeyN%T\x10\xd4\
X\x5c<\x5c\xb3\x16\xbb&\x0357\xadq\xd5\xb2\xc3\
\xdf\x82\xd7d\x97;\xb9RA::\xd7\x93a~3\
|\x82X6]\xd1=ml\xaa\x99\xd5\xf6\x00^\x93\
\xbd\xdcK1\x943\xe1!B\x99$z\x85\xf64\xab\
\x14BL\x97\x10\xae\x98\x1eX\xcb \x80Um6\xf1\
`\xc0\x8dGSKr\x8e\xcc\xeb:\xd7\x93\x19^\x19\
\x0d\x12\xcf\xce\xfd\xf7\xe35it\xbbl\xd4[L\xf2\
\x9c-I\x12\xc0\x15!\xc4k\xe5^\xc4\xe7\x19\xe7\x0e\
\xf2\xb3d\x16\x96$-S\x8a\x80z\x8b\x99\xfb|N\
C] E\xb29>\x9c\x8a02\x8f~\x11\x00&\
Ee\xb5\xdd\xcf\x83\xd5]\x08\xd9\x0f\x8b\x1a\xab\x8b\x07\
k\xd6Pcq\xc9\xfe`RA:\x10\xce$\xf9\xe5\
\xc0\x11\xa62\x09\xf4\x8a\x0e_\x81[\xb3\xb0\xc6Y+\
\xbf\xef\xb7\xc9\xea9N\x86\x06\x88eS\xe5^\xca\xb2\
gW\xcdX\x15\xd3\xb2\xff\xfe\xe5u\x9dH6G*\
_\xd9\xc7\x0b\x8b\xa2\xf0\xe5j/5\xe6\xd2\xfc\xcdt\
`\x22\x93\xe5\xb5\xf1\x10c\x99\xb9_\xc7\x08!\xe8q\
\xdbi\xb3Ye\xe3vI\x92n2dL\xc6\xa8\x01\
\xac\x9f\x95{\x01\x92$-\x1e\x93\x22\xd8\xe3s\xd1`\
5N\x8f\x05\x1d\xb8\x92Hq\x22\x12'8\xcf~X\
v\xcdL\xb7\xa7\x91M\xeeU\xa5]\x5c\x85\xb1i&\
\xbeP\xb3\x8e&\x9b\x0fM\xf6\xbd\x92\x8aHd\xd3\xfc\
f\xf8$\xd7\x12\xc1\x8a\x9d8x\x93*\x14\x02\x16\x07\
\xad\x8e\xaar/\xc5P\xce\x85\xaf3\x92\x8c\x90\xad\xd0\
\xa6\xfc\x95\xc4\xa1YVD\x03\xf7H.O<\x97\xaf\
\xf8c\xc6C\x017\xedv\x0b\xa6\x12\x05\x8bB\x99\x1c\
\x1fNE\xb9\x14O2\x9f\xd8^\xbb\xcd\xc2:\x87\xad\
dS\x10%IZ\x16\x0c\x19\x931\xe4\x9d\x85\x10\xe2\
\x14\xf0a\xb9\xd7!I\xd2\xe2\x10\x80K3^)a\
&\xafs$\x14\xe3b<5\xaf\xdd]\x81\xc0k\xb2\
\xf1@u\x17\xd5\x16\xe7\x22\xac\xd0\xf8\x94\x1bM\xdb;\
\x9d5+\xa2\x99\xb04?\xc9\x5c\x86\xb7\xc6>\xe5\x5c\
\xf8z\xc5N\x1c\xbc\x9dK\xb3\xd2\xe6\xa8\xc6\xaa\xca\xa9\
]7\xe5u\x9d#S\xfd\xb2\xf7\xd5\x12qj\x16L\
+\xe0\x98\x1b\xaa\xf0\xfeW\x02\xe8v;\xd8\xeeq`\
-Q\x9f\xa9X.\xcf\xa9h\x9cc\xe1\x18\x99y\x04\
\xf6\x1c\xaa\xcaV\xb7\x83UV\x13\x8aQv\x15%I\
*\xb7\x0fo\xc4d\x0c\xc78w\x8ew2d\xc4O\
\x92\xa4\xd2\x10L\xef\xf8\xf5\xb8\xed%\xdb\x81,\x85p\
6\xc7\xc1P\x94\x81dj^\x05M\xaaP\xa8\xb7z\
x\xb4v\xfd\x8a\x0c\xe0\xec\xf4\xaff\x8b\xa7\x11\xbbf\
6Lv\x9dd,\xc9\x5c\x86\x03SW8<u\x95\
T\x05O\x1c\xbc\x9d\xd7lc\x8d\xb3V~\xe7os\
%6\xce`2H6?\xbf\xe1\x18\xd2\xdc8WH\
\x06\xd6t\x00\xab2\xb3\xaf\x04Pm1\xf1h\xc0\x8d\
\xbbD}\xafRy\x9d\x8b\xb1$\x1fNE\x88\xe5\xe6\
\x1e\xd8\x13\x02\xb6z\xec\xb4;,\x86\xdaP\x94$\xa9\
\xec\x0c\x1b\x8b1\xf2\x91\xea\xa7\xe5^\x80$I\x8b\xcb\
\xa4\x08\xee\xf3\xbb\xa8\xb1\x18\xa7o\x87\x0e\x0c$\xd3\x9c\
\x8c$\x18O\xcf\xef\xe6ZST\xd6\xbajy\xb0f\
e\xf5\xc3jwVso\xa0\x03\x8ffC\xc8[y\
\xa9\x80T>\xcb\xd9\xc8u>\x18\xbfDt\x99\xf4E\
\xb2\xa9&\x1a\xac\xde\x15\x9buY\xcc\x91`?\xb1\xec\
\xfc6\x02\xa4\xb9s\xaa\x96\x15\xb1i\x12\xcadI\xce\
#PSn\x02\xb0\xa9\x0a_\xaa\xf2Pk.M\x93\
\xf4\x9c\xaes-\x91\xe2\xfd\xa9\x08\x13\xf3\xbc^i\xb1\
Y\xd8\xe4\xb2\xe3-Q@M\x92\xa4e\xc3\xb0\xb1\x18\
\xc3\x06\xb0\x84\x10S\x18\xb4q\x98$I\xa5Sm6\
\xf1\x80\xdf\x8d\xc3@#\x9b\xd3y\x9d\xd3\xd18\xe7c\
\x09\xe2\xf3\xd9\xd1d\xfa\xa6v\x87\xaf\x85nO\x83a\
\x82s\x8b\xa9\xca\xe2\xe0\x91\x9au\xb2i\xbbTT&\
\x9f\xa3/>\xc1;c\x9f2\x95\x8e\x97{9%\xe3\
5\xd9iwV\xa3\xad\x80\xec\x97\xd9\x1aN\x86\xb8\x14\
\x1d#S\xc1\xa5^\x95\xc6i\xb2\xae\x8c\x0c\xacLe\
\x96\x10\x9a\x14\x85\xbd>\x17k\x1c\xb6\x92\x94\xe9\xe9\xc0\
P*\xc3\x87\xc1(\x03\xc9\xf9Mp\xb5\xa9\x0a\xdb=\
\x0e\xea-&Ty\xde\x96$\xe9\xdf=w#\x16c\
H\xc6\xb9c,\xcc\xb0\x91?I\x92JC\x00\xeb\x9c\
V69\xed\x86J_\x0fer\x1c\x0b\xc7\xe9K\xa4\
\xe6\xd5,V \xf0\x98\xac<T\xbd\x96\x06\xabwY\
\x07ul\x9a\x99Gj\xd6\xd1\xea\x08\xa0\xca\xa6\xedR\
\x01Y=\xcf`\x22\xc8;\xa3\x17\x18N\x84\xca\xbd\x9c\
\x92Q\x85\xa0\xca\xe2\xa0\xc5\x11(\xf7R\x0c\xe5\xe8T\
?\x91l\xb2\xe2'KV\x12\xd7\x0a\xc8\xc0\xd2\x81P\
\xae\xf2&\x10\x9a\x84`\x83\xd3\xc6N\xaf\x13s\x89\x9a\
L\x8d\xa63\x1c\x0cF\xe9\x8d'\xc9\xce\xe7\x1aE\xc0\
V\xb7\x83N\xbb\x15\xab\x81\xae\xbd$I2\x04C\xc7\
`\x0c}\xc4\x12B\xfc\x06\xe8/\xf7:$IZ\x5c\
VE\xe1\x1e\x9f\x93z\xab\xb1v\x01\x87\x93i\x8e\x87\
c\x0c\xa7\xe6>\x92\x1a\xa6\x83X\x0d6\x0f\x0f\xd7\xac\
\xc5kZ\x9eeu&Eeo\xa0\x9dM\x9e\x069\
qP*(\xaf\xeb\x8c&\xc3\xbc7\xde\xcb\xe5\xd8\xf8\
\xb2\x0ai\xb84+\xcdv?.\xcdR\xee\xa5\x18\xc6\
T:\xce\xe9\xf0\xb0\xcc\xbeZB\x82\xe9)\x84&\xb1\
\xbc3\xb0\xe2\xb9\x1c\xf1\x5c\x9e\x5c\x05M T\x85\xa0\
\xc1jf\x9f\xdf\x89\xb7D\x13\xfe\xa629\x8e\x87\xe3\
\x9c\x8e&\xe6]N\xd9d5\xd3\xe3\xb6\xe3\x91\xa5\x83\
\x92$}V\xff\x8d\x18\x8caU\xc2\xdd\x86\xa1#\x80\
\x92$\x95F\x9d\xc5\xc4n\x8f\xb3d\x8dMK!\xa3\
\xeb\x5c\x88%9\x15I\x10\xca\xce\xbf\x11\xf1Zw\x1d\
\xf7\x06:\xb0k\xcbkB\x99&\x14\xba=\x0d\xec\xf6\
\xb7bY\xe6;\xff\xd2\xfc\xe8\xe8L\xa4\xa3|<y\
\x99\xf3\x91\xe51q\xf0vU\x16'\x1d\x8e\x9ae\x19\
\x9c\x9e\xaf\x93\xa1A\x82\x99\xb8\xcc\xbeZBV\xd5\x84\
E\xd1\x96u\xa6/@0\x93#UA\xfd\xaf\x14!\
\x08\x985\xf6\xf9]4ZK\x13\xe4\x8e\xe6r\x9c\x89\
\xc69\x16\x8e\x13\x99\xe7u\x89]U\xb8\xc7\xeb\xa2N\
\x96\x0eJ\x92t'\xc3\xc7^*!\x80\xf5\x7f\xca\xbd\
\x00I\x92\x16\x9f\x0068m\xacs\xdaJ6Z\xba\
\x14\xa2\xb9<\xa7\xa3q>\x8d%I\xcf\xb3lA\x13\
\x0a\xdb}\xcdl\xf64.\x9b@\x8f*\x14\x9a\xed\x01\
\xf6Uu\xe21\xd9\xca\xbd\x1c\xc9\xa0\xa6\xd2q\x0eM\
]\xe5dh\x90\xf42\x9bFgSM4\xd8\xbc\xd4\
Z\xdd\xe5^\x8aa\xc4si\x8e\x06\xfb\xc9.\xb3@\
\xa5\xd1\xb9V\xc8\x04\xc2`\xb6r\xca\x07\x05\xe0\xd2T\
v{\x9d\xacs\xdaJ4q0Oo,\xc9\xe1P\
\x8c\xf1\xf4\xfc2\xc3\x01\xba]v\xba\x1c\xb2tP\x92\
\xa4\x82\x0c\x1f{1\xfc\x91K\x08q\x1ax\xa7\xdc\xeb\
\x90$i\xf1\xd9T\x85]\x1e\x07\x0d\x163\x9a\x81v\
\x05G\xd3\x19\x8e\x85c\x5cM\xce\x7f\xa2\x96C\xb3p\
o\xa0\x9d6g\x15\xa6\x0a\xbf\xd1P\x84\xa0\xca\xe2\xe4\
\xfe\xea\x0e\x1al\xder/G2\xa8`&\xc1\xb1\xe0\
5\x8eN\xf5\x13\xcb\xa6\xcb\xbd\x9c\x92\xab2;iu\
T\xad\x88\xc0\xc1l\xe4u\x9d\xf3\x91\xeb\x8c$\xc3\xe8\
\x15T\xe2\xb5\x1c\xb8L\xd6\x8a?\xaf\xcc\xc6t\x00\xab\
2\x82\xa36Ua\xb3\xcb\xceV\xb7\x1dS\x09\xaeg\
\xb2\xba\xce\x95x\x8a\x83\xc1\x18C\xa9\xf9\x1fO\x9bm\
\x16vz\x9d8\x0d\xb4Q(I\x92a\xbcs#\xf6\
bh\x95r\xf42|$P\x92\xa4\xd2Xe5\xb3\
\xdd\xe3\xc0g\xd2\x0cS\x94\x93\xd7\xa1?\x91\xe6X8\
\xce\xd8\x02v=k\xadn\xf6VuPguWl\
\xb3\xf3\xe9]e\x0b\xbb\xfc-\xacu\xd5\x95{9\x92\
AE\xb2IN\x85\x0694u\x95`&Q\xee\xe5\
\x94\x9c&\x14\xeal\x1e\x9a\xed\xfer/\xc50R\xf9\
\x0c\x9fL\x5c\xae\xa8\xfeD\xcb\x85\xd7d_6\xd9\xbd\
3\x99\xcad+b\x02\xa1EQ\xe8rX\xb9\xc7\xeb\
\xc4\xa9.<\xb0\x98\xd7u\xae%\xd3\x1c\x08\xc5\xb8\x92\
H1\xdf$4\xa7\xaa\xb2\xd7\xe7\xa4\xce,K\x07%\
I*\xa8\x22b.\x95r\x07\xf5\xff\x95{\x01\x92$\
-\x0d\x01lt\xd9\xd8\xe0\xb2\xe1(Q\xc3\xd3RH\
\xe5\xf3\x5c\x88%9\x19I\x10[@\x0f\x8e.g\x0d\
\xbb|-\xf8\xcc\xf6\x8a\xecWb\xd7\xccl\xf64\xb2\
\xc3\xb7\xbab\x83p\xd2\xe2\x8a\xe7\xd2\x9c\x0b_\xe7\xe0\
d\x1f\xe3\xa9h\xb9\x97\xb3(\xbcf\x1b\xcdv\x1fn\
\xcdZ\xee\xa5\x18BN\xcf\xd3\x17\x9f\xe0j|R\xf6\
\xbe*\x03\x8f\xc9\xb6\xec'\x10\xe6t\x9d`&k\xf8\
\x12BM\x08\x9a\xacf\xee\xf1\xba\xa86\x97\xe6or\
\xfd\xe6\xc4\xc1Xb^\x13\x07\x01\x14\x01[=v\xd6\
9l%\x9b\x84(I\xd2\xb2S\x111\x97\x8a\xb8\xfb\
\x10B$\x81\x1f\x96{\x1d\x92$-\x0d\xab\xa2\xb0\xdd\
\xed\xa0\xd5f1\xd4\x85V0\x93\xe5T$\xce\xa7\x0b\
\xb8\x88\x14\x08z\xbcM\xf4x\x9bpiV\xc3d\x99\
\xcd\x86E\xd5\xe8r\xd5\xb2\xb7\xaa\x03\x9bj.\xf7r\
$\x03J\xe62\x5c\x88\x8cp`\xf2\x0a\xc3\xc9P\xb9\
\x97\xb3(\x04Po\xf5\xd0j\xaf*\xf7R\x0c#\x9d\
\xcfqp\xf2\xaa\xcc\xbe*\x93\x95\x10\xc0\x8a\xe7\xf2D\
\xb2\xb9y\x9f{\x97\x82\x22\xa0\xc6bb\x87\xd7A\x9b\
\xbd4M\xdb'\xd2Y\x0e\x87b\x9c\x8b%I. \
x\xd7b\xb3p\xaf\xcfe\xa8\x1e\xa3\x92$\x19\xca\x0f\
o\xc4\x5c\x0c\xaf\x92\x8eb\x15\x11\x11\x94$\xa94\xea\
,&\xb6\xb9\x1d\xd4\x9aM\x86\xcaT\x1aNe8\x1c\
\x8aq-\x99\x9ew\x9e\x81E5\xb1'\xd0\xc6F\xcf\
*\xecZe\x04\x82L\x8aJ\xb3\xcd\xcf\xde@\x07~\
\xb3\xa3\xdc\xcb\x91\x0c(\x9d\xcfr)6\xce'\x93W\
\xb8\x1a\x9f,\xf7r\x16\x8d]3\xd3`\xf3Rmq\
\x96{)\x86\x90\xd3\xf3\x8c\xa4\xc2\x5c\x88\x8e\x94{)\
+\x92\x22\x04n\x93m\xd9\xf7b\x1bOg\x17\x14\xc0\
Yl\x02\xf0\x9b4\xb6\xb9\x1dt\xbb\xec%\xd9\x9c\x0a\
es\x1c\x09\xc78\x15I\x10]\xc0$d\xb7\xa6\xf2\
P\xc0\x83\xcf@S\x9e%I2\x9c\x8a\x89\xb5TL\
\x00K\x08\xf1\x1e\xd0W\xeeuH\x92\xb4t\xd6:\xad\
lr\xd9qk\xc69T\xe5u\x9d\xfeD\x9a\x03\xc1\
(\x93\x99\xec\xbc_\xc7\xa5Y\xb97\xd0N\x97\xb3\x06\
\xabj\xec\x9dsU(\xd4Z\x5c\xec\x0e\xb4\xb2Z\xf6\
\xfc\x91\x0a\xc8\xe89\xae\xc6'\xf9d\xf22\x97c\xe3\
\xe5^\xce\xa2\xaa\xb7zhq\x04d\x09\xed\x0d\xa9|\
\x96CSWI\xe5\xe6\x7f<\x94\xe6\xcf\xaaj8T\
\xd3\xb2\xff>\x8ee2\x86n\xe0\xee\xd6T6\xbb\x1c\
\xec\xf08J\xd2\xb4=\x9e\xcbs\x22\x1c\xe7X8\xce\
\xd4\x02\xae5\xcc\x8a`\x87\xc7I\xa7\xddj\xa8\xcd@\
I\x92\x0c\xa5\xefF\xac\xa5\x22T\xda\xd9\xee\xff-\xf7\
\x02$IZ:\x9a\x10\xf4\xb8\x8d7\xee9y\xdb(\
\xeb\xf8\x02\xfaa\xd5X\x5c\xec\xa9j\xa7\xd5n\xdcI\
f\x02\x81\xd7lc\xab\xaf\x99M\xee\x86r/G2\
\xa0\x9c\x9eg0\x11\xe4\xa3\x89\xcb\x5c\x88\x8c\x927p\
\x89\xcfB\x99\x14\x95\x06\x9b\x97UV9}\x13\xa6\xff\
\xf6c\xa9(\xa7B\x83\xe5^\xca\x8a\xe5\xd1\xec\xcb\xbe\
|\x10`\x22\x933l\x06\x96]UX\xef\xb4\xb1\xcb\
\xeb\xc0^\x82\x12\xbdT>\xcf\xd9h\x82C\xe1\xd8\x82\
\x06\xc7\xa8B\xd0f\xb7\xf2\x80\xdf\x85*cW\x92$\
\x15WQ1\x16\xe3\xdc\x11\xce\xce\xb3\xe5^\x80$I\
K\xcbg\xd2\xd8\xeav\xd0d3\x1bjjN(\x9b\
\xe3D8\xce\xd9\xe8\xfc\xfba\x01\xb4\xda\xab\xd8\x1dh\
\xa5\xc1\xe6E3\xe0\x0e\xbaC3\xb3\xd1\xbd\x8a\x9d\xbe\
\x16\xb9{+\xdd!\xaf\xeb\x8c$\xc3|<q\x99\xf3\
\x91\xeb\xe4t\xe3fH\x94B\x95\xd9I\xb3\xdd\x8f]\
\xf6\x80\x03 \x91\xcbpd\xea*\xf1l\xba\xdcKY\
\xb1|f;&a\xcc\x0d\x90R\xd1\x81\x89L\xd6\x90\
\x19X\x16E\xd0\xe5\xb0\xb2\xcb\xeb\xc4oZx 1\
\xa3\xeb\x5c\x8c\xa7\xf80\x18\xe1zj\xfe\xff\xaf\x14\x01\
Uf\x13\x8fUy\xb0\xc9\xbeW\x92$\xcd\xac\xa2b\
,\x15uD\x13B\x8c\x01?-\xf7:$IZZ\
m6+\x9b]v\x02f\xcdP\xfd\x1b\xc63\x19>\
\x0eF\xb9\x96\x98\x7f?,\x80\xf5\xeezv\xf8WS\
mq\x19*HdQ5\xd6\xb8j\xb97\xd0\x8eU\
5\x95{9\x92\xc1\xe4u\x9d\xb1t\x84\xf7'.r\
:4D&?\xff\x1e-\x95@\x11\x82f\xbb\x8fF\
\x9b\xaf\xdcK1\x84\x9c\x9eg<\x1d\xe5Dh\xa0\xdc\
KY\xd1VB\x03\xf7D.O(\x93%c\xb0\x0c\
,M\x08Zl\x16v{\x9d4Z\x17\x1e\xd4\xce\xdd\
hQ\xf0\xf6d\x98\xc1d\x86\xf9\xee\x8d\x09\xc0\xa9\xaa\
\xec\xf59i*\xc1\xba$IZ\xd6~z#\xc6R\
1**\x80uCEE\x08%IZ8E\xc0\x16\
\xb7\x9d\xcd.;v\xd58;\xcdy\x1d\x86R\xd3\x17\
\x9bS\xe9\xf9\xf7\xa8\x10\x08\xb6z\x9a\xd9\xe6k\xc6k\
\xb2#\x0c\x10\xa6\xd3\x84B\x9b\xbd\x8a=\x81v\xd9\xb4\
]\xba\x83\x8e\xceT&\xce\xfb\xe3\x179\x15\x1a\x22\x95\
_\xfe\xfd\x8f\xdc\x9a\x95f\xbb_\xfe\x7f\xb8!\x9eK\
s<x\x8d\x98\xcc\xbe*+\x9f\xc9\x8e\xc9\xa0%\xe8\
\xa52\x9e\xc9\x92Z@\xb9\xfebP\x84\xa0\xdebb\
\x87\xc7I\xbbm\xe1\x13\x07\xf3\xfa\xf4\x90\x98\xfd\xe3!\
\xae%\xd2\x0b*\xc56+\x0a\xeb\x9c6vy\xe4\xa0\
\x09I\x92\xee\xaa\xe2b+\x15\x17\xc0\x12B\xfc\x0e\xb8\
X\xeeuH\x92\xb4\xb4\xac\x8aB\x8f\xdb\xceZ\xa7\x15\
\xcd@YJ\x99\xbcN_\x22\xc5{S\x11\x92\x0b(\
o\xd0\x14\x95\x9d\xfe\x16z\xbc\x8d8\xca<\x99P\x11\
\x82U6/;\x03-\xb2i\xbbt\x07\x1d\x08e\x12\
\xbc;v\x81\x13\xc1A\x92\xb9\xf9\xf7h\xa9\x14\x02h\
q\x04h\xb2\xfb\x0d\x10^.\xbf\xbc\xae3\x99\x8eq\
\x22(\xb3\xaf\xca\xcd\xb3\x22&\x10fH\x19(\xfbJ\
\x00U&\x8d\xdd^'\x9b\x5cv\xc4\x02\xafIt\xa6\
3\xba_\x1d\x0b\xd1\x9fH\x91[@\xf0J\x15\x82\x06\
\xab\x99/\x04<(\xf2`%I\xd2\xcc.\xde\x88\xad\
T\x94\x8a\x0b`\xdd\xf0\xbf\xcb\xbd\x00I\x92\x96^\x8d\
\xd9\xc4V\xb7\x9d\xd56\xb3\xa1n\x22\xe3\xb9<'#\
q\x0e\x85b\x0b\xea\x87eW\xcd\xec\x0e\xb4\xb1\xc9\xd3\
P\xb6\x92\x10\xc1\xf4\x8e\xfeVo\x13\x1b\x5c\xab\xca\xb2\
\x06\xc9\xd8\xa2\xd9$o\x8d~\xca\xf1\xe0\x00\x89\xdc\xca\
\xc8\xbe\xb1\xa8&Z\xec\x01j-\xaer/\xc5\x10\xa2\
\xd9$'\x82\x03D\xb2\xa9r/eES\x84\xc0m\
\xb2\xa1-\xf3\x1eXc\xe9,)\x83\x0c\x87\x10\x80G\
S\xd9\xedu\xd2\xe3v\x94\xa49z$\x9b\xe3\xb7c\
A\xae$\x92d\x16\xf09\x05\x100i<R\xe5\xc6\
cZ\xde\xdf\x09I\x92J\xa2\x22c*\x95\x1a\xc0\xfa\
\x97r/@\x92\xa4\xf2\xe8t\xd8\xd8\xeaq\xe0+A\
\xb3\xd4R\x0ags\xbc7\x19\xa67\x96\x5cP?,\
\x9f\xc9\xce\x9e@\x1b\x1b<\xf5e\x19\x8bnW\xcdl\
\xf56\xb1\xc3/\x9b\xb6KwJ\xe63\xbc5\xfa)\
'\x82\x03\xc4WH\xf0\x0a\xa0\xc5\xe1\xa7\xd1\xee+\xcb\
\xffI\xa3\x99\xce\xbe\x8as4x\xad\xdcKY\xf1\x9c\
\xaa\x05\x9b\xaa-\xfbc\xf5X:C\xdaa'i\xcb\
\x00\x00 \x00IDAT \x0d\xdcm\xaa\xcan\x9f\
\x8b\xed\x1e\x07\xe6\x12\xa48%\xf3:\xaf\x8c\x05\xe9\x8d\
%I/0\xcb\xcc\xa5\xa9\xec\xf08\xe8\xb2[\x17\xbc\
.I\x92V\x84\x8a\x8c\xa9T\xe4\x95\x98\x10b\x08\xf8\
y\xb9\xd7!I\xd2\xd2S\x80M.;\xdb\xbd\xa5\xb9\
x,\xa5P6\xc7+cA&2\x0b\xeb\x07To\
\xf5p_U\x07k\xdduK\xda\x0fK\x13\x0a\xdd\xde\
FvW\xb5aY\xe6M\x81\xa5\xb9\xcb\xe4s\xbc1\
z\x9ec\xc1k\xc4VP\xf0JU\x04m\x8ej\xea\
\xad\x9er/\xc5\x10\x22\xd9$\xa7\xc3CDe\xf6U\
\xd9\xf9,\xcb\x7f\x02a&\xaf3\x99\xc9-8\xb8S\
\x0a&Ea\x97\xd7\xc1\x0e\x8f\x03{\x09&\xfbe\xf3\
:/\x8fMq:\x92Xp\x89\xa4EQ\xe8tX\
\xb9\xcf/\xb3D%I\x9a\x95\x9f\xdf\x88\xa9T\x9c\x8a\
\x0c`\xdd\xf0\xcf\xe5^\x80$I\xe5aW\x14\xb6\xb8\
\xa6\x9b\xba\x1bI^\x9f.u\xf8\xe5\xf0\xc4\x82w\x8b\
\x9bm~\xf6\x05:\xe8pV\x97huw\xb7\xd6]\
\xc7.\x7f\x0b\x1e\xcd\xb6d\xef)U\x86\xbc\x9e\xe7\xb5\
\x91\xb3\x1c\x9a\xbc\xba\xe2\x02\x17\x8d\xd6\xe9\xc9\x832\xa8\
;\xdd\xbc\x7f2\x1d\xe3h\xb0\xbf\xdcK\x91\x80\x80\xd9\
\xb1\x02\x1a\xb8gH\x19 \xfbJ\x08\xc1\x0e\x8f\x83\xdd\
\x1e'\x1em\xe1\xbfs\x1dxe<\xc4\xb1P|\xc1\
\x9fO\x11\x82F\x9b\x99/Vy\x0c\xd5#T\x92$\
C\xfb\xe7r/`\xbe*6\x80%\x84x\x158W\
\xeeuH\x92T\x1e\xd5f\x13[=\x0e\xda\x0d\x96*\
\x9f\xd3u\xfa\x93i^\x18\x0d.\xa8\x94\x10\xa0\xd5Y\
\xc5\xbe\xea\x8e%i\xa4\xde\xea\xa8b\xb7\xbf\x95\x06\x9b\
w\xd1\xdfK\xaa,y]\xe7w#g92u\x95\
\xd8\x0a\x0b^\x01t\xbajX%\xb3\xaf\x00\x08g\x92\
\x9c\x8d\x5c'\x92I\x96{)\x12\x100;\x97}\x03\
\xf7\x91T\x96L\x99\xb3\xaf\x84\x10lw\xdb\xd9\xe3u\
\xe27\x97&\x90\xfd\xfax\x98C\xc1hI\x82su\
\x16\x13\x8f\xf8\xddx\x0d\xd6ZA\x92$\xc3:w#\
\x96R\x91*6\x80u\xc3\x8f\xca\xbd\x00I\x92\xcaC\
\x00\xad6\x0b\xbb\xbdN\xfc\x06\xbbhK\xe7uN\x86\
\xe3\xbc?\x19Y\xd0\xeb(\x08:\x9d\xb5<X\xbdf\
Q\x03KUf';\xfd-t8k\x96\xb4dQ\
2\xbe\xbc\xae\xf3\xc6\xe8y\x0eO\xad\xbc\xcc+\x80\x1a\
\x8b\x8bf\x9b\xbf\xec\x93A\x8d@Gg<\x1d\xe5x\
\xf0\xda\x82\x83\xf3RiTY\x9c\x98\x96yf\xe0X\
:[\xf6\xf2\xc1\x8dN\x1b{|.j,\xa6\x05\x9f\
!u\xe0\xed\xc90\xefO\x85\x174\xb9\xf8\xa6\x80Y\
c\x97\xd7I\x9b\xdd\x22\xcf\xde\x92$\xcdVE\xc7P\
\x96C\x00k\xf9\xcf\xef\x96$\xa9 M\x08\xd6\xde\xe8\
\xf9`-A?\x8aRJ\xe5\xf3\xbc5\x19\xe6t4\
\xceB.Q5\xa1\xb0\xc6U\xcb\x83\xd5]\xd4XK\
\xdf\xdb\xc2\xae\x9a\xd8\x15ha\x83\xbb\x1eM6\xa8\x96\
n\x93G\xe7\xb5\xd13|2y\x99H&\xb5\x22\x83\
\x16]\xae\x1aj\xadn\x19\xd8\x05B\x99$\x9fFF\
\x08\xa6\x13\xe5^\x8a\x04\x08\xb12J\x08\xc7\xd2\x19\xd2\
z\xf9J\x08;\x1dV\xee\xf3\xb9Xe1-\xf8\xa6\
)\xa7\xeb\x1c\x0cEyk\x22L\x22\xb7\xf0\xcf\xe4P\
\x156\xb8\xeclw;Pe\xe9\xa0$I\xb3\x93A\
\x06\xb0\xcaG\x08\x11\x06~X\xeeuH\x92T>V\
Ua\xbd\xd3\xc6.\x8f\x03a\xa0\x0b8\x1d\x88es\
\xbc8\x12d \x91b!\x1b\xc8&Ee\xad\xab\x8e\
\x07\xab\xbb\xf0\x99K\xd7\xf7KS\x14v\xfa[\xd9\xec\
i\xc4\xa6\xca\x0c\x13\xe9\xdf\xe5u\x9d\xd7G\xceqh\
\xf2\xea\x8d\xe0\xd5\xca\x0b_yLV\xda\x1cUxM\
\xb2'\x9c\x8e\xceX*\xc2\xc9\xd0\xc0\x8a\xfc.\x18\x91\
\xd7d\xc3\xaa\x98P\x96qp5\xaf\xc3x\xa6|%\
\x84-v\x0b\x0f\x05\xdc4\xdb\xcc\x0b\x0e\x10eu\x9d\
\xa3\xa18\xaf\x8e\x85J\x12\xbc\xd2\x84\xa0\xc3a\xe5^\
\xaf\x13\x8b\xc1\x06\xdaH\x92dh?\xbc\x11C\xa9X\
\x15\x1d\xc0\xbaA\x06\xb0$i\x05\x13\x80OS\xd9\xe2\
v\xb0\xd1i\xac\x1bM\x1d\x08f\xb2\xbc0:\xc5d\
6\xbb\xa0\xdb>\xabjb\xbd\xab\x9e\x07\xab\xbbpi\
\x96\x05\xafM\x08A\xb7\xa7\x91\x1eo\x13^\x93}\x19\
\xdf\x02Is\x95\xd7u^\x1f=\xc7\x81\xc9++6\
x\x05\xb0\xc6UG\x9d\xd5\x83*3\x13\x09e\x92\xf4\
FG\x99L\xc7\xcb\xbd\x14\xe9\x86*\xb3s\xd9g_\
Md\xb2$r\xf9\xb2\x1c\x81\x9a\xacf\x1e\x09xh\
\xb1Y\x16\xdc\x18=\xa3\xeb\x9c\x8c$\xf8\xddD\x90h\
6\xb7\xe0\xb5\x09\xa6\x83k{}.|\x06k\xa1 \
I\x92\xe1U|\xec\xa4\xe2\xaf\xca\x84\x10\xc7\x81\xdf\x96\
{\x1d\x92$\x95\x8f\x22\x04u\x16\x13\xbb\xbcN\x1a\xad\
\xc6\xca$\xd2\x81\xc1d\x86\x97G\xa7\x08/0\x88e\
\xd7\xccl\xf24\xf0`\xcd\x1a\xec\xaaiA\xeb\xeap\
T\xb3\xc3\xb7\x9aZ\xab\x1b\xc5@\x99kRye\xf5\
<\xbf\xbb~\x9aO&Vv\xf0\xca\xae\x9a\xe9r\xd5\
\xe07;\xca\xbd\x94\xb2\xd3\xd1\x19I\x869\x13\x1e\x22\
\xaf\xaf\xcc\xef\x83\x11UY\x5c\xcb>\x805\x9cJ/\
x\xa2\xef|\xd4Y\xcc<R\xe5\xa1\xcdf\xc1\xb4\xc0\
\xf3c:\xafs6\x9a\xe0\xb5\xf1 \xa1\xcc\xc2\x83W\
\x00\xab\xacfvy\xa6\xafw*\xfeFN\x92\xa4\xa5\
\xf4\xdb\x1b\xb1\x93\x8a\xb6\x5c\x8e{\xffT\xee\x05H\x92\
T^&!h\xb1\x99\xd9\xebs\xe12\xd8\x8edN\
\xd7\xb9\x10K\xf2\xd6D\x84\xf8\x02J\x07\x04\x02\xa7f\
\xa1\xdb\xd3\xc8\xbe\xea.,\xea\xfc>g\x8d\xc5\xc5\xee\
@+\xcdv\xbf\xec{%\xdd\x92\xceg\xd9?r\x96\
\x83SW\x89f\x93+6x\x05\xd3\xbd\xaf\xea,\x1e\
\xf9\xff\x03\x98J\xc7\xb9\x10\x1da<\x15+\xf7R\xa4\
\xdbT\x99\x9d\x98\x96\xf9\xf7s0\x95!\xb3\xc4A\xd3\
*\xb3\xc6\x17\xaa\xdct\xd8-\x98\x17X\x9a\x97\xca\xe7\
9\x1d\x8d\xf3\xdax\x88\x89t\xb6$\xeb\xf3\x9b4z\
\xdc\x0e\xd6:\xad\x0b\x0e\xaeI\x92\xb4\xe2,\x8b\x98\xc9\
\xb28\xf3\x09!^\x04N\x97{\x1d\x92$\x95\x97E\
Q\xe8rX\xb9\xcf\xeb\xc4\xac\x18\xeb\xf0\x96\xce\xeb\x1c\
\x0f\xc79\x18\x8c.8\x88\xe5\xd6\xacl\xf56q\x7f\
U'\x969N\xa0rhf\xf6\x04\xda\xe8p\xd4\xcc\
\xf9g\xa5\xe5+\x99\xcb\xf0\xd6\xd8\xa7\x1c\x9c\xec#\x9a\
]\x99\x0d\xdbo\xb2\xa8\x1a\xeb\x5c\xf5\xf8K\xd8o\xae\
R\xe5u\x9d\xc1D\x88\xb3\xe1arel\xa4-\xdd\
\xa9\xda\xe2D[\xe6\x19XC\xc9\xf4\x92N \x0c\x98\
5\xbeX\xe5\xa1\xcba\xc5\xb2\xc0k\x88d>\xcf\xd9\
h\x827'\xc2\x8c\xa5J3o\xca\xa1*lr\xd9\
\xd9\xe2\xb6c3\xd85\x8e$I\x86w\xfaF\xcc\xa4\
\xe2-\xa7\xa3\xdf?\x96{\x01\x92$\x95\x97\x00\x9c\x9a\
\xcaf\x97\x9d\x9d^\xa7\xa1\x9a\xba\x03\xc4r9>\x0a\
F9\x15\x89\x93X@Y\x84\x22\x04^\x93\x9d\xed\xbe\
\xd5\xec\xab\xee\xc0<\xcb\x9b\x18M(\xec\xf2\xb5\xb2\xc1\
\xbd\x0a\xbb\xb6\xb0\x12Di\xf9\x88\xe5\xd2\xbc=v\x81\
\x037\x82W+]\xbb\xa3\x9aU6\x0f&\x19\xe0e\
\x22\x1d\xe3BtD\xf6\xbe2\x18\xb3\xa2\xe15\xdb\x97\
u\x86`,\x97g2\x9d%\xb7D\x19X^\x93\xc6\
\x17\xaa<\xacu\xda\xb0\x96 xu.:\x9du=\
\x9a\xca\x94dC\xc0\xa4\x08\xd6:ml\xf78\xf0h\
\xcb;p)I\xd2\xa2X6\xb1\x92\xe5t\xe6\xfbG\
 X\xeeEH\x92T^\x0a\xe05\xa9\xec\xf08\xd8\
`\xb0\xa6\xee\x00S\x99,\xefOE\xe8\x8d%I-\
`g\xf9f\x10k\x87\xaf\x85}\xd5\x9dw\x0db\x09\
\x01[\xbc\x8d\xf4\xf8\x9a\xf0\x98l\x08\xd9\xb6}\xc5\xd3\
\x81p6\xc9;c\x1788\xd9G$\x93,\xf7\x92\
\xcaNS\x146\xba\xeb\xf1\xc9\xc1\x06\xff?{\xf7\x15\
$Y~\xddw\xfe\xfb\xbf.\xf3\xa6\xcf2\xed\xfd\xf4\
L\x8f\x01f\xa6\xc7[\x18\x12\x80\xc8\x15EJ\x5cr\
%\xeaa\xcd\xc3\xc6\xc6n\xac6b_V\xa1\x95\xb4\
K\x91\x04\x9d(K\x8a\x94B\xbb!)6D\x11\x12\
\x09\x92\x00I\x91\x10I\x0c\xc6\x9b\xc6\xb86\xd3\xbe\xbb\
\xdaTu\xd9\xf47\xf3\xda\xff>T5\x08\x82c\xba\
\xbb\xcc\xbd\x99y>\x11\x13\x83\x19 \x90\xbf\xa9\xca\xb9\
7\xf3\xdcs\xce\x9fX'\x5c\xf1V8\xd3\x99\x97\xee\
\xab\x8c\xa9;.y\xc3\x1a\xe9\xeb\xf8|\x102H\xb6\
f\x81{\xd5\xb2\xf8\xe2T\x85\xfbK\xee\xba;\xaf\xfa\
\xf1j\xe7\xd5\x0b+mn\xf8\xc1\x86\xe4W\xc0\xe1B\
\x9e'\xaa%\xb69\xd6\x08\xff\xd6\x85\x10\x9b\xa4\x89\x14\
\xb0\xb2G)\x15\x02\xff2\xed\x1cB\x88\xf4\x99J\xb1\
\xdd\xb1x\xae^b\x9f\xbb\xfe\x13\xfb6\xda\x0d?\xe4\
[+\x1d.\xf5\xfdu\x8dG\xdc,b=Y?\xc0\
\xf3S\x1f\xdf\x89u\xb8\xb8\x8d''\x0e2\x9d+\xcb\
\xd2v\x81F\xd3\x08<^X<\xc3\xb1\x95\xcbt\x22\
)^\x01\xec/L\xb2\xa70q\xc7\xfb\xe5F\xc9\xa2\
\xdf\xe5\x5cw\x9ef(\xddWY3\x9d+\x8ft\xf7\
\x15\xc0\xb5A\xb0%\xfb\xaf\xca\x96\xc9\x17\xa6*<X\
.\x907\x8cu\x15\x87\xbc8\xe1\x83n\x9f\x17W:\
\xcc\x0e6\xa6x\x05\xb0\xd7\xcd\xf1X\xb5\xc8\xde\xbc\x83\
)\xf7o!\xc4\xed\xfb\x97k\xb5\x92\x910jw?\
)`\x09!\x00\xb0\x94b_>\xc7g'\xb2y\xcc\
\xf4\x95\xbe\xcfK+m\xae\xf9\x01\xd1:>\xa4\x1bJ\
Qs\x0a<5q\x88\xe7\xa6\x0e\x7f\xe8\xa9T\xdbr\
e\x9e\x9d:\xc4n\xb76\xf2_z\xc4'K\xb4f\
\xd1\xef\xf2\xad\xa5\xb3|\xbbq\x85\x8e\x8c\x0d\x02\xab\xff\
.=T\xdd\xbd\xd6}5\xde_\x12C\x1ds\xc9[\
\xe2|oQN\x1e\xcc\xa0q\xd8\x7fum\xb0\xbe{\
\xe3'Q@\xd5\xb6\xf8\xe2d\x85\x87+\xeb/^\xf5\
\xe2\x84\x93\xdd>/5\xba\x5c\xdf\xc0\xe2\xd56\xc7\xe6\
\xb1J\x91\xc3\x85\xfc\xba\x97\xca\x0b!\xc6\xd6H\xd5H\
F\xea\x9b\x8cRj\x06\xf8wi\xe7\x10Bd\x83c\
(\x8e\x14]\x9e\xaf\x97\xd7\xbd\xd3b\xa3i\xe0\xbc\xe7\
\xf3J\xa3\xc3\x9c\x1f\xae\xebK\xa2BQs\x5c\x9e\x99\
<\xc4\xd3\x13\x87\xb0\xbf\xeb\x9f\xb5l\xe5xn\xea.\
\xee*N\xe3\xc8N\x9f\xb1\x17\xeb\x84y\xbf\xcd\x8b\x8b\
gy\xbbq\x95^\x14\xa4\x1d)3\xf6\xb85\x0e\x14\
&\xc9K\xf7\x15\x0b\x83\x0e\xe7\xbb\x8b\xb4d\xac4\x93\
\xb69e\xcc\x11~\x18\x11%\x9a\x1b~\xb8i\x05\xac\
\x9b\xc5\xab\xef\x9b\xa8\xf0h\xb5\x88\xbb\xce\xe2U7N\
8\xd1\xed\xf3J\xa3\xc3\xb5\xc1\xc6\x1d\x82Q\xb5L\x8e\
V\x8b\xdc_v)\x9a\xa3\xfb\xfb\x16Bl\xaa\x7f\xb7\
V#\x19\x19\xa3x5\xfc\xb5\xb4\x03\x08!\xb2#g\
(\x1e\xa9\x16x\xaaV\xc2\xca\xd8\xd3\xcbXk>\xe8\
\xf6y\xbd\xd9e>\x88X\xcfaK\x0aE\xd5vy\
~\xea0ON\x1c\xc41Ll\xc3\xe4\xf1\x89\x03<\
X\xddC\xdet6.\xb8\x18J\x91N\x98\x1d\xb4x\
i\xe9\x1c\xef\xb6\xae\xd1\x8f\xa5xu\x93\xa1\x14Gk\
{\xa9;\xd2}\x15$\x11\x17z\x8b\x5c\xea-\xa3\xa5\
\xfb*s\x0c\xa5\x98\xceWF\xba\x9bv%\x8c\xe8F\
\xf1\xba\xee\x89\x1f\xc5\x00\xea\xb6\xc5\xe7&+<^-\
\xae{\xe7U'\x8e9\xde\xf1x\xb5\xd1\xe1\xda\x06v\
^\xb9\xa6\xc1\x83\x95\x02\x0f\x97\x0b\xd4di\xbb\x10\xe2\
\xce\x8d\x5cmd\xe4\x1e3*\xa5\xde\xd0Z\xff!\xf0\
\x03ig\x11B\xa4O\x01E\xd3\xe4\xb9z\x99n\x1c\
\xf3v\xdb\xcb\xd4HL\x90h\x8ew<\x1c\xa5x\xba\
^b\xda\xb1\xef\xf8\xeb\xb3BQw\x0a|n\xfa\x08\
\xb1\xd6\xc4$<9q\x90\xa2\xe5\x8c\xf9Wr\x11\xea\
\x98\xeb\xfd&\xaf._\xe4Dk\x96 \x89\xd2\x8e\x94\
);\xf3U\x0e\x97\xb6\x913\xe5t\xce\xb9A\x9b\xf3\
\xddE:a?\xed(\xe2C\x94\xac\x1cU;?\xd2\
\x1dX\xd7\xfcpS\xf6_\x19\x0a&l\x9b\xe7\xeae\
\x9e\xac\x14\xb1\xd7\xf9P\xab\x1d\xc5\x1c\xef\xf6y\xa3\xd9\
ev\xb0q\x0f\x04l\xa5\xb8\xbf\xe4\xf2X\xa5\xc8\x94\
3r_\xd5\x84\x10[\xe7\x0f\x95Ro\xa4\x1db\xa3\
\x8d\xeaU\xf1W\x91\x02\x96\x10b\xcd\xea\xb8\x80\xc9\xe7\
'+t\xe2\x98s\xbd\xc1\xa6<\xd9\xbdS^\x9c\xf0\
n\xc7\xc36\x14O\xd6JL\xaesgW\xcdv\xf9\
\xfc\xf4=$h\xd9\xe7#\x08\x92\x98+\xfd\x15^[\
\xbe\xc8\xa9\xf6\x1ca\x12\xa7\x1d)S\x0c\xa5x\xb4\xbe\
\x8f\x9a]`}\x83D\xc3\xcfO\x22\xcew\x17\xb8\xea\
\xadl\xc9\xe9o\xe2\xf6\xed\xc8W\xb1\xd5hw\xe4\x5c\
\x1d\xf8\xc4\x1b\x5c\xc02\x94b\xd2\xb6x\xa6^\xe2\x89\
\xea\xfa\x8bW\xad(\xe6\xfd\x8e\xc7\x9b\xad\x1es\x1bX\
\xbc2\x94\xe2p1\xcf\x93\xb5\x12;rw\xfe@K\
\x08!X\xad\x89\x8c\x9c\x91,`)\xa5\xbe\xae\xb5>\
\x06<\x96v\x16!D6(`\xbbc\xf3\x85\xc9\x0a\
\xfdXsm\x10d\xaa\x13\xab\x13\xc5\xbc\xdd\xeaa+\
\xc5c\xd5\x12u{}_P&\x9c\xe2\x06%\x13\xc3\
l\x90D\x5c\xee-\xf1\xfa\xca%>h\xdf \xd6I\
\xda\x912g[\xbe\xcc\x91\xf2v\xd9}\x05\x5c\xef7\
\xb9\xd0[\x92\xc5\xfe\x19\xb6+_\x1d\xe9\xee+\xcd\xea\
\x02\xf7x\x03o\xcf\xa6RL9\x16O\xd5J<Y\
-\xad{\x19z3\x8cy\xb7\xd3\xe3\xadf\x8f\xf9`\
c\x0f\xf6\xda\xe7:<[/\xb17''\x0e\x0a!\
\xd6\xe5\x98R\xea\xebi\x87\xd8\x0c\xa3{\x07\x1c\xd1\x8a\
\xa3\x10b}\x0e\xbay>7Qf\x9bc\x91\xb1\x95\
X4\xa3\x98c\xed\x1e\xefvz\xb4#\xe9\x92\x11\xeb\
\xd3\x8f\x03\xceu\xe6yi\xe9<\xa7\xdasR\xbc\xfa\
\x10J)\x1e\xaf\xef\xa7j\xbbc\xdf\xa9\xd8\x8fC\xce\
t\xe6\xb9\xdeo\xa4\x1dE|\x8c\x9d\xf9\xeaH\xef\xbf\
\xf2\xe2\x98\xe5 \xda\xb0\x0e,K)\xb6\xe7l\x9e\xa9\
\x95xj\x03\x8aW\xcba\xc4\xb1Vomw\xe5\xc6\
\x16\xaf\xb6\xe7l\x9e\xad\x959\xe0\xe6\xd6\xdd!&\x84\
\x18{#[\x0b\x19\xd9;\xa0R\xea\xdf\x00\x97\xd2\xce\
!\x84\xc8\x9eO\x97\x0b<]+S\xb7\xac\xcc]\x04\
\x97\x83\xd5\x0f\xc7\xc7;}\xba\xb1\x14\x1c\xc4\x9d\xe9F\
>\xa7\xda7xq\xe9\x1cg;\xf3\x99\xea6\xcc\x92\
\xe9\x5c\x91\xfb+;\xc9\xc9\x09\x9d\x5c\xf1V\xb8\xd8[\
\x94\x93)3\xccP\x8a\x1d\xf9\xcaHw`\xcd\xf9!\
\xc1\x06\xcd\xf8[J\xb13g\xf3L\xbd\xc4\x93\xb5\xd2\
\xba\x8aB\x1aX\x0a\x22\xdelvy\xa3\xd5e)\xd8\
\xd8=\x82U\xdb\xe4\x99Z\x89{\x8a\xf9\xcc\x9d\x9a,\
\x84\x18:\x97\xd6j!#i\xd4\xaf\x90\xff\x22\xed\x00\
B\x88\xecQ\xc0S\xb5\x22\x8fT\x8b\x94,3s}\
\x17\xf3~\xc8\x1b\xad.\xa7:\x1e\x9e\x14\xb1\xc4mj\
G}\xdeo]\xe3[K\xe7VO\x92K;PF\
\xadv_\x1d\xa0jI\xf7\x95\x17\x07\x9c\xee\xcc37\
h\xa7\x1dE|\x8c\x92\x95\xa3b\xe71Fx\xb4l\
\xa6\x1f\x10o\xc0U\xcbV\x8a=y\x87\xe7\xeae\x9e\
\xa8\x14\xb1\xd6\xf13\xbbY\xbcz\xad\xd9\xe5\xadV\x8f\
F\xb8\xb1\xc5\xab\x92i\xf0D\xb5\xc8\x83\xe5\x02Es\
\xd4\xbf\x9a\x09!\xb6\xc0H\xd7@F\xfd*\xf9+\x80\
\xf4\xc2\x0b!\xfe\x02S)>[/\xaf~`\xcc`\
\x11kv\x10\xf0Z\xb3\xcb\x07\xbd>\x83D\x8aX\xe2\
\x93i4\xcd\xd0\xe3X\xe3\x0a/-\x9dg\xb6\xdfL\
;R\xa6\xd5\x1d\x97\x87j{\xb0\x8d\xd1^\x88\xfdI\
4\x9a\x8b\xddE.\xf7\x96\x18\xc4\x1b;\x12%6\xd6\
\xea\xf8\xe0h\xbf_\xaf\x0e\xfcu\x1f\xb2\xe2\x18\x8a}\
n\x8e\xe7'\xca<R-\xae\xab\xe0\x97\x00\x0b~\xc8\
\x8b+m\x8e\xb5\xba\x1b>\xde\x9f7\x0c\x8eV\x8b<\
]+S\xb6F\xfbw+\x84\xd8\x12\x0dVk #\
k\xa4\x0bXJ)\x9f\x11\xff\x05\x0a!\xee\x5c\xde4\
\xf8\xc2T\x85\xfbK.\xae\x99\xbd\xf3\xc7\xae\x0e\x02^\
it9\xdd\x1b\xe0K\x11K|\x0c\x8df%\xf0x\
u\xf9\x22\xaf,]`\xd1\xef\xa6\x1d)\xd3\x0c\xa5x\
j\xe2 \x15+?\xf6\xddW\xdd\xc8\xe7d{\x8e\x1b\
\xbet_e\xdd\xeeBm\xa4\xbb\xaf\x22\xad\xb9>\x08\
\xd75\xf2\xec\x18\x8a\x83n\x8e\xcfN\xac>\xa0Z\xcf\
O+\xd1\x9a\x85 \xe4\x9b+m\xde\xedx\xf46\xb8\
#\xdaV\x8a\xfbK.\x9f\xadK\xf1J\x08\xb1a~\
e\xad\x062\xb2F\xba\x80\xb5\xe6W\x00\xd9\x86,\x84\
\xf8P%\xd3\xe4K\x93U\x8e\x14]r\x19\xdc;q\
\xa5\xef\xf3\xe2J\x9b3\xbd\xc1\x86\xed\x05\x11\xa3%\xd1\
\x9a%\xbf\xcb\x8bK\xe7xc\xe52\xad\xb0\x9fv\xa4\
LS@\xdd)\xf0hm?\xe6\x88w\xb3|\x92D\
kN\xb5\xe7\x98\xf1V\x08\x13\xf9\xa8\x94u\xbb\xf3\xb5\
\x91\xdd\x7f\xa5Y]\x90\xde\x8d\xee|\x800g\x18\xdc\
]\xc8\xf3}\x93\xab\x0f\xa6\xd6S\xbc\x8a\xb5f\xce\x0f\
\xf9\xc6b\x8b\xe3\x9d>\xfd\x0d.^\x99Jq\xa8\x90\
\xe7/MW\xa9\xda\xd6\x98\x97\xd1\x85\x10\x1b$f\x0c\
\x9awF\xf3.\xf8]\x94R\x0b\xc0/\xa7\x9dC\x08\
\x91]5\xdb\xe4\x0bS\x15\x0e\x15\xb3y\xf2\xcf\xd5~\
\xc0\x0b+\x1d\xcez}BY\xc6-\xbeK\xac\x13\xe6\
\xfd6\xdf\x98\xff\x80c+3\xf4\xa2\x91~\xe8\xb6!\
Le\xf0\xdc\xe4a\xcaV~\xec\xbf46C\x8f\x13\
\xedY\x96\x02\xe9\xd8\xcb\xba?[\xe0>\x9a\xefZ\x0d\
\x5c\xf4|\xee\xb4L\xe4\x9a\x06\x0f\x94]\xbe0U\xe5\
\xaeB~]Y\x22\xad\xb9:\x08\xf8\xfaB\x83S\xdd\
\xfe\x86w@+`W\xde\xe1G\xb6\xd7\xa9K\xf1J\
\x08\xb1q~y\xad\xf61\xd2F\xbe\x80\xb5F\x0aX\
B\x88\x8f\xb5\xdd\xb1\xf9\xfe\x89\x0a\x07\xdc\xdc\xba\x96\xbd\
n\x06\x0d\x5c\xed\xfb|s\xb9\xc3E\xcf'\x92\x22\x96\
\x00\x22\x9dp\xc5k\xf0\xf5\xb9\xe3\x1co]\xc7O6\
v\xb1\xf0(R(&\x9c\x02O\xd4\xf7\x8f\xf4(\xd6\
\xadH\xb4\xe6\x9d\xe6Uf\xfb-9\xa5r\x08\x14\xad\
\x1cU{t\x0f\x1c\xd0Zs\xc1\x1b\xa0o\xb3\xffJ\
\x01\x05\xd3\xe0h\xa5\xc0\x17'\xab\xec\xcd;\xeb\xca\x11\
j\xcd\xc5\xbe\xcfo\xcf7\xb8\xd8\xdf\xf8\xfb\xad\x02\xa6\
\x1c\x9b\x1f\xdf^g\xca\xce\xdeI\xc8B\x88\xa16\x16\
5\x8f\xb1\xb8n*\xa5.\x02\xff:\xed\x1cB\x88l\
\xdb\xef\xe6\xf8\xdcD\x85=y\x87\xac5biV\xc7\
\x09\xffh\xa9\xc5\xe5~@,_8\xc7Z\xa4\x13\xce\
v\xe6\xf9\xdd\xb9w9\xd7] \xd2\xb2#\xedV8\
\x86\xc9\xf3Sw\x933\xed\xb4\xa3\xa4n\xdeos\xba\
sCFN\x87\x80\x02\xf6\xb8u\x8c\x11\xfe\xd8\x9e\x00\
\x97\xfb\x01\xb7sk\xbbY\xbcz\xaaV\xe2\xfb'\xab\
L;\xd6\xba2DZs\xba7\xe0\xab7\x1a\xcc\x0e\
\x82u/\x93\xff^\x0a\xa8\xd8&\x7fc\xd7$;2\
\xf89C\x081\xd4\xfe\x9f\xb5\x9a\xc7\xc8\x1b\xdd;\xe1\
_\xf4\xcf\xd3\x0e \x84\xc8\xbe#\xc5<\x9f\x99(\xb3\
+\xe7d\xee9\xf7\xcdN\xac\xdf[hp\xa9\x7f\xe7\
\xa3\x16b\xb8E:\xe1\xdd\xe6U\xbe6\xf7\x1e\xd7\xbc\
&Z\x8a\x99\xb7\xc4P\x8a\x89\x5c\x91\xc7&\xf6\xa7\x1d\
%u\x89\xd6\xbc\xb1r\x89\x1b\x03Y\xdc>,\xf6\xb8\
\xa3\xbb\xc0]\x03\x8bAH3\x8cn\xb9\xffj\xb5\x18\
d\xf1}SU>?Y\xa1\xba\xce%\xe8\xb1\xd6\xbc\
\xdd\xf6\xf8\xed\x1b+,\x05\xe1\x1d\xef\xe1\xfa(\x0a(\
Y&?\xb1s\x92}yg\xac\xbe\x80\x09!\xb6\xc4\
?K;\xc0V\x19\x9b\xeb\xa7R\xea\x04\xf0\xef\xd3\xce\
!\x84\xc8\xbe\x07\xcb\x05>3QfG.{]\x1a\
\x1a\xb8\xee\x07|m\xa1\xc9%\xcf\xdf\xf0\x0f\xd9\x22\xdb\
B\x1d\xf3\x8d\x85\x0f\xf8\xfa\xdcq\x96\xfc^\xdaq\x86\
J\xce\xb0\xf8\xcc\xd4a\xec1_\xdc\x0ep\xa1\xb7\xc8\
\xf9\xee\x22\xfd8L;\x8a\xb8%\x8a\xfd\x85\x09\xb2w\
V\xee\xc6\x88\xb5\xe6B\xef\xf6\xf6\xf7M:6?0\
U\xe5\x99Z\x09w\x9d\x07\xb0$\xc07\x97;|m\
\xbeA;\xda\x9c\xc3\x0c\x0a\x96\xc9\x8f\xef\x98\xe4pA\
v\xef\x09!6\xdc\xbf_\xabu\x8c\x85\xb1)`\xad\
\x19\x9b\xca\xa4\x10b}\x1e\xae\x14\xf9\xecD\x85\xedN\
\x06\x8bX\x1a\xe6\x06\x01_\x9d_\xe1\x82'K\xbb\xc7\
E?\x0e\xf9\xcdko\xf3\xea\xd2\x05Y\xd6~\x9b\x0c\
\xa5\x98\xce\x958Z\xdb\x97v\x94\xd4%:\xe1\xf5\xe5\
K,\x07R\x00\x1d\x16\x86R\xecq\xeb\xa8\x11\xed\xc0\
J4\x5c\x1c\xdc\xfa5mw\xde\xe1\x87\xb7\xd5x\xa4\
R\xc0^\xe7\xcf$\xd2\x9a\xaf\xce\xaf\xf0\xa7+-\x06\
\x1b\xbc\xac\xfd\xa6\xa2e\xf2\xc3\xdb\xea\xdcWZ\xdfr\
y!\x84\xf8\x08cU\xe3\x18\xab\x02\x96R\xea-\xe0\
?\xa5\x9dC\x08\x91}\x06\xf0p\xa5\xc0\xf3\x13e\xa6\
\xb3X\xc4bu\xe4\xe2\xb7\xe6W8\xdd\x1b\xa4\x1dG\
l\xb2F\xe8\xf1\xff]y\x9d\xe3\xad\xeb\x0c\xa4k\xe6\
\xb6\x15L\x87\xe7\xa7\x0ec\xa9\xb1\xfa\xd8\xf3\xa1\xdem\
]\xe3Z\xbfA\x98lN\xa7\x89\xd8X\x8a\xd5\xd3\x07\
]\xd3\x1e\xd9\xce\x9d\x18\xcd\xe5[|\x18s\xa4\x98\xe7\
G\xb6\xd58R\xcc\xaf\xebDF\x0d\xf4\x92\x84\x7f{\
m\x89o7{\x04\x1b\xbd\xf0jM\xd14\xf8\xe2T\
\x95\x87\xcb\xee\xc8\xfe\xfe\x84\x10\xa9\xfaOk5\x8e\xb1\
\xb1\xbem\x87\xc3\xe9\x9f\x01?\x9ev\x08!D\xf6Y\
J\xf1H\xa5H\xa4\xe1\xa5F\x9b\xe5 [\xa7\xbc%\
\x1a\x96\x83\x88\xdf\x9do\x90l\xabq\x7f\xc9M;\x92\
\xd8\x04\x97\xbde\xbez\xfd\x1d\x16\x06\x1dY\xd6~\x07\
,e\xb0+_\xe5S\xd5\xddiGI]?\x0ey\
s\xe52MY\xdc>4\x0c\xb5:>8\xaa\xa7\x0f\
&Z3\x1f\x84t?at\xcfP\x8a'k%\x9e\
\xad\x95\x98v\xacu\x15\xaf\x12`\xd1\x0f\xf8\xca|\x83\
\xeb\x9bx(J\xc94\xf9\xccD\x99'\xab\xc5u\xe5\
\x15B\x88\x8f1V\xddW0\x86\x05,\xa5\xd4+Z\
\xeb\xdf\x01\xfej\xdaY\x84\x10\xd9\xe7\x18\x8aG\xab\x05\
b4/\xadth\x86Y+bi\x96\xc3\x88\xaf/\
4\x01\xa4\x885B4\x9aw\x9aW\xf9\xa3\xf9S4\
\x02\x8fD\x96\xb5\xdf\x91\x92\x95\xe39\xd9}\x05\xc0\x1b\
\x8d\xcb\xcc\xfb\x1db)\x84\x0e\x0d\x05\xec/N2\xaa\
\xf5\x8fH\xc3e/\xf8\xd8}\x8e9C\xf1\xb9\x89\x0a\
\x8fV\x8b\xd4,k]\xa7\xf7EZs\xc1\xf3\xf9\xdd\
\x85\x06\xcbA\xb4\xa9\xc5\xabg\xea%\x9e\xad\x97\xd6=\
\xe6(\x84\x10\x1f\xe1w\x94R\xaf\xa4\x1db\xab\x8d]\
\x01k\xcd?E\x0aXB\x88[\xe4\x1a\x06\x8fV\x8a\
$z\xb5\x88\xb5YK^\xef\xd4j\x11+\xe4k\x0b\
\x0dB\xady\xa8\x5cH;\x92X'?\x89\xf8\xd3\x85\
\xd3\xbc\xd5\x98\xa1\x13\xf9r\xd2\xe0\x1dr\x0c\x8b\x03\xc5\
I\xee.mK;J\xea\x96\x83.\xef6\xaf\xc8\xfe\
\xb4!c(\xc5~wt;\xb0b\xad\xb9\xf81\xe3\
\x83\x15\xdb\xe4K\x93U\xee/\xb9\x94,s]\xbbO\
\xfc$\xe1\xdd\xb6\xc7\x9f,\xb7i\xdc\xc6\x89\x87\xb7\xab\
l\x99<Y+\xf1\x5c\xbdLn\x9d\x0b\xe6\x85\x10\xe2\
c\xfc\xd3\xb4\x03\xa4a,\x0bXJ\xa9oi\xad\xbf\
\x0e\xfc\x95\xb4\xb3\x08!\x86C\xd1\x5c-b\x01\x19-\
b\xad\x8e\x13\xfe\xfeB\x93v\x14\xf3L\xad$#\x0b\
CH\xa3i\x06\x1e\x7f\xb4p\x8aS\xad\x1bxq\x90\
v\xa4\xa1V\xb5\xf3<=q\x08\xdb\x90\xee\xabW\x97\
/\xb2\xec\xf7\xa4\x93o\x88(\x14U\xdb\xa5\xee\x8c\xee\
C\x89@k\xae\x0c>|\x8f\xe3\xee\xbc\xc3\x17\xa7\xaa\
\x1crs\xb8\xe6\xfa\xce`\xecD1\xaf5\xbb\xbc\xd1\
\xec\xd2\x8e\xe2M-^=Z-\xf0l\xbdD\xc1\x94\
\xe2\x95\x10b\xd3|])\xf5\xad\xb4C\xa4a,\x0b\
Xk\xfe1R\xc0\x12B\xdc\x22\xc5\xea\x07\xd3G\xd6\
\x8aX/7\xba\xb426N\xa8\x81\x950\xe2\x85\xe5\
6\x00O\xd5dta\x98\xc4:\xe1Z\xbf\xc97\xe6\
O2\xe3\xad0\x88\xb3\xf5\xfe\x1a6\x05\xd3\xe1\xde\xf2\
\x0e\xf6\x15&\xd2\x8e\x92\xba\x19o\x85S\xed9yO\
\x0d\x19S)\xf6\x14\xea\x98#z\xf8@\xa45\xf3~\
H/\xfa\x8b#\xad\x0f\x94\x5c>;QfO>\x87\
\xb3\x8e\x99\xc1\x9b\x07\x9e|k\xa5\xc3\xa9n\x9f\xce&\
>|Z-^\x15y\xbe^\xa6lJ\xd1\x5c\x08\xb1\
\xa9\xfeq\xda\x01\xd22\xb6\x05,\xa5\xd4\x0b\xd2\x85%\
\x84\xb8\x1d\x0a\xa8d\xbc\x88\x05\xd0\x8ab^\x5c\xe9\x10\
j\xcd3\xb52\xf9\xf5,\x0c\x11[\xc2O\x22>h\
\xcf\xf1\xe2\xd29f\xfb-Y\xd6\xbeN\x0a\x98\xc8\x15\
x\xac\xbe\x7f\xec\xbb\xafb\x9d\xf0\xd2\xd29\x9aa\x1f\
\xbdi}'b3\x18\xca`\x9f;\xba\x05\xd8Hk\
f\xfa\xfe\x9f{WZJ\xf1T\xad\xc4\x13\xd5\x22\xdb\
s\xf6\xba:\x89#\xad\xb9\xd2\xf7\xf9V\xa3\xcbEo\
@?\xde\xbc\xebj\xc52y\xa4Z\xe4\xd9Z\x99\xaa\
5\xde\xd7\x1c!\xc4\xa6\xfb\xbaR\xea\x85\xb4C\xa4e\
l\x0bXk\xa4\x0bK\x08q[n\x16\xb1\x8e\x96\x8b\
$\x1a^nt6\xf5\x89\xee\x9dj\x84\x11\xaf6\xba\
\x84\x89\xe6\xb9z\x89\xa2<\x0d\xce\xacN4\xe0\xdb\x8d\
\x19\xdeZ\x99a!\xe8\xca\xbe\xab\x0dP\xb6\xf3\xdc_\
\xde\xc5\xf6|%\xed(\xa9;\xde\xba\xce\x85\xde\x12Q\
\x92\xbd\xeb\x94\xf8x\xa6R\xec+\xd4\xd3\x8e\xb1i\xc2\
Ds\xb9\xffg\xfb\xaf*\x96\xc9\xe7'+\xdc_r\
\xa9\xdb\xd6\xba\xf6]\xf5\xe3\x843\xbd\x01\xaf4;\x5c\
\x1b\x04\x84\xc9\xe6]Wo\x16\xaf\x9e\xa9\x95\xa8\xdbr\
\xaf\x15Bl\xba\xb1\xed\xbe\x821/`\xadua}\
\x0d\xf8\xe1\xb4\xb3\x08!\x86\x87\x02\xaa\xb6\xc9#\x95\x02\
Z\xc3+\xcdl\x16\xb1\x9aa\xc4\x9b\xcd.\xa1\xd6<\
W+Q\xb5\xad\x11]\x03<\x9c\x12\xadY\x0c:\xbc\
\xba|\x91S\xed9\x1a\x81\x97v\xa4\x91`(\xc5\xb6\
\x5c\x85\x87k{\xb0Ft\xf4\xeaVu\xc2\x01/-\
\x9f\xa7\x17\xf9\xd2{5d\x14\x907m\xb6\xe7\xaai\
G\xd9\x14\x1a\x18$\x09\xd7\x07!\x06\xb0;\x9f\xe3s\
\x93e\xee.\xe4\xd7\xbd\xef\xaa\x15\xc5\xbc\xd7\xf18\xd6\
\xeaq\xc3\x0f\xd8\xc4\xda\x15U\xcb\xe4h\xa5\xc8S\xd5\
\x12\x13\xf6X\x7f\xad\x12Bl\x8d\xaf\x8ds\xf7\x15\x8c\
y\x01k\xcd/!\x05,!\xc4mR@\xcd\xb6x\
\xb4Z\x00\xa5y\xa5\xd1\xcdd\x11\xab\x15\xc5|\xbb\xd5\
#H\x12\x9e\xab\x97\x99r\xecu=\xd5\x16\x1b#H\
\x22f\xbc\x15^_\xb9\xc8\xf9\xee\x22\xbdH\x96\xb5o\
\x94\x9a\xed\xf2@e'SN)\xed(\xa9\xd2h\xde\
h\x5cb\xb6\xdf\x92\xc5\xedC\xc8T\x06\xdbse\xf2\
\xe6h~T\x8f\xb4f!\x88\x08\xb4\xe6\x81r\x81g\
\xebe\x0e\xba\xce\xbaF\x0650\xef\x87\x1ck\xf58\
\xd1\xf5X\x0e6\xef\xa4A\x80\xbamq\xb4R\xe4\x89\
j\x91)g4\x7fOB\x88\xcc\xf9\xa5\xb4\x03\xa4m\
\xec\xaf\xb6J\xa9\x97\xb4\xd6_\x05~4\xed,B\x88\
\xe1r\xb3\x88\xf5X\xa5\x88\x81\xe2\x95F\x87V\x06\x8b\
X\x9d(\xe6\xdd\xb6G\x90h\x9e\xab\x97\xd9\xb9\xce\xbd\
\x22b}z\x91\xcf\xe9\xce\x0d\xdej\xcc0\xe3\xad\x10\
\xcah\xd7\x86\xb1\x0d\x93=\x85:\x0fTva\x8c\xf1\
{\x5c\xa3\xb9\xdeo\xf2\xd6\xca\x0cQ\x22\xfb\xd4\x86\x91\
\xa9\x0c\xf6\x8e\xf0\x01\x04a\xa2Y\x09\x22\x9e\xaa\x958\
Z)\xb07\xef\xac\xeb\xffou\x9fV\xc0\x9b\xad.\
g{\x83M\x7f\xa0T\xb7-\x1e\xa9\x14y\xbcVd\
J:\xaf\x84\x10[\xe3\xabJ\xa9\x97\xd2\x0e\x916\xb9\
\xe2\xae\xfa%\xa4\x80%\x84\xb8\x03\xab\xe3\x84\x16\x8fU\
\x8b\x18\x0a^itidp\xb1\xbb\x17'\xbc\xdf\xf1\
\x08\xb5\xe6\xd9Z\x99\xbd\xae#'\x14n1\x8df\xc9\
\xef\xf2^\xeb:\xc7[\xd7\x99\x1bHg\xccF\x9bp\
\x8a|\xaa\xb2\x8b\xbaSH;J\xaa\x82$\xe6\xa5\xa5\
\xf3\xac\x04\x9e,n\x1fR\x96a\xb2\x7f\x84\x0bX\x96\
R\xecu\x1d\x1e\xb0\xccu\x8f\xde\xf5\xe2\x98\xb3=\x9f\
o\xb7{\x5c\xf6|\x06\x9b\x5c\xb4\x9d\xb4-\x1e\xa9\x16\
y\xb4\x22\xc5+!\xc4\x96\x1a\xfb\xee+\x90\x02\x16\x00\
J\xa9\xd7\xb4\xd6\xbf\x01\xfc\x8d\xb4\xb3\x08!\x86\x8fb\
\xf5\xf8\xec\xc7\xaaEL\xa5xq\xa5\x93\xc9\x22V\x90\
hNu\xfa\x84\x89\xe6\xe9Z\x89\x83\x85\x1cyC\x06\
\x0a\xb7B\x98\xc4\x5c\xed7x\xbby\x85\xd3\xedy\x9a\
\xa1\xec\xbb\xdah\xaeisWq\x8a{J\xdb\xc7z\
\xd7[\xac\x13\xcet\xe69\xd9\x9e\x93\xe2\xd5\x90R@\
\xde\xb0\xd8\xed\x8e\xee\x02w\xc7P\xecss\xeb\x1ei\
_\x0e#Nt\xfa\xbc\xd3\xee1\xe7\x87\xc4\x9b\xfcP\
`\xd2Y\xed\xba~\xb4Z\x94\x9dWB\x88\xad\xf4\x1b\
J\xa9\xd7\xd2\x0e\x91\x05r\xe5\xfd3\xff\x10)`\x09\
!\xee\x90\x02J\xa6\xc9\xa3\x95\x22z\xedt\xc2\x95\x0c\
\x16\xb1B\xad9\xdd\xeb\x13h\x8d\x9fh\xee)\xe6)\
\x98R\xc4\xdaL\xbd\xc8\xe7|o\x91o7f\xb8\xd8\
[f\x10\x87iG\x1a9\x0a\xd8\x91\xaf\xf0\xe9\xean\
JV.\xed8\xa9\xd1hZQ\x9f\x97\x97\xcf\xcb\xfb\
l\x88\x99\xca`:W\x1a\xf9\xf7\xf2z\xee<\x89\x86\
k~\xc0{m\x8f\x13\xdd>+A\xb8\xe9\xe5\xdai\
\xc7\xe2\xb1\xea\xea\xc8\xa3\x14\xaf\x84\x10[\xec\x1f\xa6\x1d\
 +\xe4\xea\xbbF)\xf5\xb6\xd6\xfa\xdf\x02\xff}\xca\
Q\x84\x10C\xac`\x1a<Q-\xa2\xd4j\x11k9\
\xc8^\x11+\xd1p\xa17 L\x12\xfaI\xc2\xfd%\
\x97\xaa%G\x7fo4\x0d\xac\x04=N\xb6gy\xa7\
y\x95\xeb\xfd\xa6\x8c\x0cn\x92\xb2\x9d\xe7\xee\xd2\xb6\x91\
\x1e\xb9\xba\x15A\x12s\xbc5\xcb\xe5\xder\xdaQ\xc4\
:\xd8\x86\xc5\xfe\xc2\xe4Xw\x12~\x9cA\x92p\xc9\
\x0b\xf8v\xbb\xcb\xb9\xde\x80^\xbc\xf9{\xde\xb6\xe7l\
\x1e\xaf\x16y\xb8\x5c\xa0&\xc5+!\xc4\xd6\xfa\xb7J\
\xa9\xb7\xd3\x0e\x91\x15r\x05\xfe\xf3~\x11)`\x09!\
\xd6)o\x1a<Y-a\xae-v_\xd8\x82'\xc3\
\xb7K\x033\xfd\x80A\xd2\xa1\x1f'<X)0i\
[\xf2\x85i\x83D:av\xd0\xe4\xbd\xe65\x8e\xb7\
fY\x09ziG\x1aY\xa62\xd8\xebN\xf0@e\
\x17\x8e1\xbe\x1fkb\x9d07h\xf1\xfa\xf2%)\
\x94\x0e9\xc709P\x9cL;F&\xb5\xa2\x98\xd3\
\xdd>\xc7\xda=\xae\xf5\x03\xc2M~\xaf+`G\xce\
\xe1\xc9Z\x89\x07\xcb.\x15y\xd8#\x84\xd8z\xbf\x98\
v\x80,\x19\xdfOz\x1fB)\xf5\x81\xd6\xfaW\x81\
\xff%\xed,B\x88\xe1\xe6\x18\x8a'kElC\xf1\
r\xa3\xc3\xdc  \x8bg\x81\xcd\xfb!\xaf6\xbbx\
I\xc2\xa3\x95\x22\xdb\x1cKN(\x5c\xa7^\xe4s\xc9\
[\xe6Xc\x86\x0b\xddE\xfa2\xca\xb5\xa9\xeaN\x81\
#\xe5\xed\xec\xccW\xd2\x8e\x92\x1a\x0d\xf4\xa2\x80\xb7V\
.\xb3\xe8w\xd2\x8e#\xd6A\xa1pM\x9b]\xf9Z\
\xdaQ2Ek\x98\x0fB\x8ew<\xden{,m\
\xc1\x83!\xa5`W\xce\xe1\xe9Z\x89O\x95\x5cJR\
\xbc\x12Bl\xbd_UJ}\x90v\x88,\x91\x02\xd6\
_\xf4\x0bH\x01K\x08\xb1\x01L\xa5x\xacZ\xc4V\
\x8a\x97\x1a\x1d\xae\x0d\x82M_0{'\x9aa\xc4\x9b\
\xcd.^\x94\xf0D\xad\xc8\xee\xbc\x9cPx'4\x9a\
\xe5\xa0\xc7\xe9\xce\x0d\x8e5\xae0\xd7o\x11\xeb,\x96\
-G\x87m\x98\x1c*Nq\xa4\xbc\x0dC\x8d\xef.\
\xb70\x89\xb8\xe4-\xf1~\xebz\xdaQ\xc4:Y\xc6\
\xea\xfe\xab\xa2\xe5\xa4\x1d%3\x82Dsu\x10\xf0V\
\xab\xcb\x07\xdd\xfe\x96\x8c\x0c\x1aJ\xb1;o\xf3|\xbd\
\xc2\xbd\xb2+R\x08\x91\x9e_H;@\xd6H\x01\xeb\
{(\xa5\xaeh\xad\x7f\x01\xf8\xdbig\x11B\x0c?\
\x05<\x5c)\x903\x0d^Xi3\xe3\xf9D\x19,\
byq\xc2;\xed\x1e\xbd8\xe6\x99z\x99\xfd\xae#\
'\x14\xde\x860\x89\x99\x1b\xb4x\xbby\x85\xe3\xadY\
Za?\xedHca[\xae\xcc\xbd\xe5\xedL:\xa5\
\xb4\xa3\xa4&\xd1\x9a\x95\xa0\xc7\xeb+\x97\xa4\xdbo\x04\
\xe4\x0c\x8b}\x05\x19\x1f\xbc\xa9\x1d\xc5\x5c\xf0|^m\
v\xb6dd\x10V\x1f>\xedu\x1d>[\xafpw\
QN\xeb\x15B\xa4\xe6\x17\x94RW\xd2\x0e\x915R\
\xc0\xfap7\xbb\xb0\xcai\x07\x11B\x8c\x86\xfb\x8ay\
\x1c\xa5\xf8\x13Z\x5c\xee\xfb\x04I\xf6\x8aX\xab'\x14\
\x0e\xe8'\x09\xcf\xd4\xca\x1c.\xe6)\xc9S\xe7O\xd4\
\x8d|.\xf7\x96xe\xf9\x023\xde\x0aA\x12\xa7\x1d\
i,\xb8\xa6\xcd\x91\xf2v\xee*N\xa7\x1d%U\x83\
$\xe4tg\x9e\x0b\xdd\xc5\xb4\xa3\x88\x0d\xe0\x18\x16{\
\xddz\xda1R\x97h\xcdR\x18\xf1~\xa7\xcf\x1b\xcd\
\x0e\xcd0\xde\x92]\x92\x96R\xecss|a\xb2\xc2\
A7\x87mH7\xb2\x10\x22\x15\x1d\xa4\xfb\xeaCI\
\x01\xebC(\xa5\x1aZ\xeb\xb7\xc6U:\x00\x00 \x00\
IDAT\x9f\x07\xbe\x9cv\x16!\xc4\xe8\xb8\xab\x90\
\xc36\xaa\xfc\xf1r\x9b\x0b=\x1f?\xc9\xdexY\xac\
5\x97<\x9f^\xaci\xc71\x0f\x96\x0bT-S\x96\
\xbb\x7f\x88Dk\x1a\xa1\xc7\x89\xd6,\xaf\xad\x5c`9\
\xf0\xd0\x19\xec\xae\x1bE\x86R\x1c(Lr_y\x07\
E+\x97v\x9c\xd4\xdc\x5c\xdc\xfe\xe6\xcaeY\xdc>\
\x02\x14\x8a\x82\xe9\xb0\xcb\xad\xa6\x1d%U~\xa2\x99\x1d\
\x04\xbc\xdc\xecp\xba\xdb\xc7\xdf\xa2\x07>\x8e\xa18X\
\xc8\xf3\xa5\xc9*\xbb\xf36\x96\x8c\xd2\x0b!\xd2\xf3\xf3\
J\xa9F\xda!\xb2H\xae\xcc\x1fAkm\x00\x97\x81\
\xbd)G\x11B\x8c\x98\x1b~\xc8\x1f/\xb78\xdb\x1b\
\xd0\x8f\x93\xcc\x9dPxS\xc529Z)\xf0T\xad\
\xc4\x84-\xcb\xdd\xbf[\x98\xc4\xcc\x0f\xda\xbc\xb4|\x9e\
\x93\xed9\x062\xba\xb5\xa5\xaa\xb6\xcb\xf7o;\xc2\x13\
\x13\x07\xb1\xc6t\xf7\x95\x06\x96\x83.\xdf\x5c8\xc3\x1b\
+\x97\xd3\x8e#6\x80cX|\xaa\xb2\x93\xbf\xb9\xef\
\x89\xb4\xa3\xa4\xa6\x1b\xc7\x9c\xed\xf9\xfc\xc9r\x9b\xc5 \
\xdc\xb2\xc2l\xce0\xb8\xbb\x98\xe7\x07\xa7\xaaL;6\
\xd2x%\x84H\xd1U\xe0\x80R*{O\xba3`\
<?\xf5\xdd\x82\xb57\xcc\xcf\xa5\x9dC\x081zv\
\xe4l~h[\x9d\x07\xcb\x05J\x19\xeenjG1\
\xaf7\xbb\xfc\xe7\xc5&\xb3~\xb8%\xbbG\x86A/\
\x0e8\xd3\x9d\xe7?^\xff6\xef6\xafI\xf1j\x8b\
Y\xca\xe0\xbe\xca\x0e\xee.m\x1f\xdb\xe2\x15@\x10\x87\
\x5c\xea-\xf1n\xebZ\xdaQ\xc4\x06\xc9\x9b\x16{\x0b\
\xe39>\x18k\xcdJ\x18\xf1R\xa3\xc3o\xddXa\
\xde\x0f\xb6\xacx\xe5\x9a\x06\x9f*\xbb\xfc\xd5m5\xb6\
\xe5\xa4x%\x84H\xdd\xcfI\xf1\xea\xa3\xc9\x08\xe1\xc7\
PJ\xfd\x9a\xd6\xfa\x7f\x02\x1eJ;\x8b\x10b\xb4\xd4\
,\x93\xbf<]\xa3`\x1a\xbc\xd3\xf6hE\x11\x19\x5c\
\x8b\x85\x9fhNv\x07\xb4\xa2\x84/NU8\xe8\xe6\
\xc9\x8d\xe9\xa7\xfbX't\x22\x9f\xd7W.\xf2\xf2\xd2\
y\x06q\x94v\xa4\xb1\xb4=_\xe1\xbe\xf2\x0e\xa6s\
\xe3\xbd\xb8}v\xd0\xe2\xb5\xe5\x8b\xf8\xf2>\x1c\x19y\
\xc3f\xcf\x98\xed\xbf\xd2@\x90$\xdc\xf0C\xfe`\xb1\
\xc5Eo\xb0\xa5]\xc9\x05\xd3\xe0\xd1Z\x89/MT\
pe\xe7\xa3\x10\x22}\xef)\xa5~-\xed\x10Y&\
\x05\xacO\xf6s\xc0o\xa4\x1dB\x081z\x5c\xd3\xe0\
\x8b\x93U\xf2\x86\xc1\x9b\xad.+a6\x8bX\xb1\xd6\
\x5c\xe9\xfb\xfc\xf6\x8d\x06\x9f\x9f\xac\xf0p\xa50v\xa7\
2\x05I\xc4\x8dA\x9b\xdf\xbbq\x9c\xcb\xbde\xd97\
\x94\x12\xdb0y\xb0\xba\x9b\x83\xc5\xa9\xb4\xa3\xa4\xaa\x15\
\xf59\xd1\x9e\xe5\x8a'\xeb1F\x85RP\xb0\x1cv\
\xb9\xb5\xb4\xa3l\x99DC/\x8e9\xde\xed\xf3\x87\x8b\
-\xbcx\xeb\x0e\xc0P\xac\xde\x83??Y\xe1\xf9z\
Y\xf6]\x09!\xb2B&\xc0>\x81\x14\xb0>\x81R\
\xea+Z\xeb\xff\x11\xf8\xfe\xb4\xb3\x08!F\x8fm(\
>7Q\xa6d\x19\xbc\xb4\xd2a>\x083Y\xc4\xd2\
\xc0r\x18\xf1\xfb\x8bMn\x04!_\x98\xacR4\x8d\
\xcc\x8e?n\x14\x8d\xa6\x1f\x87|\xbbq\x85?\xbcq\
\x12?\x91n\x97\xb4(\xe0Hy;\xf7\x94\xb7S0\
\x9d\xb4\xe3\xa4&Lb.u\x978\xb62\x93v\x14\
\xb1\x81\xf2\x86\xcdN\xb7J\xce\x18\x8f\x8f\xe6\x91\xd6,\
\x06!\xdfXjs\xbc\xe3m\xe9k+\xa0d\x99\xfc\
\x95mu\x8eV\x0a#\x7f\x1f\x13B\x0c\x8d?QJ\
}%\xed\x10Y7\x1ew\xc9\xf5\xfbY\xa4\x80%\x84\
\xd8$\x86R<^-Q\xb2L\xbe\xb9\xdcf\xa6\xbf\
u\xbb?nW?Nx\xad\xd1\xe5\xda \xe0\xbf\xde\
>\xc1\xf6\x9c=\xb2\xcb\x14c\x9d\xb0\xe8w\xf8\xfa\xdc\
q\xcet\xe6\xd3\x8e3\xf6\x8aV\x8e\x07+\xbb\xd9\x95\
\x1f\xef\x13\xdaf\x07M\x8e5f\xe8\xc5A\xdaQ\xc4\
\x06*\x98\x0e\xfb\xdc\x89\xb4cl:\x0d\x0c\xe2\x84\xd3\
\xbd>\x7f\xb0\xd8\xa2\x11n\xedC\x01CA\xdd\xb6\xf8\
\xb1\x1d\x13\xdc]\xc8o\xe9k\x0b!\xc4'\xf8\xd9\xb4\
\x03\x0c\x03)`\xdd\x02\xa5\xd4\x9fj\xad\xff\x03\xf0\x13\
ig\x11B\x8c&\x05\xdc_t\xa9\x98&\x7f\xbc\xdc\
\xe6T\xb7\x9f\xd9\x22V\xac53\x9e\xcf\xbf\xbe\xb6\xc8\
\x8fn\xaf\xf3\xa9\x92\x9bv\xa4\x0d\xe7'\x11\xc7[\xd7\
\xf9\xfd\xb9\xe3t\x22?\xed8\x02x\xb4\xbe\x9f\x83\xa5\
)\xcc1^\xdc\xde\x8d|\xcet\xe69\xd7[H;\
\x8a\xd8`\xe3P\xc0\xd2\xc0J\x18\xf1\xcd\x956o6\
{[~\x8f3\x95bw\xce\xe1'vM0\xed\xd8\
[\xfa\xdaB\x08\xf1\x09\xfe\x83R\xeaO\xd3\x0e1\x0c\
\xa4\x80u\xeb\xbe\x8c\x14\xb0\x84\x10\x9blw\xde\xe1\x87\
\xa6k\x94-\x93o\xb7z\x04I6\x0f!\xd1@'\
\x8c\xf8\x8d\xb9e>S/\xf3\xfd\x93\x15\xcc\x11\xd8!\
\x92\xa0Y\xf2\xbb\xfc\x97\x85\x0fx\xbfy\x9dXg\xf3\
\xe7?nv\xbb5\xee\xaf\xec\xa0f\x17\xd2\x8e\x92\x9a\
\x04\xcd\xf9\xde\x22o5.\x93\xd1\xda\xb6\xb8C\xa62\
\xa8:.\xd3\xf9r\xdaQ6\x8d\x9fhN\xf7\xfa|\
c\xa9\xc5b\x0a\xa3\xf2\x8eap_\xc9\xe5G\xb6\xad\
\xde_\x85\x10\x22c\xbe\x9cv\x80a!\x05\xac[\xa4\
\x94:\xa9\xb5\xfe'\xc0\xff\x9ev\x16!\xc4\xe8R\xc0\
\xa4c\xf1\xa5\xc9\x0a5\xcb\xe4\x95F\x87v\xb4u\x8b\
mo\xc7\xcdQ\x90o\xae\xb4\xb9:\xf0\xf9k\xdb&\
\xa8;\xd6\xd0\xee\x13\x19\xc4!\x1ftn\xf0\xc7\x0b\x1f\
\xb0\xe4\xf7\xa4x\x95\x11\xb62yz\xf2\x10{\xdc\xfa\
\xd0\xbe\xb76\xc2\xf5~\x93\xf7\x9a\xd7h\x06\x83\xb4\xa3\
\x88\x0dV\xb4\x1c\xf6\xba\xf5\x91\x1c\xc7\xd6\xc0b\x10\xf1\
J\xa3\xc3\xdb\xed\x1e\x838\xd9\xd2S\x06a\xed\xa4\xc1\
j\x91/NVq\xc7`w\xa3\x10b\xe8\xfc\x13\xa5\
\xd4\xc9\xb4C\x0c\x0b\xb9\x86\xdf\x06\xadu\x1d\xb8\x04\x8c\
\xf7\x02\x0e!\xc4\xa6\xd3\xac\xee\x9b:\xde\xf1xqm\
\xb9{\x96YJ1\xe1X\xfcWS5\x8e\x94\xf2\xd8\
C\xd4\x8d\x95h\xcd\x82\xdf\xe1\xe5\xe5\xf3\x1co]\xa7\
\x1f\x87\x99\x1d\xdf\x1cG\x8fO\x1c\xe0\xf3\xd3\xf70\x9d\
+\x8f\xed\x87\x16/\x0exe\xe9\x02\xdf\x5c<C\x90\
d\xb3\xa0-\xee\xdc\xce|\x95\x1f\xda\xf9i\x8e\x94\xb7\
\xa7\x1deC\xf5\xe3\x84S\xbd>\xaf4\xba\xdc\xf0\x03\
\x82\x14N(\xa9;\x16\xcf\xd7\xcb<^-\xe2\x8e\xd9\
\xe9\xb9B\x88\xa1\xd0\x02\x0e*\xa5\xe4X\xe1[$\x1d\
X\xb7A)\xd5\xd0Z\xff4\xf0Kig\x11B\x8c\
6\xc5\xeaS\xe3\x87+\x05\x8a\xa6\xc1\x8b\x8d.\x17\xbd\
\xecv^\xdc<Q\xea\xab\xf3\x0d\x1e\x1f\x14y\xae^\
\xa6le\xff\xcbB/\x0a8\xd9\x9e\xe5\xd5\xe5\x0b,\
\xfa]9e0c\xa6rE\x8e\xd6\xf62\xe9\x14\xc7\
\xb6x\x05p\xa1\xbb\xc4\xfb\xad\xebR\xbc\x1aA\x0a(\
\xd99\xf6\xb8\xb5\xb4\xa3l\x18\x0d\xcc\xf9!\xaf5;\
\x9c\xec\xf4\xe9\xc5\x09\xf1\x16?\x140\x94bW\xde\xe6\
\xfb&*\xdcS\xcc\x93\x97\xe2\x95\x10\x22\x9b~Z\x8a\
W\xb7G\x0aX\xb7I)\xf5\x8f\xb4\xd6\xff\x03\xf0@\
\xdaY\x84\x10\xa3/g\x18\xdcSt)\x98&\xaf6\
M\xde\xefx\x99\xed\x0e\xd2\x1a\xdaQ\xc4k\xcd\x0es\
A\xc0\x17&\xaa\xec\xca\xdbX\x19\xec\xc6J\xb4fv\
\xd0\xe4\xf5\x95K\x9cj\xcf\xd1\x8b\xfc-\xff\x82%>\
\x9e\xa1\x14OO\x1cbw\xbe:\xd6\x8b\xdb\xe7\x06-\
N\xb4\xaf\xb3\xe0w\xd2\x8e\x226A\xde\xb4\xd9\x9e+\
S\xb0\x9c\xb4\xa3l\x08/N8\xd1\xed\xf3V\xab\xcb\
\xdc d\x90\xc2\x1eG\xc7P\xdc]\xcc\xf3\xb9\x89\x0a\
\xbbs\x0e\x8e\x91\xbd{\x90\x10B\x00'\x95R\xff(\
\xed\x10\xc3F\x0aXw\xe6\xa7\x81\xdfH;\x84\x10b\
<8\x86b\x9f\xeb\xe0\x9a\x15\xea\xb6\xc9\xeb\xcd.\xfd\
8\xbb\xfb\x99\xbc8\xe1\x5co@+\x88y\xb6^\xe6\
Se\x97\x82\x99\x9d\x02D'\x1ap\xa25\xcb\xb1\xe6\
\x0c\x0b\x83\x0e\xfd8\xdb\xe3\x99\xe3\xea\x81\xca.\x8e\x94\
w\x8c\xcc\x17\xfb;\xe1'\x11\xa7;78\xd3\x99\x97\
\x9dl#\xaad\xe5\xd8\x95\xaf\xa1\x86\xbc\xc7P\x03W\
\xfa>o\xb5z\x9c\xe9\x0dhGq*\x0f\x05J\xa6\
\xc9C\x95\x02\xcf\xd4KL\xdaV&\x1f\xa0\x08!\xc4\
\x9a\x9fN;\xc00\x92\x02\xd6\x1dPJ}Ek\xfd\
\xdf\x01?\x98v\x16!\xc4x\xb0\x94b\xbbc\xf1L\
\xadL\xcd\xb6xy\xa5\xc3b\x86\xf7b\x85\x89f\xce\
\x0f\xf8\xe3\xe5\x16\xd7\xfc\x80\xa7j%v8\x16F\x8a\
_&\x124W\xbd\x15\xdej\xccp\xa63O;\x1c\
HQ \xa3\xcaV\x9e'&\x0e\xac\x8d\x0e\x8e\xef\x17\
\xd0\x0b\xddEN\xb6\xe7\xe8EA\xdaQ\xc4&)[\
y\xf6\x14\x86{|\xb0\x13\xc7\xbc\xdf\xf1x\xaf\xed1\
\xe7\x87\xa9,j\x07\x98\xb0-\x1e\xaf\x16y\xb4Z\xa2\
n\x9bc|\xe5\x10B\x0c\x81\xff\xac\x94\xfaJ\xda!\
\x86\x91\x14\xb0\xee\xdcO!\x05,!\xc4\x162\x94\xa2\
f\x9b\x1c-\x17\xa8X&\xaf6:\x9c\xebew/\
V\x02\xac\x84\x11\xef\xb6{,\x05!OVK\xdcS\
\xcc\xe3\xa6\xd0\x8d\xd5\x0c=\xdeo]\xe7D\xeb:7\
\x06\x1d\xbcX\x0a\x02Y\xa5\x14<5y\x80=n\x1d\
\xdb\x18\xdf\xe3\xee\x17\xfd\x0e'\xda\xb3\xcc\xf6[\xe8T\
\xca\x01b\xb3Y\xca\xa0\xe6\xb8L9\xa5\xb4\xa3\xdc\x91\
Dk.\xf4}\xden{\x5c\xe8\x0dh\xa5\xd4u\xa5\
\x80}n\x8e'k%\xee-\xe6\xa9X\xe3{\xdd\x10\
B\x0c\x8d\x9fJ;\xc0\xb0\x92\x02\xd6\x1dRJ\xbd\xae\
\xb5\xfe5\xe0\x7fN;\x8b\x10b|\xdc\x5c\xee~\xa4\
\x90\xa7`\x18T,\x93w\xdb^\xa6\xf77yq\xc2\
E\xcf\xa7\x13\xc5\xdc\x08B\x8eV\x8aL;\xd6\x96=\
\x1dO\xd0\xcc\x0eZ\x9cl\xcf2\xe3\xadd\xfag%\
\xe0Pq\x8a\x07\xab{(\x9a\xe3;:\x18$\x11'\
\xda\xb3\x9c\xed\xcc\x13\xc8\xc1\x02#\xabh\xe5\xd8\x9e\xab\
\xe0\x18\xc3\xf7q|1\x88x\xb7\xe3q\xa6\xdb\xe7\x86\
\x9f\xce\xae+\x80\x9c\xa1\xb8\xb7\xe4\xf2x\xb5\xc4\xfe\xbc\
\x93\xca\x03\x12!\x84\xb8M\xbf\xa6\x94z=\xed\x10\xc3\
j\xf8\xee\x98\xd9\xf2\x0f\x80\xff\x16(\xa6\x1dD\x081\
^\x1cC\xb1\x7fm/V\xd5\xb2x\xa3\xd5\xa5\x17e\
\xf7\x84\xb2Hk\xe6\xfc\x10/\xee\xb2\x14D<R)\
p\xa8\x90#\xb7\x05'C)\x14;r\x15\x9e\x9e\xb8\
\x8b\x09\xa7\xc4\xb9\xee\x02\xcd\xc0\xdb\xf4\xd7\x15\xb7\xafh\
9<;y\x98I\xa7\x94\xea\xb8i\xda\xceu\x178\
\xd1\x9a\xa5\x15f\xb7\xc3R\xac_\xc5\xca\xb3k\xc8N\
\x1f\xf4\x93\x84\x0f\xba\x03\x8ew<.\xf7}:qL\
\x92\xd23\x81\x9ae\xf2`\xa5\xc0#\x95\x22\xdbs6\
\xf6\x18_3\x84\x10C\xa3\xc7j\x0dA\xdc!)`\
\xad\x83Rj^k\xfd\x93\xc0?L;\x8b\x10b\xfc\
XJ\xb1\xc3\xb1y\xa6V\xa2f\xaf\x8e\x14\xde\xf0\xb3\
\xbb\x17\x0b\xa0\x15\xc5\x9c\xecz4\xc2\x88\x85\xa0\xc0\xa7\
J.\x93\xce\xe6\xde\x8a\x140\xe1\x14)[yv\xba\
U\x0e\x15\xa78\xd3\xb9\xc1\x85\xee\x22\x9d\xc8\xdf\xd4\xd7\
\x16\xb7N)\xc5c\xf5\xfd\x1c*N\xe1\x8c\xf1\xe8\xe0\
\xbc\xdf\xe6\xbd\xd65\xe6\x06m\x19\x1d\x1ca\x0a\xa8:\
.\xbb\xf2\xd5\xb4\xa3\xdc\x12\xad5W\x06!\xc7;\x1e\
\xe7z\x03\x16\x82\x900\xa5nV\x05\xecq\x1d\x8eV\
\x8a<Pt\xa9\xdb\x16r\xd0\xa0\x10bH\xfc\xa4R\
j>\xed\x10\xc3L.\xf7\x1b@k\xfd.\xf0P\xda\
9\x84\x10\xe3\xcbO\x12\xce\xf6\x06|\xbb\xedq\xaa\xdb\
'\xc9\xf8\x98\x9c\x02\xea\xb6\xc5\xdd\xc5<\x9f.\x178\
\xe8\xe6\xc8m\xd17\x90 \x89Y\xf2;\x5c\xf2\x969\
\xdb\x99\xe7RoYvbe\xc0\xc1\xe2$?\xba\xfb\
(\xdbs\x95\xb1\xed\xbe\xf2\x93\x88\x17\x17\xcf\xf1\xfa\xca\
%Za?\xed8b\x13\x15,\x87\xa7&\x0e\xf2\x03\
\xdb\x1f\xc8\xfc\xfb}\xf5\xc1C\x9f\x0f\xba}f\xfa>\
\xfd\x94\x96\xb4\x03\xd8\x86\xe2p!\xcf\xa3\xd5\x22\x87\x0b\
yJ22(\x84\x18\x1e\xef)\xa5\x1eN;\xc4\xb0\
\x93\x0e\xac\x8d\xf1\x93\xc0o\xa7\x1dB\x081\xber\x86\
\xc1\x03\xe5\x025\xdb\xa2nY\xbc\xdd\xee\xe1\xc5qf\
\xfb747\x17\xbc{,\x04!\x9f*\x15\xb8\xaf\x94\
g\xda\xb17\xfd\xc9\x8ac\x98\xecrkL\xe6J\xec\
u\xeb\x5c\xe8-r\xae\xb3\xc0\x8c\xb7\x82/\xfb\x86R\
Q0m\x9e\x9f\xba\x9b\xe9\x5c9\xf3_\xe67\xd3\xb9\
\xee\x02\xa7:s\xb4etp\xe4\xd5l\x97\xddn-\
\xd3\xef\xf7Pk\xce\xf7\x06\x9c\xec\xf69\xe7\x0dh\x84\
q\xaa\x0fG\xca\xa6\xc9\x03e\x97G*Ev\xe7\x9d\
-{\xe8!\x84\x10\x1b\xe4'\xd3\x0e0\x0a\xa4\x80\xb5\
\x01\x94R\xbf\xa3\xb5\xfeM\xe0\xc7\xd2\xce\x22\x84\x18_\
\x06\xb07\xefP\xb1L\xaa\x96\xc1\xb1v\x8f\x85 \xca\
t7\x96\x9f$\x5c\xf6|\x9aa\xccB\x10\xf2\xe9\x92\
\xcb\xc1-\xda\x8d\x953,\xf6\x15&\xd8\x96+\xb3\xcf\
\x9d\xe0\x5cw\x81\x0b\xbdE\xae\xf7\x9b\x04Iv\xf7\x89\
\x8d\x1a\xa5\xe0\x91\xfa>\xee)m\xc3R\xe3\xdbM1\
\xefwx\xa7y\x95\xf9AGF\x07\xc7@\xdd.d\
v|0\x01\xae\x0f\x02N\xf7\x06\x9c\xe9\xf6\xb9:\x08\
R?\xfcbg\xce\xe6\xc1r\x81\x87*\x05\xa6l+\
\xd3\x85?!\x84\xf8\x10\xbf\xa9\x94\xfa\x9d\xb4C\x8c\x02\
\xb9\xfao\x10\xad\xf5}\xc0\xa9\xb4s\x08!\x04@\x90\
$\x1c\xef\x0ex\xbb\xd5\xe5R\xdf'Hk\xcb\xeem\
\xc8\x19\x8a\xddy\x87\x07\xcb\x05\xee)\xba[zR\xa1\
\x06\xfaq\xc0\x15o\x85\x0b\xbd%fz\xcb\x5c\xeb7\
\xe5\x04\xb8M\xa6P\xec-\xd4\xf8\x89\xbd\x8f3\x95+\
\xa1\xc6\xf4c\x89\x9fD\xbc\xb0x\x867V.K\xf7\
\xd5\x18\xc8\x9b\x16ON\x1c\xe4\x07w<\x80\xa5\xb2\xb3\
\xef-\x01\x9aa\xc49\xcf\xe7\x83\xae\xc7\xb9\x9e\x8f\x9f\
\xd2\xe9\x827\xd9\x86\xe2\xaeB\x9e\x87\xcb\x05\xee-\xb9\
22(\x84\x18V\xf7+\xa5>H;\xc4(\x90\x0e\
\xac\x0d\xa2\x94\xfa@k\xfd3\xc0\xdfK;\x8b\x10B\
8\x86\xc1#\x95\x02u\xcb\xe4\x9d\xb6\xc7\x07\xbd>\xed\
(J\xed\xb4\xa8[\xe1'\x9aK\x9e\xcfJ\x18s#\
\x08\xb9\xbf\xe4r \x9f\xa3\xb0\x05_X\x14P0\x1d\
\xee-\xef\xe0@a\x92+\xa5\x15\xcev\x16\xb8\xdao\
p\xddk0\x90B\xd6\x86S\xac\xee\x01\xfa\xcc\xd4\xdd\
c]\xbc\xd2\xc0\xd9\xce<'Z\xb3t\xa4x5\x16\
\xaav\x81\x9d\xf9jf\x8aW\x1a\xf0\xe2\x84\xcb}\x9f\
3\xbd\x01\xa7\xba}\x9aa\xfa\xd7\xbc\x8aero\xc9\
\xe5\xf1j\x91=yGN\x19\x14B\x0c\xab\x9f\x91\xe2\
\xd5\xc6\x91;\xc1\x06\xd2Z+\xe0\x1cpW\xdaY\x84\
\x10\xe2\xa6V\x18\xf3v\xc7\xe3x\xc7cn\x10\xa4v\
r\xd4\xed\xb0\x94b\xc7\xda\xc8\xc8=\xc5<\xbbr\xf6\
\x96\x8f\x8c\x04I\xc4U\xaf\xc1\xe9\xce\x0d.{+\xcc\
\xf6\x9b\xb2#k\x03\xd9\x86\xc9\xe3\xf5\xfd\xfc\xf0\xce\x87\
\xb0\xb6`d4\xab\x16\xfc\x0e\xbf7\xf7>\xe7\xba\x8b\
\x842\xba:\x16\xee\xab\xec\xe4\x07w\xdc\xcf\xae|-\
\xed(\x04\x89f\xd6\x0f8\xe7\x0d8\xd1\xe93\xeb\x87\
\xe8\x94\xef\x11\x0a\xd8\x91_\xbd\xfe?Z)R\xb3\xe4\
\x94A!\xc4\xd0\xba\x00\xdc\xad\x94\xca\xfe\x87\xef!!\
\x1dX\x1bH)\xa5\xb5\xd6\x7f\x1f\xf8\xf5\xb4\xb3\x08!\
\xc4MU\xdb\xe4\xf9Z\x89I{\xb5\x1b\xeb\xa2\xe7g\
z\xc1;@\xa45\xd7\x06\x01Ka\xc4\xd5A\xc0\xd1\
J\x81\x03n\x8e\x8a\xb5u\x1d\x0b\x8eaqWi\x9a\
\xfd\xc5\x09.\xf5\x96\xf9\xa0=\xc7\xb5~\x93\xb9A\x8b\
A\x1cf\xfa\xe7\x97u\xa62\xd8\xe3\xd6\xf8\xcc\xf4=\
c]\xbc\xf2\x93\x88c\x8d\x19\xaex\x0d)^\x8d\x09\
\xcb0\x99r\x8aL:\xa5TsDZ\xb3\x1cD\x5c\
\xea\xfb\x9c\xea\xf69\xeb\x0d\x882\xd0\xa2\xeb\x18\x06\x07\
\x0b9\x1e\xad\x14x\xa0T\x90E\xedB\x88a\xf7\xf7\
\xa5x\xb5\xb1\xe4\xae\xb0\x09\xb4\xd6\xbf\x0b\xfcp\xda9\
\x84\x10\xe2{\xcd\xfa!\xc7Z=Nu=\x1aa\x9c\
\xfab\xde[a(\xa8\xd9\x16\x8fV\x8a\xdc_r\xd9\
\x91\xb3S\x19%I\xb4f\xc6[\xe6D{\x96+^\
\x83E\xbf\x83\x17\x07\x99^\x92\x9fE\x0aE\xdd)\xf0\
C;?\xc5\x83\xd5=i\xc7I\x8d\x06N\xb5g\xf9\
\xbd\xb9\xe3,\xf9])\x88\x8e\x89I\xa7\xc8\xe7\xb6\xdd\
\xc3\xd3\x13\x87Ry\xfdHk\xdaQ\xcc\xd5A\xc0\x07\
\xdd>'\xbb}\xfaq\xba{\xaen\x9a\xb0-\xee.\
\xe6y\xae^f\xbbcK\xd7\x95\x10b\xd8}M)\
\xf5#i\x87\x185rk\xd8\x04Z\xebO\x03\xef\xa7\
\x9dC\x08!>L/Nx\xa7\xdd\xe3\xbd\x8e\xc7\xdc\
 d\x90\xf2\x92\xde[e)\xc5\xa1B\x8e'\xaa%\
\xf6\xb9\x0eu{\xeb\x96\xbc\x7f7\x8df\xc6[\xe1T\
{\x8e\xab^\x83\xa5\xa0K;\x1c\x10\xeb\xe1\xf89\xa6\
\xcd5m\x9e\xa8\x1f\xe0/\xef\xfc\xf4X\x9f$\xb6\x1c\
\xf4\xf8\xad\xebos\xb1\xb7L$\xddWc\xe3Hy\
;_\xdcv\x1f\x07\x8a\x93[\xfa\xba\x89\xd6t\xe3\x84\
Y?\xe4\xf4Z\xe1\xaa\x91\x81=W\xb0\xba\xa8}g\
\xce\xe1h\xb9\xc0\x13\xb5\xe2\x96\x9cB+\x84\x10[\xe0\
A\xa5\xd4\xf1\xb4C\x8c\x1a\x19!\xdc\x04J\xa9\xe3Z\
\xeb/\x03\x7f7\xed,B\x08\xf1\xbd\x8a\xa6\xc13\xb5\
\x12\xdb\x1d\x9bc\xed\x1e\x17\xbc\x01\xed(\xc9|'Q\
\xa45g{\x03\xae\x0c\x02\x1e\xa9\x14y\xb8R`\x9b\
cS4\x8d--d)\x14\x07\x0a\x93\x1c(L\xb2\
\xe4w9\xd5\x99\xe3lw\x81E\xbfK;\xec\xcb(\
\xd8\xc7\xb0\x0c\x93\xbd\x85:\xcfO\x1d\x1e\xeb\xe2U\x90\
D\xbc\xb6|\x91\xab^S\x8aWc\xc4P\x8a\xa9\x5c\
\x89m\xf9\xf2\x96\xbd\xe6\xea\x09\xab\x09\xf3A\xc8\xd9\xee\
\x80\xf7\xbb\x1e\x0bA\x94\xfa\x9e+X}\x8a^\xb2L\
\x0e\x16r|\xb6^a\xbf\xeb\xa4\x1dI\x08!6\xca\
\x97\xa5x\xb59\xc6\xf7\xd3\xe3\x16\xd0Z\x9f\x01\xeeI\
;\x87\x10B|\x94V\x14\xf3v\xbb\xc7{m\x8f\x85\
 $\xc8\xc0\x0e\x94[U\xb3L\x9e\xad\x97\xb9\xb7\xe4\
2i[\xd8Fz\xe7\xd8\xb5\xc2>\xe7\xba\x0b\x9c\xea\
\xccq\xa3\xdf\xa6\x1d\x0d\xf0\xe3\x08-\x83a\xdfa(\
\xc5\xb6\x5c\x99\x1f\xda\xf9i\xee-\xefH;Nj4\
\x9a\x0f\xda7\xf8\xea\xec;4\x83~\xdaq\xc4\x16\xaa\
\xd8y\xbeo\xfa\x08\xcfM\x1d\xde\xf4\xd7\xd2\x80\x9f$\
\xac\x84\x11\x17<\x9fw\xda\x1e\xd7\xfa>Y\xe9\x13\xb5\
\x94b\xda\xb1x\xa0\xec\xf2\x99zeKN\x9b\x15B\
\x88-rV)u$\xed\x10\xa3J\x0aX\x9bHk\
\xfdc\xc0\x7fJ;\x87\x10B|\x9cHk\xce\xf5\x06\
\xbc\xd1\xeaq\xc9\x1b\xe0\xc5\xc9\xd0\x94]\x94R\xdc\xe5\
:<S/\xb3/\x9f\xa3l\x19\x98)v\xf6\xf8I\
\xc4\xa5\xde\x12\xef\xb5\xaes\xc5[\xa1\x1d\xf6\xf1\x93(\
\xf3\xddm[\xa1l\xe5yj\xf2 _\xda~\x1f\xe9\
\x95\x1a\xd3\xb7\x1c\xf6\xf8\xf73or\xbd\xdf\x94\xb1\xd3\
1b\x1b&\x87K\xd3|v\xfa\x1e\x0e\x17\xa77\xf5\
\xb5\x82du\xcf\xd5\x85\xfe\x80\xb7[=f\xfa\x01Q\
F\xaeA\x0apM\x83\xbdy\x87\xe7'*\x1c)\xe6\
\xc7\xf8j \x84\x18Q?\xae\x94\xfa\xcd\xb4C\x8c*\
\xb9gl2\xad\xf5W\x80\xff&\xed\x1cB\x08\xf1I\
V\xc2\x88c\xad\x1eo\xb7{4\xc383_xn\
\x85m(\x1e\xa9\x14y\xbcZd\xda\xb1q\x0d#\xd5\
\x05\xc0Q\x92p\xad\xdf\xe0\xbd\xd65.\xf6\x96h\x85\
}\x06I4\xb6\xe3b\x8earoy\x07?\xb6\xe7\
\x11\x0a\xe6\xf8\x8e\x09\x05I\xc4\xef\xce\xbd\xc7;\x8d\xab\
\x04c\xfa^\x18'\x0a\x85m\x98\x14,\x9b\xdd\xf9\x1a\
\x8f\xd4\xf6qOy;\xaeio\xca\xeb\x85Z\xe3\xc5\
\x09\x97<\x9f\xb7Z].\xf5\xfdLu\xd5\x9aJQ\
\xb3M\x1e(\x15\xf8\xecD\x99\xea\x16\x9e*+\x84\x10\
[\xe4?*\xa5\xfez\xda!F\x99\x14\xb06\x99\xd6\
\xfa.\xe0\x0c wi!D\xe6\x85\x89\xe6\x9c7\xe0\
\xe5F\x87+\xfd\x00?\x19\x9en,\x80\x8ae\xf2X\
\xb5\xc8\xd1J1\xf5\xb1\xc2\x9b\x1a\xa1\xc7\x99\xce<'\
\xda\xb3\xcc\xf6\x1b\x0c\xe2\x980\x89\xc7f\xbc\xd0P\x8a\
\xddn\x8d\x1f\xde\xf9 \x07\x8bSi\xc7IM\x82\xe6\
\xdd\xc6U\xbe:\xfb.\x838L;\x8e\xd8D\x86R\
8\x86E\xc9r8P\x98\xe4h}\x1f\x07\x0a\x93\xe4\
\x8c\xcdY=\x1bi\xcd \xd1\x5c\xed\xfb\xbc\xd5\xeaq\
\xae7\xa0\x9f\xa1\xc39\x14\x903\x0cv\xe6m\x9e\xaa\
\x958Z.\x8c\xf5\x0e<!\xc4\xc8\x8a\x81#J\xa9\
\x0bi\x07\x19er\xf7\xd8\x02Z\xeb\xff\x03\xf8\x85\xb4\
s\x08!\xc4\xadZ\x09#\xdel\xf5x\xab\xd9\xa5\x1b\
'\xc4C\xd4\x8d\x05\xb0#g\xf3L\xad\xc4\xbd%\x97\
\x8aeb\xaa\xf4\x0bY~\x12q\xd5k\xf0N\xf3*\
\xe7{\x0btC\x9fP\xc7#=^\xa8\x80\xbaS\xe0\
\xf9\xa9\xc3<?uw\xdaqR\xa3\x81E\xbf\xcd\xbf\
\xba\xf8\x12\xedp0&\xa5\xcb\xf1c)\x03\xcb0\x99\
\xce\x95x\xa0\xb2\x8b\x87j\xbb\x99tJl\xd61\x13\
\x89\xd6\x04Z3\xd3\xf7y\xbd\xb9Z\xb8\xca\xda\xa9\xb2\
\xa6RT-\x93\x07\xcb\x05\x9e\xaf\x97\xa9\xda\xf2<W\
\x081\xb2\xfe\xb6R\xea\x17\xd3\x0e1\xea\xd2\xfe<?\
6\xb4\xd6\xaf\x03O\xa6\x9dC\x08!nU\xa45\x97\
\xfb>\x7f\xba\xdc\xe6\xa2\xe7\x13\xeb\xe1\xea\x19R\x0a\x0e\
\xba9\x9e\xab\x97\xb9\xab\x90O}\xac\xf0&\x8d\xa6\x19\
\xf49\xd1\x9e\xe5\xfd\xd6u\xae\x0f\x9a\xc4I2\x92\xfb\
\x90\xf2\x86\xcdC\xb5\xdd\xfc\xc8\xae\x87p6\xa9\xfbd\
\x18\xf8I\xcc\xbf\xb9\xfc*\x17{\x8b#]\xb0\x1cG\
\x0a\x85\xa9\x14\x8eir\xa88\xcd\xa3\xb5}\x1c.M\
\xe3n\xe2\xa8l\x02\xc4Zs}\x10\xf0r\xa3\xc3\x99\
\xde\x80~\x9c\xad\xeb\x87\x02l\xc3`\xbf\x9b\xe3\xb3\x13\
e\x8e\x14r(\xe9\xba\x12B\x8c\xae7\x94RO\xa5\
\x1db\x1c\xc8\x9dd\x8bh\xad?\x0f\xfci\xda9\x84\
\x10\xe2vu\xe2\x98o\xb7<\xbe\xb5\xd2\xa6\x1b\xc5C\
U\xc4\x02\xb0\x0c\xc5\xbd\xc5<\xcf\xd5\xca\xec/\xe4\xb0\
2\xd0\x8duS\x90D\x5c\xf1Vxk\xe52\xa7:\
7\xf0\x93\xd5\xe3\xed\x87\xedg\xfca\x0c\xa5\xb8\xbb\xb4\
\x8d\xbf\xb6\xfb(SN1\xed8\xa9\x89t\xcc\xb7\x16\
\xcf\xf1\x877N\x8d\xcd\xd8\xe88P(\x94\x82I\xa7\
\xc8C\xb5=<R\xdb\xcb\xa4S\xc2T\x9bw\x9a\x9e\
\x06\xb4\x86\xab\xbe\xcf\x8b+\x1dNw\x07\xf8\x19\xeb\xb8\
\x82\xd5/\x17U\xdb\xe4\xf1j\x89gje\xca\x96\x9c\
0(\x84\x18y\xdf\xa7\x94\xfaf\xda!\xc6AV>\
\xc3\x8f\x05\xad\xf5?\x07\xfeV\xda9\x84\x10\xe2v\xc5\
Z3\x17\x84|c\xa9\xcd\xa9\x8e\x97v\x9c\xdb\xa6\x80\
\xbcip_\xc9\xe5\xd9Z\x89\xbdy'3;XV\
\xbf\x94jzq\xc0\xa9\xf6,\xef\xb5\xaeq\xbe\xbb@\
\x86v/\xdf\x91\xddn\x8d/n\xbb\x8fOUw\xa5\
\x1d%5\x89\xd6\xcc\xf4\x97\xf9W\x17^\x22\x1a\xc1\x0e\
\xbbqe\x19\x06\xf7\x96w\xf0x}?\x87K\xd38\
\x86\xb5%'k^\xee\x07\xbc\xb0\xd2\xe6l\xafO\x98\
d\xb3\x1cj*\xc5\xdd\x85<\x9f\x9b,s\xa8\x90G\
JWB\x881\xf0\xcbJ\xa9\xff-\xed\x10\xe3\x22\x1b\
\x9f\xde\xc7\x84\xd6\xba\x00\x9c\x06\xf6\xa6\x9dE\x08!n\
\x97\x06zq\xc2\x89\x8e\xc7\x7fYn\xd3\x0a\xa3\xb4#\
\xdd6C)J\xa6\xc1\xfd%\x97\xa7k%v\xe5\x9d\
\xcc\xdc\x085\x90\xe8\xd5Q\xc2F\xe8q\xb25\xc7;\
\xad\xab\xdc\xe8\xb7\x87\xaes\xa7j\xbb<3u\x88\xcf\
M\xdd\xb3\xa9\x1d)Y\xa6\x81V\xe8\xf1\xff^~\x95\
\xb9~+\xed8b\x9d\x0c\xa5\xd8\x95\xafq\xb4\xbe\x87\
\x87\xaa{)\x9a\x0e\xa626\xbd\x10\x9e\x00\x97\xbd\x01\
/\xact\xb8\xe0\xf9\x84:\xc9lq{\xda\xb1y\xa6\
^\xe2\xe1r\x81\xa2ifbd[\x08!6\xd9U\
\xe0^\xa5\xd4\xf0=\xdd\x1dRrk\xd9bZ\xeb\x9f\
\x00~=\xed\x1cB\x08q'4\xab\xbb\xb1V\xc2\x88\
\x17W:\x1ck\xf5\x86n\xc1\xbbbm\xb1\xb0m\xf2\
@\xc9\xe5\x89j\x89\x1d\xb9\xcd9\xd6\xfeNi4Q\
\x92\x10\xea\x98\xf9A\x9b\x13\xedY\xdek]\xa7\x1d\xf6\
3\xbfC\xc96L\x8e\xd6\xf6\xf2\x83;\x1e\xa0l\xe5\
\xd3\x8e\x93\x1a/\x0e\xf8\x83\xb9\x13\xbc\xd9\xb8\x9c\xf9\xdf\
\x99\xf8p\xa6R\xd4\x9d\x02\xf7\x95w\xf2\xe9\xeanv\
\xe6+X\xca\xc42\xccM\xff\x00\x1di\xcd9\xcf\xe7\
\xb5F\x87K}\x9f \xd1\x99\xbd\xd6\xe6M\x83\x87\xca\
\x05\x9e\xaa\xad^K\xb34\xa6-\x84\x10\x9b\xeco*\
\xa5\xfeC\xda!\xc6\x89\xdc_R\xa0\xb5\xfe\x0d\xe0\xaf\
\xa7\x9dC\x08!\xeeT\x02xq\xcc\x95\xbe\xcf7\x96\
\xda\x5c\x1b\x04iG\xbam\x0ap\x0cE\xdd\xb6x\xa0\
\x5c\xe0\xd1J\x91mN\xf6\x16\x8d\xc7:!Hb\xfa\
q\xc8\xa5\xde\x12'\xdb\xb3\x5c\xe8-\xe2EA&\xfb\
\xb2\xee-o\xe7K\xdb\xefgo\xa1\xbe%cUY\
\x14$\x11\xc7\xdb\xb3\xfc\xd6\xb5w\x08\x92\xe1\xebT\x1c\
gJ)\xcaV\x8e{\xca\xdb\xb9\xaf\xbc\x83\xfd\x85I\
r\x86\x85c\x98[\xd2M\xd8\x8f\x13>\xe8\xf5y\xab\
\xd5cn\x102H\x12\xa2\x8c\x16\xae\x94\x82\x03n\x8e\
gke\xee*\xe4(\x98\x06fFF\xb3\x85\x10b\
\x0b|E)\xf57\xd2\x0e1n\xe4.\x93\x02\xad\xf5\
~\xe0\x03\xc0M;\x8b\x10B\xacG\xa85\x9d(\xe6\
\xbd\xb6\xc7\x8b\x8d\xceP.y7\x14\xe4\x0c\x83\xbae\
qw1\xcfc\xd5\x22;3\xd6\x91\x05\xab\xddoa\
\x121\x88#\xfaI\xc0l\xbf\xc5\xb9\xee\x02\xe7\xba\xf3\
\xb4\xc2A&\xba|v\xe5\xab|v\xfa\x1e\x1e\xaa\xed\
\xc1\x1a\xd3\xd1\xc1Dk\xae\xf5\x1b\xfc\xfa\xd57Y\xf2\
{i\xc7\x11\xb7@\x01e;\xcf\xa1\xe2\x14\xf7\x94\xb6\
\xb3\xaf0A\xd1r\xc8\x1b6\xb6an\xfa\xebk\xa0\
\x1b%\x9c\xecz\xbc\xd3\xf1X\xf0C\xfaqv\x0bW\
\x00e\xcb\xe4\xf1j\x91\x87+\x05\xa6l\x1b\xdb\x18\xd7\
r\xb5\x10bL\xf5\x81\xfb\x94R3i\x07\x197r\
\xafI\x89\xd6\xfa\x7f\x05~9\xed\x1cB\x08\xb1\x11\xbc\
8a>\x08y\xb9\xd1\xe1T\xa7O\x98\xe1/^\x1f\
\xc5\x00r\xa6\xc1\x84mq\xa4\x98\xe7\xd1j\x91\xedN\
\xf6\x0aY\xf0\xdd\xc5\xac\x90N4\xe0Z\xbf\xc9\xf9\xee\
\x22\x97\xbde\x9aa\x1f\x9d\xc2\xcf\xbfl\xe5xz\xf2\
\x10\xcfM\x1d\xa6`:[\xfe\xfaY\xd1\x08=\xbe6\
\xfb>'[\xb3$CW\xce\x1d\x1f\x0a(Y9\xf6\
\x16&\xd6\x8aVu*\xb6\x8bk\xda8\x86\xb9%\xdd\
\x83\x89\xd6,\x871\xc7\xbb\x1e\xa7:}V\xc2\x88^\
\x9cdvT\x10VOu\xfdt\xb9\xc0\xa3\x95\x02\xbb\
s\x0eEs\xf3\xf7\x80\x09!D\x06\xfd-\xa5\xd4\xaf\
\xa4\x1db\x1c\xc9\x1d'EZ\xeb?\x02\xbe\x94v\x0e\
!\x84\xd8\x08\xb1\xd64\xa3\x98\x0b\xde\x80\xd7\x1a=\xe6\
\xfc \xd3\x1d\x04\x1f\xc5P\xe0\x1a\xab\x85\xac\xbb\x8by\
\x1e\xa9\x16\xd9\x91\xd1B\x16\xac\xee\xcb\xf2\xe3\x08/\x0e\
\xe8\xc5\x01\x0b~\x87\xcb\xbde.\xf6\x16Y\xf2\xbb[\
\xf2e\xd82\x0c\x1e\xa9\xed\xe3\xf3\xd3G\x98\xce\x956\
\xfd\xf5\xb2\xaa\x1b\xf9\xbc\xd9\xb8\xc4\x9f\xcc\x9f\xc1\x97\xd1\
\xc1\xccQ@\xcd)\xb0\xbf0\xc9]\xc5)v\xe4+\
\x94\xad<E+G\xce\xb0\xb6\xac\x10\x13$\x9a9?\
\xe0D\xb7\xcf\x05\xcf\xa7\xb1V\xb8\xcaB\x17\xe5GQ\
J\xb1\xdfux\xb2Z\xe2\x80\x9b\xa3n\x9bXR\xb8\
\x12B\x8c\xa7o(\xa5\xfeR\xda!\xc6\x95\xdcyR\
\xa4\xb5~\x08x7\xed\x1cB\x08\xb1\x91\x06I\xc2r\
\x10q\xba7\xe0X\xab\xc7r\x18e\xfa\x8b\xd9GQ\
@\xd14\x98pl\x0e\xb8\x0e\x0f\x95\x0b\xecus\x99\
>\x16^\xb3\xba\x7f\xc9\x8b\x02ZQ\x9f\x85A\x9b+\
^\x83\xab\xfd\x06\x0b~\x870\x897\xe5u\xef\xab\xec\
\xe0\xf3\xd3G8P\x98\x1c\xdbn\x8c0\x899\xdb]\
\xe0wg\xdfe%\x90\xc3\x88\xb2\xc24\x0c\xa6\x9d\x12\
\xfb\x0a\x13\xec+L\xb0-W\xa6\x92B\xd1\x0aV;\
Ug\x06>\xa7\xba}\xae\xf4\x03\x9aa\x84\x97$d\
\xfd\xf2X\xb7-\x9e\xa8\x159Rt\xd9\xe6X\xe4\x0c\
C\xbe@\x08!\xc6\xd9\xc3J\xa9\xf7\xd2\x0e1\xae\xe4\
\xfe\x932\xad\xf5\xff\x09|9\xed\x1cB\x08\xb1\xd1:\
Q\xcc\xac\x1fr\xbc\xe3q\xaa\xdb\xa7\x1dmN\xf1d\
\xb3)\xc05\x0d&m\x8b\xbdn\x8e\xfbK.w\x15\
r\xd8\x19/\xd4\xdc\xec\xcc\xea\xc5\x01\xdd\xc8\xa7\x15\xf6\
\xb91hs\xad\xdf\xe0\xfa\xa0I;\x1cl\xc8\xa8\xe1\
n\xb7\xc6\xe7\xa6\xef\xe1\x81\xca.\x9c-\xd8\x17\x94E\
\x1a\xcd\xf5~\x93\xdf\x9f;\xc1\xf9\xee\x82\x0c\x0e\xa6\xcc\
1Lv\xe4+\xecq\xeb\xecu\xebL\xe5J\x94\xad\
<%+G\xce\xb4\xb6\xfcp\x81F\x18q\xc1\xf39\
\xe7\x0d\x98\x1d\x044\xa3\x98~\x9cli\x86;\xe1\x18\
\x8a\x07\xcb\x05\x1e\xae\x14\xd9\x9d\xb3)Zf\xa6\x0b\xf8\
B\x08\xb1\x05\xfe\xaeR\xeag\xd3\x0e1\xce\xb2\xfd\xe9\
{Lh\xad_\x06\x9eM;\x87\x10Bl\xb4Xk\
\x1aa\xcc\xa5\xbe\xcf\xbbm\x8f\x99\xbe\xcf \xc9\xfe\x17\
\xb7\x8f\x927\x0d\xa6l\x8b\xdd\xf9\x1c\xf7\x95\xf2\xdcU\
\xc8\x91\x1f\x92n\x84X'xq@;\x1c\xd0\x8e\x06\
\xac\x04=\xae\xf7\x9b\xcc\x0eZ\xdc\xe8\xb7\x88\xf4\xed\xff\
^*v\x9e\xe7\xa7\xee\xe6\xf1\xfa~JVn\x13R\
\x0f\x87\xe5\xa0\xc7\x0b\x8bg9\xd6\x98\xd9\xb4.7\xf1\
\xd1\x94\x82\x09\xa7\xc8\x8e\x5c\x95\xddn\x95m\xf9\x0aU\
\xcb\xa5b\xe7)[9l\xc3\xda\xf2\x7fGC\xad\x99\
\xf3C\xcey\x03\xae\xf6\x03\x16\xfc\x90f\x14\x11$\xd9\
/o\x9aJqW!\xcf\xd1\x8a\xcb~7\xc7\xa4m\
c\x0e\xc3EN\x08!6\xd7+J\xa9\xe7\xd2\x0e1\
\xee\xe4v\x94\x01Z\xeb\xa7\x81W\xd3\xce!\x84\x10\x9b\
\xc5O\x12\xe6\xfd\x88s\xde\x80\x13\x1d\x8f9?\x1c\xca\
\xfdX79\x86\xc1\xb4c\xb1+\xe7pW!\xc7\xe1\
B\x8e\x8ae\x0e\xcd\xf8\x9cF\x13$1\xed\xb0O+\
\x5c-f\xdd\x18\xb4Y\xf0\xdb,\xf8\x1d\x9aa\xff\x13\
\xc7>\x1d\xc3\xe4\xf1\x89\x03<7yx\xac\xf7^u\
\x22\x9f\xb7\x9bWxa\xe1,\x9dh\x90v\x9c\xb1\xa0\
\x80\xbce3\xed\x94\xd9\x9e\xaf\xb0+_a2W\xa2\
b\xb9T\xed<E3\x97\xda\xbf\x8b\xed(\xe6\xca \
\xe0\x827`n\x10\xb2\x18Ft\xa38\xd3\x8b\xd9o\
2\x95bg\xce\xe6\xe1J\x81C\x85<;\x9d\xd5\xd3\
\x05\x85\x10B\x00\xf0\x8cR\xea\xb5\xb4C\x8c;\xb9+\
e\x84\xd6\xfa\xa7\x80\xbf\x9fv\x0e!\x84\xd8L7\xc7\
\x0a\xcf{\x03Nw\xfb\xcc\x07\xc3\xb9\x1f\xeb&K)\
\xa6\x1c\x8b\x1d9\x9b}\xf9\x1cw\x15rl\xcb\xd9\x99\
\x1f/\xfc^\xb1NhG\x03\xdaa\xff\xcfuh-\
\xfa\x1d\x16\xfc.\xcd\xd0#\xfa\xae\xce9\x05\xdc_\xd9\
\xc9\xe7\xb7\x1da\x9f;14\x85\xbb\x8d\x16$\x11\xa7\
;\xf3|c\xfe\x147\x06\xed\xb4\xe3\x8c,\x058\xa6\
\xc5\xa4S\x5c+Z\x95\x99\xcc\x15\xa9X.\x15\xdb\xa5\
n\xbb8\x86\x95Z\xbeD\xc3b\x1023\xf0\xb9\xe4\
\x05\xcc\xf9\x01KA\x84\x9f\x0c\xc79\x94\x86\x82\xbae\
q_\xc9\xe5\xbe\x92\xcb>\xd7\xc15dXP\x08!\
\xbe\xcbO+\xa5\xfe\xaf\xb4C\x08)`e\x8a\xd6\xfa\
M\xe0\xf1\xb4s\x08!\xc4f\xd2@+\x8a\x99\xf1|\
\xce\xf4\xfa\x9c_;\x85k\x18\xbe\xe8}\x14\xa5\xa0f\
Y\xec\xcc\xd9\xecu\x1d\x0e\xba9v\xe5\x1c\x0a\xe6p\
~\x09\x8cuB7\xf2i\x86}Z\xa1\xc7r\xd0c\
\xc9\xef\xb2\x14\xf4X\xf6\xbb\xd4l\x97\xcfL\xdf\xcd\x91\
\xf2\x0er)\x16\x0e\xd2\x94h\xcd\x8c\xb7\xcc\x9f,\x9e\
\xe1Lg~C\xf6\x89\x89U\x0a\xc8\x99\x165\xbb\xc0\
\x84Sd:Wb2W\xa2f\xb9Tm\x97\x9a]\
\xa0h9i\xc7\xa4\x17'\x5c\x1b\x04\x5c\x19\x04\xcc\x0d\
\x02n\xf8!+a44\xdd\xa5\x86\x82\x92ir\xa4\
\x98\xe7Hq\xb5p5a\x8f\xe7\xbf\xcfB\x08\xf11\
\xdeRJ=\x91v\x08\xb1J\x0aX\x19\xa2\xb5~\x1e\
x1\xed\x1cB\x08\xb1\x15b\xadY\x0e#.z>\
g{\x03.\xf7\xfd\xa1]\xf4\xfe\xddJ\x96\xc9\x0e\xc7\
f\x8f\xeb\xb0/\x9fcO\xde\xa66D\xe3\x85\x1f&\
LbZa\x9fF\xe8\xd1\x0c=\xcaV\x9e\xbdn\x9d\
\xe2\x18\xef\xbdZ\xf0;\xbc\xbct\x9ec\x8d\x19\x02\xd9\
{\xb5.\x86R\x14M\x87\xaaS\xa0n\xbbL8E\
\xeav\x81\x8a\x9d\xa7j\x17\xa8;\x05JV\x8e,l\
\x9b\x8b\xb5\xe6F\x10rm\x100;\x08\x99\xf5W\x0b\
W\x83x8\xba\xad`\xed\x84U\xcb\xe4\x80\x9b\xe3\x9e\
b\x9e\xbb\xdc\xd5\xce\xd1\xf4\x7f\xbaB\x08\x91I\x9fQ\
J\xbd\x94v\x08\xb1J\xeeU\x19\xa3\xb5\xfe\x19\xe0\xef\
\xa6\x9dC\x08\xea\xdd\x97<\x00\x00 \x00IDAT\
!\xb6J\xa85\x0b~\xc4Y\xaf\xcf\xf9\xde\x80\xab\x83\
\x00o\x08N\xe8\xfa$\x8e\xa1\x98vl\xf6\xe4\x1d\xf6\
\xe4\x1dv\xe7\x1c\xb69\x16\xf9!\xed\xca\x12\x7f\xa6\x13\
\x0d8\xd6\x98\xe1\xe5\xa5\x0b\xb4\xc2~\xdaq\x86\x8ec\
X\x94\xad\x1c\x15\xfbfG\x95K\xdd)P]\x1b\x07\
\xac\xd9\x05\x0a\x96\xb3\xe5\xa7\x05~\x94\x84\xb5\xf1\xe7A\
\xc0u?\x5c\xfd\xf3 \xa0\x11\xc5C7\x02]0\x0d\
\xf6\xe6W\xf7\xf6\xddU\xcc\xb3+gc\x0dqq]\
\x08!6\xd9\x97\x95R\x7f/\xed\x10\xe2\xcf\xc8\x1d+\
\x83\xb4\xd6o\x01\x8f\xa5\x9dC\x08!\xb6\x92\x9f$\xcc\
\xfa!g{\x03.z\x03f\xfdp(\x8e\x9a\xff$\
JA\xc54\xd9\x93w\xd8\x9b\xcf\xb1\xdbu\xd8\xe1\xd8\
Tm9\x92~\x18\x05I\xc4\xc9\xf6\x1c/,\x9e\xe5\
z\xbf\x99v\x9c\xccs\x0c\x93\x92\x95[\xfb#O\xd9\
\xcaS\xb1\xf3\xd4\xd6\x0aU5\xdb\xa5\xea\x14\xc8gl\
\x14U\x03\xfd8a!\x08\x99\xf7Cf\xfd\xb5\xae+\
? \x1c\x82\x93\x04\xbf\x97k\x1a\xec\xca9\x1c*\xe4\
\xb8\xbb\x90gO\xde\xc1\x91\x05\xedB\x08\xf1q\x8e)\
\xa5d\xbdO\xc6\xc8\x9d+\x83\xb4\xd6\xcf\x01\xd2\xa6(\
\x84\x18K\x83$\xe1\xea \xe0Lo\xc0%\xcf\xe7\x86\
\x1f\xe2'\xc3_\xc8\x02\xc8\x19\x06\xdbr6\x07\xdc\xd5\
\xae\xac\xed\x8e\xcd\xa4c\xc9\xc2\xe4!\x91h\xcd%o\
\x89\x17\x16\xcfrZ\xf6^\xfd9JA\xce\xb0)Z\
9J\xa6C\xd1\xcaQ4\x1d\xcav\xfe;]V\xab\
\x1dV\x05\x5c\xd3\xc9\xe4H\xad\x06\x82$a%\x8cY\
\x0cB\xe6\xd6\x8aV\xd7\x07\xc1\xd0\x8e7\xe7\xd7\xae9\
\x87\xd6\xc6\x05\xf7\xb9\x0ey\xb9\xde\x08!\xc4\xadx^\
)\xf5r\xda!\xc4\x9f\x97\xbdO\x0f\x02\x00\xad\xf5?\
\x00\xe4\xa4\x03!\xc4\xd8\x1a$\x09\x97<\x9f\xd3\xbd\x01\
3}\x9fy?$\x1c\x91\x82\x81\xa1\xa0l\x9a\xecs\
s\xecs\x1dv:\x0eS\x8eE\xcd6e\x9c'\xc3\
\x16\xfc\x0e/.\x9d\xe3\xed\xc6\x95\xb1\xdd{\xa5P8\
\xa6\x89k\xd8\xb8\xa6M\xdetpM{\xb5Xe\xe5\
\xa99\x85\xef\x8c\x04\xd6l\x97\xbcigf\x14\xf0\xa3\
\x84Z\xd3\x8eb\x96\x82\x88\xf9 \xe4j?\xe0\xda \
`)\x08\x87f\xaf\xd5\xf7\xca\x19\x06S\x8e\xc5\x017\
\xc7\x91b\x9e\x03nnh\x0f\x95\x10B\x88\x14\xfc\x94\
R\xea\xffN;\x84\xf8\x8b\xb2\xfd\x89b\xcci\xad_\
\x05\x9eN;\x87\x10B\xa4i\x10'\x9c\xf7|Nv\
=\xae\x0d\x02\x16\x83\xe19\xe5\xebVXJ1\xe9X\
\x1crs\xecssL;\x16\x13\xb6E\xd92\xe5&\
\x9d!\xdd\xc8\xe7\x8d\x95K\xbc\xba|q\xe4\xf7^\x19\
Ja)\x93\x9ca\x913\xad\xd5?\xaf\xfd\x917\xed\
\xef\xec\xaf\xba\xb9d\xbdj\xe5\xa9\xd9\x05\xac!\xea\xec\
\x09\xb5\xa6\x1b\xc54\xc3\x98\xc50\xe4\xda d\xa6\xef\
\xb30\xe4\x85\xf2\x9ca0i[\xecu\x1d\xee-\xba\
\x1c,\xe4(I\xe1J\x08!n\xc7\xabJ\xa9g\xd3\
\x0e!>\x9c|6\xce0\xad\xf5\x13\xc0\x1bi\xe7\x10\
B\x88\xb4iVwd\x9d\xe9\x0d8\xd9\xe93\xe7\x07\
,\x85\xd1P\xee\xa2\xf98\x8e\xa1\xd8\x93\xcfqWa\
\xb5\x98U\xb3L\xaa\x96\x89kf\xe1\xfc\xb5\xf1\x15&\
1\xef\xb7\xae\xf3\xe2\xd2\xb9\x91\xd8{u\xb3@e\x1b\
&\xb6a`\xaf\xfdgGY8\x86I\xde\xb4)Z\
\xab\x1dUe+O\xd9\xceSY\xdb]U2sX\
\x86\x99\xf6?\xc2\x1d\x89\xb4\xa6\x1b'\xb4\xc3\x98\xa5p\
u<p\xa6\x1f\x8c\xc4\x98r\xce0\xa8\xdb&{\xf3\
\x0e\xf7\x95\x5c\xee*\xe4)J\xe1J\x08!\xee\xc4\x93\
J\xa97\xd3\x0e!>\x9c|\x1e\xce8\xad\xf5\xdf\x01\
~6\xed\x1cB\x08\x91\x15a\xa29\xe3\x0dx\xaf\xe3\
17\x08XY+d\x8dR)K\xb1\xbat\xf9`\
!\xcf!7\xc7\xee\xbcM\xc52)\x9b&y)f\
m\xa9Dkf\xbce\xfex\xe14g;\xf3\x99~\
\x9f\x99\xca\xc0R\xc6\xea\x9f\x8d\xd5?\x7f\xf7\xdf\xb3\x95\
\x89e\x18\xe4\x0c\x8b\x82\xe5|g\xb9z\xc1t(\x9a\
\xb9\xef\x14\xaa\x8a\x96\x83\xa5\x86\xb3H\xf5\xbd\x22\xad\xe9\
\xc5\x09\xdd(f9\x8c\xb8:\x08\xbe\xb3[o0\xe4\
E+X-z\xd7-\x8b=\xae\xc3\x03R\xb8\x12B\
\x88\xf5\xfa;J\xa9\x9fO;\x84\xf8h\xf2\x19x\x08\
h\xad\xff\x0b\xf0\x85\xb4s\x08!D\x96DZs\xa6\
7\xe0\xdd\xb6\xc7\xac\x1f\xd0\x18\xc1B\xd6Me\xcb\xe4\
P!\xc7a7\xcf\xce\xb5bV\xd14p\x0c)f\
m\xb6~\x1c\xf2\xca\xf2y\xdem^\xc3O\x22\xb4^\
}\x8f%h\xd0\x9a\x04\xd6\xfe\xde\xea\xdf\xbf\xf9\xdfk\
4Z\xeb\xd5\xff\xdd\xf70\xd4_\xfc\xbd\x19(\x94Z\
\xdd1\xa5P(\xa50\x00\xa5V\xff\xdaP\x0a\x03\x85\
\xa1\x0c\x0c\xa50\xbf\xfb\xafQ\x98\x86A\xde\xfc\xff\xdb\
\xbb\xf3p=\xcb\xf2\xde\xfb\xdf\xf3\x99\xd6\xcaJB\x08\
\x10D\x14\xa5\x8a\x03Nh\xb7\x82\xb3m\xb5\x16=@\
=Z\x07\x1c\xaa\xb6}[\xb7\x8a\xba}\xbb[\x8b\xec\
\xb1\xad\xbb\xd6\xbaw\xad\x88\xee\xda\xbeV\xdd\xb5bu\
\xfbZ\x95]\xabu\xd6\xaahqB\xb1X\x04\x14\x94\
\x84\x84\x90i\x0d\xcft\xee?\xee;!`BH\xb2\
\xd6\xba\x9e\xe1\xfb9\x8e\xeb\xb8WV\x92\xc3\xdf\x1ff\
\xdd\xf7\xf3\xe3\xbc\xae\xbb\xcd\x5c}.\xd5\xdc\xbe3\xaa\
\xda\xcc\xb5\xaas\xaa\xd65\xab7\x01\xce4Z#y\
\x88\xfar\xe9\x0e\x93\x85\xe1\x90=\x83\x01\xdb\xba\x03~\
\xb4\xb8\xc4\x0f\x16\x96\xb8q\xb1\xcb\xe2\x84Lm\xce4\
\x1alh5\xb9\xdbl\x9b\x87\xac\x9f\xe3\xb4\xb9Y\xd6\
X\x5cI\xd2\xd1\xf8DD<\xb9t\x08\xdd\xb1\xc9}\
z\x99 \x99\xf9\x00\xe0[\xc0d\xfc\xe7PIZF\
\x83L\xae\x9a_\xe2\xeb;\xf6p\xc3b\x97\x1d\xfd\x01\
K\xc3\x03\xd5\x06\x93ac\xbb\xc9\xbd\xe6f9mn\
\x96\xbbt\xda\xack5\x98k6\xe8D\x83\x86w\xf5\
e\xb7\xb3\xb7\xc0O\x16w\xb0\xb3\xbfD?\x07\x0cr\
\xc8 \x87\xf4\x87\xf5u\xbf\xaf\x079\xa4\xcf\x80A&\
\xfd\xe1\x80~}\xdd_\x00\x9df\xeb6\x0f`\x8dz\
Jj\xdf\xa4T\xa3\xb9\xef\xda\x8a\xea`\xffN\xa3E\
g\xbf\xb3\xa8f\x9a\xb7\xfdug\xc2K\xa9CY\xaa\
K\xab\x85\xc1\x90-K=\xae]\x5c\xe2\x07\xf3Kl\
\xe9\xf6&j\xab\xf1l\xa3\xc1\xfaV\x93{\xceu8\
c\xfdZ\xee\xb5f\x86\x19\xff\xe1K\xd2\xd1\xea\x03g\
D\xc4wK\x07\xd1\x1d\xf3\x8e7&2\xf3\xe5\xc0[\
J\xe7\x90\xa4Q5L\xf8\xc1\xfc\x22_\xdf5\xcfu\
\x0bK\xfb\x8a\xac\x09\xfa\xec\xfaS\x8em79u\xcd\
\x0c\xf7\x9e\x9b\xe5\xe4\x99\x0e\xeb[\x0df\x1b\x0df\x1a\
\xd5\x84\x8e4\xa9\x86Y\x9d\x8b\xd7\xcdda0\xe0\x86\
\xc5\x1eW/,q\xf5\xfc\x22\xb7\xf4\xaa\x12q\x92\xcc\
\xd4\xc5\xd5is3\xfc\x9b\x0dk9e\xb6\xe3\x1bK\
%i\xf9\xbc<\x22\xdeZ:\x84\x0e\xcd;\xdf\x18\xc9\
\xcc\xf7\x03\xcf,\x9dC\x92FY\x02?Y\xecr\xf9\
\xcey\xae\xda\xb3\xc8\xf6~\x9f\xa5a2\x9c\xb0\x0f\xb4\
\xb77\xd7lr\xf2L\x9b\xfb\xac\x9d\xe5^s3\x1c\
\xd7n\xd1\x89\xa0\xdd\x08?\xe8j\xec%\xd5\xb6\xe1\xde\
0Y\x1a\x0e\xd9\xd9\x1f\xf2\xc3\x85%\xae[\x5c\xe2\xea\
\xf9%v\xf7\x07\x137u\x19\xc0l\xb3\x9a\xb0<m\
n\x96G\x1f\xbb\x8e\xbb\xcet\x9c\xb4\x94\xa4\xe5\xf5\xfe\
\x88xv\xe9\x10\xbas\xbc\x05\x8e\x91\xcc\xbc+\xf0M\
`S\xe9,\x924\x0en\xea\xf6\xf8\xd6\xae\x05\xae\xd8\
\xbd\xc0\xd6n\x8f\xee0'n2\xe3@f\x1b\x0d\xee\
:\xd3\xe6\xdek\xabC\xe0O\xec\xb4\x99i\x04\xad\xba\
\xcc\xf2\xe6\xafq0\xc8d\x90\xd0\xcbdq8\xe4\xc7\
K]~0\xbf\xc4\xd5{\x96\xb8\xb1\xdb\x9b\xd8R\xba\
\x19A\xa7\x11\x1c\xd3jr\xc6\xfa9\x1e\xb1a-\x1b\
\xdb\xad\xd2\xb1$i\x12m\xa1\xda:xc\xe9 \xba\
s|\x86\x1d3\x99y\x1e\xf0\xde\xd29$i\x9c\xec\
\xec\x0f\xf8\xee\xee\x05.\xdf\xb9\x87\x9f,UE\xd60\
'\xf3\xc0\xf7\xdbk\x04lh\xb5\xb8\xd7\xdc\x0c\xf7\x99\
\x9b\xe5\x9ekfX\xdfj\xd0\x8c\xa0\x09S}n\x92\
FKrki\xd5\x1d\x0e\xd9\xd6\xebs\xcd|u\x96\
\xd5\x0f\x17\x97\xd83\x18\xff\xb7\x06\xde\x91f\x043\x8d\
`\xd3L\x9b\x87\xaf_\xcb\xc36\xcc1\xdb\xf0`v\
IZA\xe7E\xc4\xfbJ\x87\xd0\x9d\xe7S\xeb\x18\xca\
\xcc\x8b\x81\x97\x95\xce!I\xe3fi8\xe4\x9a\x85.\
_\xdd\xb1\x9b\x7f\x9d_ba0\xdc\xf7\xd6\xb8i\xd1\
i\x04w\x9b\xe9pZ=\x9du\xf7\xd9\x0e\xedF5\
\x95\xd5p:K\xab\xa8zkc\xf5\xc6\xc6~\xc2\xf6\
\xba\xb0\xbaza\x91\xeb\x16\x96\xb8\xa5_\xfd\xfb\x9cd\
A\xf5\xa6\xc95\x8d\xe0\xd45\xb3\x9cu\xecZ\xee\xb7\
v\xd63\xec$i\xe5]\x1c\x11\xe7\x97\x0e\xa1\xc3\xe3\
\xddq\x0cef\x03\xf8\x06\xf0\xe0\xd2Y$i\x1c\x0d\
\x81\xcdK=\xbe\xb6s\x0f\xdf\xda9\xcf\xf6^\xbft\
\xa4\x22\x02\x98i6\xb8\xe7\x9a\x19N\xab\x0f\x83\xbf\xdb\
l\xdb\x0f\xcfZq\xfdL\xb6v\xfb\x5c\xb7\xb0\xc45\
\x0bK\x5c\xbb\xd0\xe5\xe6^\x7fb\xb7\x05\x1eH\x00\xeb\
\xdb-\x1e\xbcn\x0dg\x1e\xbb\x8e\xbb\xcd\xb4KG\x92\
\xa4i\xf1-\xe0\xa1\x111=7\x9d\x09\xe1\x13\xea\x98\
\xca\xcc'\x00\x9f)\x9dC\x92\xc6U5\xfd\x91\xec\xec\
\x0f\xf8\xce\xee\x05\xfey\xe7\x1e~\xb4\xd8e\x8a>?\
\xef\xb3w\x0a\xa4Au~\xd6\xa9k:\xdck\xed,\
\xf7\x98\xe9p\xf2\x9a\x0e\x1d\x0b-\x1d\xa5^&?Y\
\xear\xddB\x97k\xe7\x97\xf8\xd1b\x97]\xfd\x01C\
\xd87\x059-\xff\xf4Z\x11\xdcu\xb6\xcd\xcf\x1e\xb3\
\x96\x07\xae[\xc3\x86V\xd3\xe9GIZ]\x8f\x8f\x88\
\xcf\x97\x0e\xa1\xc3\xe7\xbdr\x8ce\xe6k\x81\xd7\x95\xce\
!I\xe3l\xef\xb9;\x8b\xc3!7,\xf6\xb8|\xe7\
\x1e\xae\xdc\xbd\xc0\xfc\x84\x9f\xb7s0{\xb7\x126\xea\
\xebL3\xb8k\xa7\xc3=f;\x9c\xb2f\x86\xbb\xcf\
\xb6Y\xd7l\xfa&4\xdd\xa1\x9b{}~\xbc\xd4\xe5\
\xfa\xc5.\xd7/\xf6\xb8q\xa9\xc7\xe2`\xc8 \x93!\
L\xcd\x19t\xfb[\xd7jp\xdf\xb5kx\xd81k\
\xb9\xc7l\x87\x99F\xd0\xb4\xb8\x92\xa4\xd5\xf6\xda\x88\xf8\
\xa3\xd2!td\xbcg\x8e\xb9\xcc\xbc\x14xj\xe9\x1c\
\x924\xee\x92\xeaCuw\x98\xec\x1c\x0c\xb9r\xf7<\
\xdf\xd85\xcf\xf5\x0b\xdd\xd2\xd1\x8a\xda[h5\xa3\x9a\
\x1ciGp\x5c\xa7\xcd]g\xda\x9c<\xdb\xe6\xae\x9d\
\x0e\x9b:-\xe6\x9a\x1e6=\x8d\x12\x98\x1f\x0c\xb9q\
\xa9\xc7\x0d\x8b]~\xbc\xd4\xe3\x86\xc5%v\x0f\x86\xf4\
3\xf7\x1d\xca>\x8d\x85\x15T\xffvN\x9ai\xf3\x90\
\xf5k8}\xed\x1a\x8e\xeb\xb4\xe8D\xb8MW\x92\xca\
\xb84\x22\xce)\x1dBG\xce\xbb\xe7\x98\xcb\xccS\x81\
\xaf\x03\xc7\x16\x8e\x22I\x13#\xa9\x0e|_\x18\x0c\xf9\
\xc9R\x8fo\xec\x9a\xe7\xbb\xbb\x17X\x9c\xd2\xa9\xac\xdb\
kF\xd0\xaa\x0b\xad\xea\xcdi\x0d6\xb6\x9b\x9c4\xd3\
\xaeV\xa7\xcd\xa6N\x9b5\x96Z\x13\xa5\x9f\xc9\x8e\xfe\
\x80-K=6w{l\xe9\xf6\xd9\xb2\xd4cG\x7f\
\xc0 \x93\xfe\xde5\xac\xa6\xac\xa6\xd9\xbaV\x83\xd3\xe6\
fy\xf0\xfa9\xee6\xdba]\xb3A'\x1aN.\
JR9\xdb\x81\x87E\xc4u\xa5\x83\xe8\xc8y\x1b\x9d\
\x00\x99\xf9<\xe0=\xa5sH\xd2$\xeae\xb20\x18\
\xb2k0\xe0\xaa=\x8b|g\xd7\x02\xd7/u\xe9\x0f\
\xa7q\x9e\xe4\xc0\x82\xba\xd4jT\x13Z\xed\x08f\x1a\
\xc1\xfaV\x93\x13:-Nh\xb7\xabk\xa7\xc5\xc6v\
\x8b\xb6\xd3'#m\x90\xc9\xee\xc1\x90\x9b\xbb}\xb6\xf5\
\xfal\xeb\xf5\xd8\xda\xed\xb3\xad7`~0\xa0\x9fI\
oX\xbd9p\xef\x94\x95\xaa\x7f\x03\xf7X3\xc3\x03\
\xd6Uo\xf8<\xb6\xddbM\xa3\xb1\xef-\x9f\x92\xa4\
\xa2\x9e\x1b\x11\x97\x94\x0e\xa1\xa3\xe3\xfdtBd\xe6\x9b\
\x81W\x94\xce!I\x93*\x81\x85\xc1\x90=\x83!7\
u{|\x7f\xcf\x22W\xee^`{=}\xa2\xdb\xda\
[j\xb5#h7\x82V\x04\x9dF5\xad\xb5\xa1\xdd\
\xe4\xf8v\x8b\x8d\xed&\xc7\xb6Z\x1c\xdbn\xb2\xb1\xdd\
b\xb6\xd1\xf0\xc1d\x15-\x0d\x87\xec\xea\x0f\xb9\xa5?\
`{\xaf\xcf\xcd\xbd\xeazK\xaf\xcf\x9e\xc1\x80~B\
/\x87\xf4\x86I\xaf\x9e\xae\xb2\xb7\xfdi\xc7\xb7[\xdc\
w\xed,\xf7_\xb7\x86M\x9d\x16\xeb\x9aMf\x1bN\
[I\xd2\x08ysD\xbc\xaat\x08\x1d=o\xad\x13\
$3/\x03\x1eQ:\x87$M\xba~&{\x06C\
v\xf5\x07\x5c\xbf\xd8\xe5\xfb{\x16\xf9\xc1\xc2\x12\xbb\xfb\
\x83\xa9<\xe7\xe7p\x04\xd0j\x04\x9d\xba\xd8jGc\
_\xc95\xd7lpL\xeb\xd6Rk}\xab\xc1\xfaV\
\x93u\xcd&k\x9b\x0dZNn\x1d\x96\x04\xf6\x0c\x86\
\xec\x1e\x0c\xd8\xd9\x1b\xb0\xb3?`G\xbdv\xf6\xabi\
\xaan]N\xf5\x86I\xb7\xbe\xf62\x19Z\xca\xde\xa1\
\xb9V\x83{\xad\x99\xe1\xbek\xd7p\xb7\x996\xc7\xb4\
Z\xackU\xff\x1f\xf5\xff\xa5\x924R.\x8b\x88\xb3\
J\x87\xd0\xf2\xf0\x1e;A2\xf3\xe1\xc0WK\xe7\x90\
\xa4i\xb28\x1c\xb2\xb3?`{\xaf*\xb3~0\xbf\
\xc4\x8f\x16\x97\xa6\xf6-\x86Gc\xef\xc4V\xa7\xb1\xb7\
\xdc\xaaVUx5\x98k\xc6\xbeBk]\xab*\xb5\
\xd64\xaa\xef\xafi6X\xd3h\xd2\x99\x82\xb1\x97\xa4\
*Q\x17\x06C\xe6\x07C\x16\x86C\xf6\xf4\x87\xec\x19\
\x0c\xd8=\x18\xb0g\x90\xec\x1e\x0c\x98\x1f\xec\x9d\x9e\xba\
u\x8aj\xff\xc2j0\xa5\x07\xab\x1f\xa9\x99f\x83{\
\xcev\xb8\xf7\xdc,\xa7\xccv\xd8\xd0nrL\xab\xe9\
\xe4\xa0$\x8d\xb6\x7f\x13\x11\x97\x97\x0e\xa1\xe5\xe1\xfdv\
\xc2d\xe6\xcb\x80\x8bK\xe7\x90\xa4i3L\x98\x1fT\
\xd3-\xdbz}nX\xecr\xcd\xc2\x12?Y\xea\xb1\
`\x99u\xd4\x82\xfa-\x88{\xa7\xb6\x1aA\xbb>H\
\xbeUoQ\xdc\xbbMqM\xa3Q\x17Z\x0df\x9a\
\x0d:\x01\x9dF\x83\x99F\x83\x99\xc6\xde3\xban\xfd\
\xbaQ\xff\xbd\xd5~(\x1af2\x80}\xd3OK\xc3\
!\xddaU2u\xf3\xd6\xaf\x97\x86\xc3\xea\xa5\x02\xc3\
d\xb1.\xac\xbau\x01\xd5\x1fV[\xfbzyk1\
\xb5\xf7\xeb\xfe\xd0\x82\xeahu\x1a\x0dN\x9eis\xea\
\x9a\x19\xee\xb9f\x86\xe3\xdaM6\xb4\x9b\xacm6}\
\x88\x96\xa4\xd1\xf7\xb2\x88x[\xe9\x10Z>\xde{'\
Pf\xbe\x13xQ\xe9\x1c\x924\xad\xf6\x1e\x82}K\
\xaf\xcf\xd6n\x9f\x1b\x96z\x5c\xb7\xb0\xc4\xe6\xa5\x1e\x8b\
C\xcb\xac\x95\xd4\xa8\xdf\x90\xd8\xae\x0b\xadV#h\x12\
4c\xef\xdb\x13o\xfd\xba\x19A\x13\x88\xdb}\xaf\xc5\
\xad\x87\xd27\xea\xaf\x1b\xb7\xdb\x1a\xd6\x08h\xc5\xado\
YL\xaaBi\xff3\xa2\x12\xea\xef%\x83\x84\x01\xd0\
\xcf!\x83a\xf5r\x80\xa4\xfa\xf3\x83\xac\xde\xda\xb7\xf7\
@\xf4A\xfd\xbd[\xaf\xb7\x96T}\xcf\xa2Zq3\
\x8d\xe0.3\x1dN\x99\xedp\xf7\xd9N\xf5\xf2\x81V\
\x93cZ-\xcf\xb5\x92\xa4\xf1\xf1W\x11\xf1\xeb\xa5C\
hyy\x1b\x9e@\x999\x0b\xfc3\xf0\x80\xd2Y$\
i\xda\xf53\xd9\xd5\x1fpso\xc0\xd6n\x8f\x1b\xbb\
=\xae_\xec\xb2y\xa9\xe76\xc3\x11\x13\x01\x0d\xaa\xd2\
\xaaQ\x17ZAUp5n\xf7g\x1b\xb7\xfb^\x02\
Y\x17Q\xfb\x1bfUn\x0d\xeb\xaf\x87\xfb\x95V\x1a\
\x1d\xb3\x8d\x06\x9b:-NY\xd3\xe1\xe4\x99\xce\xbe7\
fnh5={M\x92\xc6\xcf\x15T[\x07\xbb\xa5\
\x83hyyG\x9eP\x99\xf98\xe0s\xa5sH\x92\
n\xb5\xb7\xcc\xdaVOf\xdd\xb8\xd4\xe3'K=6\
/\xf5\xd8=\x18\x94\x8e'M\x8d\x00\xd64\x9b\x9c8\
\xd3\xe2\xe4\x99\x0e'uZ\x1c\xdfis|\xa7\xc5\xb1\
\x96V\x924\xee\x1e\x1b\x11_,\x1dB\xcb\xcf\xbb\xf3\
\x04\xcb\xcc\x7f\x07\xfci\xe9\x1c\x92\xa4\x9f6\xc8dW\
\x7f\xc8\xd6^\x8f\x9b\xba}\xb6t\xab\x22kK\xb7\xc7\
\x8e\xfe\x00\x07t\xa4\xe5\xd5\x088\xa6\xd5dS\xa7\xcd\
]:m6\xcd\xb4\xd9\xd4nqB\xa7\xc51\x96V\
\x924)^\x15\x11o.\x1dB+\xc3;\xf5\x84\xcb\
\xcc\xff\x05\xbc\xa0t\x0eI\xd2\xc1\x0d\x81=\xfd\x01[\
\xba}\xb6v{l\xeb\xf7\xd9\xb6\xd4\xe7\xa6^\x9f\x9b\
\x96z\xf4l\xb3\xa4#\xd2\x8a\xe0\xd8v\x93\x13\xdam\
N\x9ciqb\xa7\xcd\xa6N\x9b\x13:-\xd65\x1b\
4-\xad$i\x92\xbc;\x22<\x0bz\x82y\xd7\x9e\
p\x999\x07|\x15\xcf\xc3\x92\xa4\xb1\xd1\xcdd[\xb7\
\xcfM\xdd\x1e7.\xf5\xd8\xda\xed\xb3\xb5\xd7g[\xaf\
\xcf\xc2`\xe0\x01\xde\xd2\x1dX\xd7j\xb2\xb1\xd5\xe4\xf8\
v\x8b\xe3:m6uZl\xeaT\x93Vs\xcd\xe6\
O\x9dg&I\x9a\x08W\x00\x8f\x88\x88\xc5\xd2A\xb4\
r,\xb0\xa6@f>\x06\xf8B\xe9\x1c\x92\xa4\xc37\
\xcc\xe4\xe6\xde\x80\xcd\xdd\x1e[\xba}n\xee\xf6\xb8\xa5\
?\xe0\x96\xde\x80[z}\x16\x87C\xec\xb34\xcd\xda\
\x8d`C\xab:p\xfd\xb8Ns\xdf\x94\xd5\x89\xed\x16\
\x1b;-\xdaNYI\xd24xtD|\xa9t\x08\
\xad,\xef\xe8S\x223\xcf\x07.*\x9dC\x92tt\
\x16\x06C\xb6\xf5\xfal\xe9\xf6\xd9\xbc\xd4c[\xaf\xc7\
\x8e\xde\x80\x1d\xfd\x01\xbb\x06\x03z\x8egi\xc25#\
X\xdfjpL\xab:p}c}\x8e\xd5\xa6N\x8b\
\x93f\xda\xacm6}\xc0\x95\xa4\xe9\xf2\xf2\x88xk\
\xe9\x10Zy\xde\xdf\xa7Hf\xfe%\xf0\x1b\xa5sH\
\x92\x96G\x02;\xfb\x03\xb6,\xf5\xd8\x5c\x1f\x04\xbf\xbd\
\xd7gw\x7f\xc0\xae\xc1\x90=\x16Z\x9a\x00\xad\x08\xd6\
6\x1b\xaco5Y\xdfj\xb2\xa1\xd5\xe4\x84N\x8b\xbb\
t\xda\x9c4\xdb\xe6\xd8V\xcb\x07ZI\x9a^o\x8f\
\x88\x97\x94\x0e\xa1\xd5\xe1\xfd~\xcad\xe6W\x81\x87\x97\
\xce!IZ~\xfdLn\xa9\x0b\xad-\xf5\x19Z;\
\xfa}v\xf7\x87\xec\xa9\x0b\xad\xae\x85\x96FXP\x15\
Vs\xcd\x06k\x9bM\xd6\xb5\x1a\x1c\xd3\xaa\xb6\x05\x9e\
4\xd3\xe6\xc4N\x8b\xe3\xda-\x1an\x0b\x94$\xc1W\
\x22\xe2\x91\xa5Ch\xf5x\xf7\x9f2\x99y\x06p\x19\
\xd0)\x9dE\x92\xb4\xb2\x06\x99\xec\x1a\x0c\xb9q\xa9\xc7\
\xe6\xa5\x1e\x9b\xbb]\xb6\xf7\x06\xcc\x0f\x86,\x0e\x86\xcc\
\x0f\x87,\x0d\x93\xa1o9T!\x8d\x80N4\x98k\
6X\xd3\xac\xae\x1bZM6u\xda\x9c\xd4is\x97\
\x996\x1b\xdbM\xdf\x16(I\xba\xbdE\xe0\xcc\x88\xf8\
v\xe9 Z=>\x0dL\xa1\xcc\xfcU\xe0\xdd\xa5s\
H\x92V\xd7\x10\xd83\x18\xb0y\xa9\xc7M\xdd>\x9b\
\xbb\xd5\x1b\x0e\xe7\x07\x03\x16\x07C\x16\x87\xc9\xe2pH\
o\x98\x1e\x0c\xafe\x17@\xab\x11\xcc4\x82\xd9F\x83\
\xd9F\x83u\xad&\xc7\xb5o\x9d\xb0\xda\xd4i\xb3\xbe\
\xe5\x9b\x02%I\x87\xf4\xfc\x88\xf8\x9b\xd2!\xb4\xba,\
\xb0\xa6Tf\xfe1\xf0\xbb\xa5sH\x92\xca\xeag\xb2\
\xbd7\xe0\xc6\xa5.\x9b\xbb\xd5\xa4\xd6\xf6~Uhu\
\x87I7\x93\xae\xa5\x96\x8e@;\x82N#\xe84\x1a\
\xcc4\x82\x99F\x83c\xdbMNh\xb7\xb8\xcbL\x9b\
\x93f:\x1c\xdfn1\xd3\xf0qT\x92tX^\x1f\
\x11\x17\x94\x0e\xa1\xd5\xe7\x13\xc3\x14\xcb\xccK\x81\xa7\x96\
\xce!I\x1a-\x8b\xc3![\xbb\x03n\xeav\xf7\x9d\
\xa5us\xaf*\xb5z\x99\xf4\x86Y]\xd3\xed\x87\xaa\
\xb6\x01\xb6\x22h\xef]ui\xb5\xb1\xdd\xe4\xc4N\x87\
\x13;-N\xec\xb4\xd9\xd4i1\xdbl\xf8\xf0)I\
:\x1a\x1f\x8d\x88sK\x87P\x19>CL\xb1\xcc<\
\x09\xf8\x0ap\x8f\xd2Y$I\xa3\xad7Ln\xeeU\
o:\xdcR\xbf\xf1p[\xb7\xcf\x9e\xc1\x90~\xe6\xbe\
5\xa8\xaf\x9e\x15?y\x02hF\xd0\xda\xbb\x1a{\x0f\
\x5cor|\xa7\xc5\xa6v\x8b\x13:-6u\xda\x9c\
\xd8i\xd3i\x84\x0f\x9a\x92\xa4\xe5t\x0d\xf0\xc8\x88\xd8\
R:\x88\xca\xf0\xb9b\xcae\xe6\x13\x81\x7f,\x9dC\
\x924~\x12\xd83\x18\xb2\xad\xdbck\xaf\xcf\xd6^\
\x9f\x9b\x96\xaabkw]l\x0d\xeb2k@}M\
\xb7\x22\x8e\xb2\x00\x1a\x114\x02\x9a\x04\xcd\xa8~\xdd\x8c\
`\xb6\x11llW\x05\xd5\xa6\xce\xad\xd7cZM\x1f\
(%I\xab\xe1\x17\x22\xe2\xd3\xa5C\xa8\x1c\x9f7D\
f\xbe\x02xs\xe9\x1c\x92\xa4\xc9\x90\xc0\xfc`\xc0\xb6\
^\x9f\x9b\xbb\x03\xb6\xf7\xfb\xdc\xdc\x1bps\xb7:_\
k\xbe?dX\x17ZI2\x042aH\x92\x89\x05\
\xd7\x0ak\x00\x11A\x83j\xfb_\x10\xf5\x15f\x9a\x0d\
6\xb4Z\x1c\xdfnq\x5c\xbb\xc5\xf1\x9d\xe6\xbe\xaf\xd7\
5\x1b4|\x1b\xa0$\xa9\x8c\xf3#\xe2\xe2\xd2!T\
\x96O!\x02 3\xdf\x0a\xbc\xb4t\x0eI\xd2d\xab\
\xca\xad!7\xf7\xfa\xdc\xdc\xebqsw\xc0-\xfd\x01\
;\xfa}v\xf4\x87\xec\xe8\xf5\xe9\x0e\xb3*\xb3\xa8\x8a\
\xad\xbd\x7f/\xa9\xda\xad\xc4\x92\xeb`\x02\x88\xba\x94\x8a\
\x9f\xfa^\xf5\x16\xc0\xf5\xcd&\x1b\xdb-\x8em\xb7\xd8\
\xd8jrl\xbb\xc5\xb1\xad&\x1b\xdbM\xd6\xb7\x9a\xb4\
,\xa9$I\xa3\xe5\xe2\x888\xbft\x08\x95\xe7\x13\x8a\
\xf6\xc9\xccO\x01?_:\x87$i\xba\xed\x19\x0c\xd9\
\xd1\xabJ\xad[\xfa}v\xf4\x07\xec\xea\x0f\xd8=\x18\
\xb2{0dW\x7f\xc0\x9e~\xb5E\x11\xf6\x96Y\xb7\
6]\x07*\xb7\xc6\xb1\xf0:\xd0CZ\xdc\xe67n\
[R\xcd6\x1bl\xa8'\xa5\x8ei5X\xdfl\xb2\
\xa1Um\xf1[\xd7j\xb0\xb1U\x15TM\x0b*I\
\xd2\xf8\xf8dD<\xa9t\x08\x8d\x06\x9f`\xb4Of\
\xde\x03\xf8\x12pr\xe9,\x92$\xc1\xc1\x8b\xa7A&\
\x8b\xc3!;\xfb\x03v\xf7\x87\xec\x19\x0c\x99\x1f\x0e\x98\
\x1f\x0c\x99\x1f\x0cY\x18\x0cY\x18&\x0b\x83\xc1\xbe_\
/f\xb24\x18\xaej\xfe\xc3\x15\x01\xed\x08f\x9bM\
f\x1a\xc1L\x04k\x9a\x0d\xe6\x9aM\xe6\x1a\x0d\xd6\xb5\
\x1a\xacm6\x98k6\x98k4\x98k5X\xd7l\
\xb2\xb6\xd9\xa0\xdd8\xf8\x1b\xfe|\xe0\x93$\x8d\xa1\xeb\
\x81GE\xc4\xf5\xa5\x83h4\xf8<\xa3\xdb\xc8\xcc_\
\x04>^:\x87$I\x87\xb2\xb7\xdc\xbau\x9ba\xde\
\xf6\xfb\xfb\xfd\xc1\xfd\xbf\xd7\x1d\x0e\xe9\x0d\x93n&K\
\xf5[\x13\xbb\xc3dq0\xa4\x9f\xd5\xef\xed\xad\xb9\xfa\
\x09\xfd\xdc\xbb\x9d1\xe9\xd5oZ<\x98 hG\xd0\
lD\xfdk\x98\xa9\xdf\xc6\xd7i4hP\xbd\xb9\xaf\
\xddh\xd0\x08\xe8DTEU#\x98i4\xaa\xbf\xbb\
\xdf\x84\xd4\xde/\xf7\x9f\xb4\xda\xfb\xbfs\xa0\xdf\x97$\
i\x82<)\x22>Y:\x84F\x87\xcf;\xfa)\x99\
\xf9r\xe0-\xa5sH\x92\xb4\x12nSp\xedW~\
\xe5\x01\xfe\xccm\xfe\xdea\xecC<\xd0.\xbd8\xc0\
\xd7{k.\x8b(I\x92n\xe3e\x11\xf1\xb6\xd2!\
4Z|N\xd2\x01e\xe6\x9b\x80W\x95\xce!I\x92\
$I\x9a*o\x8a\x88W\x97\x0e\xa1\xd1c\x81\xa5\x83\
\xca\xccK\x81\xa7\x96\xce!I\x92$I\x9a\x0a\x1f\x8d\
\x88sK\x87\xd0h\xb2\xc0\xd2Ae\xe6\xf1\xc0\x17\x81\
\xfb\x95\xce\x22I\x92$I\x9ahW\x02\x8f\x89\x88\xed\
\xa5\x83h4Y`\xe9\x0ee\xe6\x99T%V\xabt\
\x16I\x92$I\xd2D\xeaR\x95W_+\x1dD\xa3\
\xabQ:\x80F[D\x5c\x06\xfcj\xe9\x1c\x92$I\
\x92\xa4\x89\xf5B\xcb+\x1d\x8a\x05\x96\x0e)\x22.\x01\
.,\x9dC\x92$I\x924q.\x88\x88\xf7\x95\x0e\
\xa1\xd1\xe7\x16B\xddi\x99\xf9v\xe07K\xe7\x90$\
I\x92$M\x84\xb7G\xc4KJ\x87\xd0x\xb0\xc0\xd2\
a\xc9\xcc\x8f\x03\xbfX:\x87$I\x92$i\xac\xfd\
CD\x9c]:\x84\xc6\x87\x05\x96\x0eKf\x9e\x08|\
\x1e\xb8o\xe9,\x92$I\x92\xa4\xb1\xf4=\xe0q\x11\
\xb1\xb5t\x10\x8d\x0f\xcf\xc0\xd2a\x89\x88-\xc0\xf3\x81\
\xc5\xd2Y$I\x92$Icg\x1ex\x81\xe5\x95\x0e\
\x97\x05\x96\x0e[\xfdv\x88\xe7\x97\xce!I\x92$I\
\x1a;\xcf\x8f\x88\x7f.\x1dB\xe3\xc7\x02KG$\x22\
>\x08\xfc\xbb\xd29$I\x92$Ic\xe3\x95\x11\xf1\
\xa1\xd2!4\x9e,\xb0t\xc4\x22\xe2\xcf\x80?)\x9d\
C\x92$I\x924\xf2\xde\x10\x11\x17\x95\x0e\xa1\xf1\xe5\
!\xee:j\x99\xf9\x1e\xe0y\xa5sH\x92$I\x92\
F\xd2{\x22\xe2\x05\xa5Ch\xbcY`iYd\xe6\
g\x80'\x94\xce!I\x92$I\x1a)\x9f\x8e\x88_\
(\x1dB\xe3\xcf-\x84Z.\xe7\x01W\x95\x0e!I\
\x92$I\x1a\x19\xff\x02<\xb7t\x08M\x06\x0b,-\
\x8b\x88\xb8\x91\xaa\xc4\xdaY:\x8b$I\x92$\xa9\xb8\
\x1d\xc0y\x11\xb1\xb9t\x10M\x06\x0b,-\x9b\x88\xf8\
:U\x89%I\x92$I\x9an\xe7E\xc47J\x87\
\xd0\xe4\xb0\xc0\xd2\xb2\x8a\x88\xbf\x07~\xbdt\x0eI\x92\
$IR1\xbf\x16\x11\x1f+\x1dB\x93\xc5\x02K\xcb\
.\x22\xfe\x0a\xf8\xbd\xd29$I\x92$I\xab\xee5\
\x11\xf1\xce\xd2!4y|\x0b\xa1VLf\xbe\x11\xf8\
\xed\xd29$I\x92$I\xab\xe2\x8d\x11\xf1;\xa5C\
h2Y`iEe\xe6\xbb\x80\x17\x96\xce!I\x92\
$IZQ\xef\x8a\x88\x17\x97\x0e\xa1\xc9e\x81\xa5\x15\
\x97\x99\x97\x02O-\x9dC\x92$I\x92\xb4\x22.\x8d\
\x88sJ\x87\xd0d\xb3\xc0\xd2\x8a\xcb\xcc9\xe0S\xc0\
Y\xa5\xb3H\x92$I\x92\x96\xd5\x97\x81'F\xc4|\
\xe9 \x9al\x1e\xe2\xae\x15W\xff {\x16\xf0\xfd\xd2\
Y$I\x92$I\xcb\xe6*\xe0Y\x96WZ\x0d\x16\
XZ\x15\x11\xf1#\xaa\x12kk\xe9,\x92$I\x92\
\xa4\xa3\xb6\x95\xaa\xbc\xba\xbet\x10M\x07\xb7\x10jU\
e\xe6\x13\x80O\x02\xcd\xd2Y$I\x92$IG\xa4\
\x0f<)\x22>[:\x88\xa6\x87\x13XZU\xf5\x0f\
\xb8_)\x9dC\x92$I\x92t\xc4\x9eiy\xa5\xd5\
f\x81\xa5U\x17\x11\x7f\x07\xbc\xb8t\x0eI\x92$I\
\xd2a{Q\xfd\x99NZU\x16X*\x22\x22\xde\x05\
\xbc\xb2t\x0eI\x92$I\xd2\x9d\xf6\x8a\x88xw\xe9\
\x10\x9aN\x16X*&\x22.\x02.,\x9dC\x92$\
I\x92tH\x17F\xc4[J\x87\xd0\xf4\xf2\x10w\x15\
\x97\x99\x7f\x04\xfc^\xe9\x1c\x92$I\x92\xa4\x03z}\
D\x5cP:\x84\xa6\x9b\x05\x96FBf^\x04\x9c_\
:\x87$I\x92$\xe96.\x8a\x08\x8f\x7fQq\x16\
X\x1a\x19\x99\xf9\x0e\xe0\xd7J\xe7\x90$I\x92$\x01\
\xf0\x8e\x88\xf8\x8d\xd2!$\xb0\xc0\xd2\x88\xc9\xccK\x80\
\xe7\x94\xce!I\x92$IS\xee\x92\x88xn\xe9\x10\
\xd2^\x16X\x1a9\x99\xf9w\xc0\xd3J\xe7\x90$I\
\x92\xa4)\xf5\xe1\x88xz\xe9\x10\xd2\xfe,\xb04r\
23\x80\x8f\x01O.\x9dE\x92$I\x92\xa6\xcc\xc7\
\x81\xb3#\x22K\x07\x91\xf6g\x81\xa5\x91\x94\x99k\xa8\
J\xac\xc7\x97\xce\x22I\x92$IS\xe2sT\xe5\xd5\
B\xe9 \xd2\xedY`ide\xe6\xb1T%\xd6Y\
\xa5\xb3H\x92$I\xd2\x84\xfb\x0aUyuK\xe9 \
\xd2\x814J\x07\x90\x0e\xa6\xfe\xc1\xf94\xe0\xeb\xa5\xb3\
H\x92$I\xd2\x04\xbb\x1cx\x9a\xe5\x95F\x99\x05\x96\
FZDl\xa1*\xb1\xae(\x9dE\x92$I\x92&\
\xd0\x15\xc0\xd3\xeb\xcf^\xd2\xc8\xb2\xc0\xd2\xc8\x8b\x88\xeb\
\xa9J\xac\xef\x95\xce\x22I\x92$I\x13\xe4{\xc0\xb9\
\xf5g.i\xa4Y`i,D\xc45\xc0\xb9\xc0\xf7\
Kg\x91$I\x92\xa4\x09\xf0}\xaa\xf2\xea\xda\xd2A\
\xa4;\xc3C\xdc5V2\xf3~T\x07\xbb\x9fZ8\
\x8a$I\x92$\x8d\xabk\xa9\x0el\xff\x97\xd2A\xa4\
;\xcb\x09,\x8d\x95\xfa\x07\xecS\xa9~\xe0J\x92$\
I\x92\x0e\xcf\xb5\xc0S-\xaf4n,\xb04v\x22\
\xe2J\xe0\x1c,\xb1$I\x92$\xe9p\x5c\x0b\x9cS\
\x7f\xa6\x92\xc6\x8a[\x085\xb62\xf3\x81\xc0Gq;\
\xa1$I\x92$\x1d\xca\xb5T\xe5\xd5wJ\x07\x91\x8e\
\x84\x05\x96\xc6\x9a%\x96$I\x92$\x1d\xd2\xb5X^\
i\xccY`i\xece\xe6\xe9\xc0\xff\xc1\x12K\x92$\
I\x92n\xefZ\xaa3\xaf\xdc6\xa8\xb1\xe6\x19X\x1a\
{\xf5\x0f\xe2\xb3\xa9^\x03+I\x92$I\xaa|\x9f\
\xeam\x83\x96W\x1a{N`ibd\xe6i\xc0G\
\x80\xfb\x97\xce\x22I\x92$I\x85}\x0f87\x22\xfe\
\xb5t\x10i9X`i\xa2d\xe6\xa9T%\xd6\x83\
\x0aG\x91$I\x92\xa4R\xae\xa0*\xaf\xae-\x1dD\
Z.n!\xd4D\xa9\x7f@?\x05\xb8\xbcp\x14I\
\x92$I*\xe1r\xe0)\x96W\x9a4N`i\x22\
e\xe6\x89\xc0\x87\x81\xb3Jg\x91$I\x92\xa4U\xf2\
\x15\xe0i\x11\xb1\xa5t\x10i\xb99\x81\xa5\x89T\xff\
\xc0>\x1b\xf8\x5c\xe9,\x92$I\x92\xb4\x0a>Gu\
`\xbb\xe5\x95&\x92\x05\x96&VD\xdcBUb}\
\xbct\x16I\x92$IZA\x1f\xa7*\xafn)\x1d\
DZ)n!\xd4\xc4\xcb\xcc\x00>\x04<\xadt\x16\
I\x92$IZf\x1f\x06\x9e\x11\x11Y:\x88\xb4\x92\
\x9c\xc0\xd2\xc4\x8b\x88\x8c\x88\xa7\x03\x97\x94\xce\x22I\x92\
$I\xcb\xe8\x92\x88x\xba\xe5\x95\xa6\x81\x05\x96\xa6F\
D<\x17xG\xe9\x1c\x92$I\x92\xb4\x0c\xdeQ\x7f\
\xc6\x91\xa6\x82\x05\x96\xa6JD\xfc\x06pQ\xe9\x1c\x92\
$I\x92t\x14.\xaa?\xdbHS\xc3\x02KS'\
\x22^\x09\xbc\xbet\x0eI\x92$I:\x02\xaf\xaf?\
\xd3HS\xc5\x02KS)\x22.\x00.,\x9dC\x92\
$I\x92\x0e\xc3\x85\xf5g\x19i\xea\xf8\x16BM\xb5\
\xcc<\x1f\xb7\x14J\x92$I\x1a}\xaf\x88\x88\xb7\x94\
\x0e!\x95b\x81\xa5\xa9\x97\x99/\x04\xdeU:\x87$\
I\x92$\x1d\xc4\x8b\x22\xe2\xdd\xa5CH%Y`I\
@f>\x1d\xf8\x00\xd0*\x9dE\x92$I\x92j}\
\xe0\x99\x11\xf1w\xa5\x83H\xa5Y`I\xb5\xcc|\x02\
U\x89uB\xe9,\x92$I\x92\xa6\xdeV\xaa\xf2\xea\
\xb3\xa5\x83H\xa3\xc0C\xdc\xa5Z}cx\x22pU\
\xe9,\x92$I\x92\xa6\xdaU\xc0\x13-\xaf\xa4[9\
\x81%\xddNf\xde\x1dx?\xf0\xc8\xd2Y$I\x92\
$M\x9d/\x03\xcf\x8a\x88\xebK\x07\x91F\x89\x13X\
\xd2\xed\xd47\x8a'\x02\x97\x96\xce\x22I\x92$i\xaa\
\x5cJ5yey%\xdd\x8e\x05\x96t\x00\x111\x1f\
\x11\xe7\xe0\xdb\x09%I\x92$\xad\x8ewE\xc49\x11\
1_:\x884\x8a,\xb0\xa4;\x10\x11/\x06\xdeX\
:\x87$I\x92\xa4\x89\xf6\xc6\xfa\xb3\x87\xa4\x83\xb0\xc0\
\x92\x0e!\x22~\x07xM\xe9\x1c\x92$I\x92&\xd2\
k\xea\xcf\x1c\x92\xee\x80\x87\xb8KwRf\xbe\x08x\
g\xe9\x1c\x92$I\x92&\xc6\x8b#\xc2cK\xa4;\
\xc1\x02K:\x0c\x99y6p\x09\xb0\xa1t\x16I\x92\
$Ick\x07p^D|\xact\x10i\x5cX`\
I\x87)3\x1fJUb\xdd\xaft\x16I\x92$I\
c\xe7_\xa8\xca\xabo\x94\x0e\x22\x8d\x13\xcf\xc0\x92\x0e\
S}\xa3y\x02\xf0\xe9\xd2Y$I\x92$\x8d\x95O\
\x03O\xb0\xbc\x92\x0e\x9f\x13X\xd2Q\xc8\xcc\xbf\x06\x9e\
_:\x87$I\x92\xa4\x91\xf7\x9e\x88xA\xe9\x10\xd2\
\xb8r\x02K:\x0a\xf5\x0d\xe8\x0d\xa5sH\x92$I\
\x1aio\xb0\xbc\x92\x8e\x8e\x13X\xd22\xc8\xccW\x00\
o.\x9dC\x92$I\xd2\xc8yeD\x5cT:\x84\
4\xee,\xb0\xa4e\x92\x99\xcf\x00\xde\x03\xcc\x95\xce\x22\
I\x92$\xa9\xb8y\xe0\xf9\x11\xf1\xa1\xd2A\xa4I\xe0\
\x16Bi\x99\xd47\xa6\xc7\x03\xdf+\x9dE\x92$I\
RQ\xdf\x03\x1eoy%-\x1f'\xb0\xa4e\x96\x99\
'\x00\x7f\x0d\xfcR\xe9,\x92$I\x92V\xdd?\x00\
/\x88\x88\xad\xa5\x83H\x93\xc4\x09,i\x99E\xc4\xd6\
\x888\x1bx{\xe9,\x92$I\x92V\xd5\xdb#\xe2\
l\xcb+i\xf9Y`I+$\x22^\x02\x5cP:\
\x87$I\x92\xa4UqA\xfd\x19@\xd2\x0ap\x0b\xa1\
\xb4\xc22\xf39\xc0\xbb\x81N\xe9,\x92$I\x92\x96\
]\x17xaD\xbc\xaft\x10i\x92Y`I\xab \
3\x1fNUb\x9d^:\x8b$I\x92\xa4es%\
Uy\xf5\xb5\xd2A\xa4Ig\x81%\xad\x92\xcc\xdcH\
Ub\x9dS:\x8b$I\x92\xa4\xa3\xf6Q\xaa\xf2j\
{\xe9 \xd24\xf0\x0c,i\x95D\xc4\xf6\x888\x17\
xS\xe9,\x92$I\x92\x8e\xca\x9b\x22\xe2\x5c\xcb+\
i\xf58\x81%\x15\x90\x99/\x05\xdeZ:\x87$I\
\x92\xa4\xc3\xf6\xb2\x88x[\xe9\x10\xd2\xb4\xb1\xc0\x92\x0a\
\xc9\xcc'\x02\xef\x04\xee^8\x8a$I\x92\xa4C\xbb\
\x1exqD|\xb2t\x10i\x1aY`I\x05e\xe6\
\xdd\xa9J\xac'\x16\x8e\x22I\x92$\xe9\xe0>IU\
^]_:\x884\xad<\x03K*(\x22\xae\x8f\x88\
'\x01\x17\x97\xce\x22I\x92$\xe9\x80.\x8e\x88'Y\
^Ie9\x81%\x8d\x88\xcc|9\xf0\x96\xd29$\
E\xc3M\xbf\x00\x00\x10WIDATI\x92$\xed\
s~D\xf8\x1f\x9b\xa5\x11`\x81%\x8d\x90\xcc\xfcy\
\xe0\xff\x03~\xa6t\x16I\x92$i\x8a]\x03\xfcF\
D|\xbat\x10I\x15\x0b,i\xc4d\xe6\x89T%\
\xd69\xa5\xb3H\x92$IS\xe8\xa3T\xe5\xd5\x96\xd2\
A$\xdd\xca3\xb0\xa4\x11\x13\x11[\x22\xe2\x5c\xe0\xf5\
\xa5\xb3H\x92$IS\xe6\xf5\x11q\xae\xe5\x954z\
\x9c\xc0\x92FXf>\x8fj\x1ak\xb6t\x16I\x92\
$i\x82-RM]\xfdM\xe9 \x92\x0e\xcc\x09,\
i\x84\xd57\xd03\x81\xaf\x94\xce\x22I\x92$M\xa8\
\xaf\x00gZ^I\xa3\xcd\x09,iLd\xe6\x9f\x03\
\xbfU:\x87$I\x924A\xde\x1e\x11/)\x1dB\
\xd2\xa19\x81%\x8d\x89\xfa\xc6\xfa\xf2\xd29$I\x92\
\xa4\x09\xf1r\xcb+i|8\x81%\x8d\x99\xcc|\x14\
\xf0v\xe0A\xa5\xb3H\x92$Ic\xe8\x0a\xe0\xb7\x22\
\xe2K\xa5\x83H\xba\xf3\x9c\xc0\x92\xc6L}\xa3}\x04\
\xf0\xee\xd2Y$I\x92\xa41\xf3n\xe0\x11\x96W\xd2\
\xf8\xb1\xc0\x92\xc6PD,F\xc4\x8b\x80W\x95\xce\x22\
I\x92$\x8d\x89WE\xc4\x8b\x22b\xb1t\x10I\x87\
\xcf-\x84\xd2\x98\xcb\xcc\xc7\x00\xff\x13\xb7\x14J\x92$\
I\x07r\x05\xf0o#\xe2\x8b\xa5\x83H:r\x16X\
\xd2\x04\xc8\xcc\x0eU\x89\xf5k\xa5\xb3H\x92$I#\
\xe4\xaf\xa8\xca\xabn\xe9 \x92\x8e\x8e\x05\x964A2\
\xf3\xa5\xc0[K\xe7\x90$I\x92F\xc0\xcb\x22\xe2m\
\xa5CHZ\x1e\x16X\xd2\x84\xc9\xcc\x9f\x05\xde\x06\x9c\
Y:\x8b$I\x92T\xc0e\xc0K#\xe2\xf2\xd2A\
$-\x1f\x0fq\x97&LD\x5c\x1e\x11g\x01o.\
\x9dE\x92$IZeo\x8e\x88\xb3,\xaf\xa4\xc9\xe3\
\x04\x964\xc12\xf3<\xaa-\x85\x1bKg\x91$I\
\x92V\xd0v\xaa-\x83\x97\x94\x0e\x22ie8\x81%\
M\xb0\xfa\x06\xfe0\xe0\xd2\xd2Y$I\x92\xa4\x15r\
)\xf00\xcb+i\xb2Y`I\x13.\x22\xae\x8b\x88\
s\x80\xd7\x96\xce\x22I\x92$-\xb3\xd7F\xc49\x11\
q]\xe9 \x92V\x96[\x08\xa5)\x92\x99\x8f\x03\xde\
\x02<\xa4t\x16I\x92$\xe9(|\x0b8?\x22>\
_:\x88\xa4\xd5\xe1\x04\x964E\xea\x1b\xfcC\x81\x8b\
Kg\x91$I\x92\x8e\xd0\xc5\xc0C-\xaf\xa4\xe9\xe2\
\x04\x964\xa52\xf39To*<\xb1t\x16I\x92\
$\xe9N\xd8\x02\xbc2\x22\xdeW:\x88\xa4\xd5g\x81\
%M\xb1\xcc<\x89\xaa\xc4zV\xe9,\x92$I\xd2\
\x1dx?Uyuc\xe9 \x92\xca\xb0\xc0\x92Df\
\xbe\x0c\xf83\xa0U:\x8b$I\x92\xb4\x9f>\xf0\xaa\
\x88xk\xe9 \x92\xca\xf2\x0c,I\xd4\x0f\x04g\x00\
\x9f(\x9dE\x92$I\xaa}\x02x\x88\xe5\x95$\xb0\
\xc0\x92T\x8b\x88\xefF\xc4\x93\x81\x0bJg\x91$I\
\xd2\xd4\xbb \x22\x9e\x1c\x11W\x96\x0e\x22i4\xb8\x85\
P\xd2O\xc9\xcc3\x81?\x05\x1e]:\x8b$I\x92\
\xa6\xca?\x01\xaf\x8e\x88\xcbJ\x07\x914Z\x9c\xc0\x92\
\xf4S\x22\xe2\xb2\x88x\x0c\xf0\xfb\xa5\xb3H\x92$i\
j\xfc~D<\xc6\xf2J\xd2\x818\x81%\xe9\x0ee\
\xe6c\xa9\xa6\xb1\x1e^:\x8b$I\x92&\xd2\xd7\xa8\
\xa6\xae\xbeP:\x88\xa4\xd1\xe5\x04\x96\xa4;\x14\x11_\
\x88\x88G\x00\xaf+\x9dE\x92$I\x13\xe7u\x11\xf1\
\x08\xcb+I\x87\xe2\x04\x96\xa4;-3\x1f\x07\xfcw\
\xe0\x11\xa5\xb3H\x92$i\xac}\x15\xf8\xed\x88\xf8|\
\xe9 \x92\xc6\x83\x13X\x92\xee\xb4\x88\xf8|D\x9c\x09\
\xfcA\xe9,\x92$I\x1a[\x7f\x10\x11gZ^I\
:\x1cN`I:\x22\x99\xf9(\xe0O\x80\xc7\x94\xce\
\x22I\x92\xa4\xb1\xf0E\xe0w\x22\xe2K\xa5\x83H\x1a\
?N`I:\x22\x11\xf1\xa5\x88x,pa\xe9,\
\x92$I\x1ay\x17F\xc4c-\xaf$\x1d)'\xb0\
$\x1d\xb5\xcc<\x03x\x03\xf0\xe4\xd2Y$I\x924\
R>\x0e\xfcnD|\xb3t\x10I\xe3\xcd\x02K\xd2\
\xb2\xc9\xcc\xf3\xa9\x8a\xac5\xa5\xb3H\x92$\xa9\xa8\x05\
\xaa\xe2\xea-\xa5\x83H\x9a\x0cn!\x94\xb4l\xea\x07\
\x94\xd3\x81\xf7\x95\xce\x22I\x92\xa4b\xde\x07\x9cny\
%i99\x81%iEd\xe6s\x81?\x06N)\
\x9dE\x92$I\xab\xe2G\xc0k\x22\xe2\xbd\xa5\x83H\
\x9a<N`IZ\x11\xf5\x83\xcb\xfd\x81\x8bJg\x91\
$I\xd2\x8a\xbb\x08\xb8\xbf\xe5\x95\xa4\x95\xe2\x04\x96\xa4\
\x15\x97\x99?\x0f\xfc\x11pV\xe9,\x92$IZV\
_\x01.\x88\x88O\x97\x0e\x22i\xb2Y`IZ5\
\x99\xf9\xbb\xc0\x7f\x03\x9a\xa5\xb3H\x92$\xe9\xa8\x0c\x80\
\xd7F\xc4\x1bJ\x07\x914\x1d,\xb0$\xad\xaa\xcc\xbc\
7U\x89\xf5\xec\xd2Y$I\x92tD\xfe\x96\xaa\xbc\
\xba\xbat\x10I\xd3\xc3\x02KR\x11\x99\xf9L\xe0u\
\xc0}Kg\x91$I\xd2\x9dr\x15paD|\xa0\
t\x10I\xd3\xc7\x02KRQ\x99\xf9\x87\xc0\x85\xa5s\
H\x92$\xe9\x0e\xbd.\x22\xfeC\xe9\x10\x92\xa6\x97\x05\
\x96\xa4\xe22\xf3\xc1\xc0\x1f\x02O+\x9dE\x92$I\
\xb7\xf1a\xe0?D\xc4\xb7K\x07\x914\xdd,\xb0$\
\x8d\x8c\xcc|.\xf0\x07\xc0\xbdKg\x91$I\x9ar\
W\x03\xff1\x22\xde[:\x88$\x014J\x07\x90\xa4\
\xbd\xea\x07\xa4\xfbPMcI\x92$\xa9\x8c?\x04\xee\
cy%i\x948\x81%i$e\xe6\xe9\xc0\xef\x03\
\xcf,\x9dE\x92$iJ|\x00\xf8\xcf\x11\xf1\xdd\xd2\
A$\xe9\xf6,\xb0$\x8d\xb4\xcc|\x06\xf0_\x803\
\x0aG\x91$I\x9aT\xdf\x04\xfeKD|\xa8t\x10\
I:\x18\x0b,Ic!3\xff=U\x91\xb5\xb6p\
\x14I\x92\xa4I\xb1\x87\xaa\xb8zc\xe9 \x92t(\
\x16X\x92\xc6Ff\xde\x05\xf8\xcf\xc0KKg\x91$\
I\x1aso\x03\xfekDl.\x1dD\x92\xee\x0c\x0b\
,Ic'3\x1f\x09\xfc'\xe0)\xa5\xb3H\x92$\
\x8d\x99\xbf\x07~?\x22\xbe\x5c:\x88$\x1d\x0e\x0b,\
Ic+3\x9f\x03\xfcG\xe0\x81\xa5\xb3H\x92$\x8d\
\xb8\xef\x00\x7f\x10\x11\xef+\x1dD\x92\x8e\x84\x05\x96\xa4\
\xb1\x97\x99\xbfMUdm(\x9dE\x92$i\xc4\xec\
\xa0*\xae\xfe{\xe9 \x92t4,\xb0$M\x84\xcc\
\xdcHUb\xbd\xbat\x16I\x92\xa4\x11\xf1\xa7T\xe5\
\xd5\xf6\xd2A$\xe9hY`I\x9a(\x99\xf9@\xe0\
B\xe0\xb9\xa5\xb3H\x92$\x15\xf2^\xe0u\x11\xf1\x9d\
\xd2A$i\xb9X`I\x9aH\x99\xf9\x0b\xc0k\x81\
'\x96\xce\x22I\x92\xb4J>\x09\xfc\xb7\x88\xf8T\xe9\
 \x92\xb4\xdc,\xb0$M\xb4\xfa\xa0\xf7\x0b\x803J\
g\x91$IZ!\xdf\x04\xfe\xc8\x03\xda%M2\x0b\
,IS!3_JUd\x9dR:\x8b$I\xd2\
2\xf9\x11Uq\xf5\xb6\xd2A$i\xa5Y`I\x9a\
\x1a\x99\xd9\x00~\xaf^\xeb\x0b\xc7\x91$I:R\xbb\
\x80\xd7\x03\xaf\x8f\x88a\xe90\x92\xb4\x1a,\xb0$M\
\x9d\xfa\x8d\x85\xaf\xa9\x97$I\xd28\xf9c\xe0\x8f}\
\xb3\xa0\xa4ic\x81%ije\xe6=\xa8J\xac\x97\
\x95\xce\x22I\x92t\x08o\xa5*\xae~X:\x88$\
\x95`\x81%i\xeae\xe6\xe9\xc0\xef\x02/.\x1cE\
\x92$\xe9\xf6\xde\x09\xbc!\x22\xae,\x1dD\x92J\xb2\
\xc0\x92\xa4Zf\xfe,\xf0;\xc0y\xa5\xb3H\x92\xa4\
\xa9w\x09\xf0'\x11qy\xe9 \x924\x0a,\xb0$\
\xe9v2\xf3Q\xc0\xbf\x07~\xb9t\x16I\x924u\
>\x08\xbc1\x22\xbeT:\x88$\x8d\x12\x0b,I:\
\x88\xcc|\x1cU\x91\xf5\xb4\xd2Y$I\xd2\xc4\xfb0\
Uq\xf5\xf9\xd2A$i\x14Y`I\xd2!d\xe6\
\xcf\x01\xff/pn\xe1(\x92$i\xf2|\x04\xf8\x1f\
\x11\xf1\x99\xd2A$i\x94Y`I\xd2\x9dd\x91%\
I\x92\x96\x91\xc5\x95$\x1d\x06\x0b,I:L\x99\xf9\
x\xe0\xd5\xc03Jg\x91$Ic\xe7C\xc0\x9b\x22\
\xe2\xb3\xa5\x83H\xd28\xb1\xc0\x92\xa4#\x94\x99\x8f\x01\
^\x05<\xabt\x16I\x924\xf2\xde\x0f\xfcYD|\
\xb1t\x10I\x1aG\x16X\x92t\x942\xf3\x11TE\
\xd6\xf3Kg\x91$I#\xe7=T\xc5\xd5WK\x07\
\x91\xa4qf\x81%I\xcb$3\x1f\x04\xbc\x12\xf8\xcd\
\xd2Y$IRq\x7fIU\x5c]Q:\x88$M\
\x02\x0b,IZf\x99y/\xe0\x15\xf5j\x16\x8e#\
I\x92V\xcf\x00\xb8\x08\xb8(\x22~P:\x8c$M\
\x12\x0b,IZ!\x99y\x22p~\xbd6\x16\x8e#\
I\x92V\xcev\xe0-\xc0[\x22bK\xe90\x924\
\x89,\xb0$i\x85e\xe6\x0cU\x89\xf5r\xe0g\x0a\
\xc7\x91$I\xcb\xe7\x1a\xe0b\xaa\xe2j\xa9t\x18I\
\x9ad\x16X\x92\xb4\x8a2\xf3\xd7\x80\x97\x01\x0f/\x9d\
E\x92$\x1d\xb1\xaf\x01o\x8d\x88\xbf*\x1dD\x92\xa6\
\x85\x05\x96$\x15\x90\x99\xe7R\x15Yg\x97\xce\x22I\
\x92\xee\xb4\x8fQ\x15W\x1f)\x1dD\x92\xa6\x8d\x05\x96\
$\x15\x94\x99g\x01/\x05^T:\x8b$I:\xa8\
w\x01o\x8b\x88\xaf\x94\x0e\x22I\xd3\xca\x02K\x92F\
@f\xde\x13\xf8\xb7\xf5:\xb6p\x1cI\x92\x04\xb7\x00\
\xff\x13\xf8\xf3\x88\xb8\xb6p\x16I\x9az\x16X\x924\
B2\xb3\x0d\xbc\xa4^\x0f*\x1cG\x92\xa4it\x05\
\xf0\xe7T\xc5U\xaft\x18IR\xc5\x02K\x92FT\
f>\x1d\xf8-\xe0\xa9\xa5\xb3H\x924\x05\xfe\x0f\xf0\
\xf6\x88\xf8\xbb\xd2A$I?\xcd\x02K\x92F\x5cf\
>\x14\xf8\xcdz\xb5\x0b\xc7\x91$i\x92\xf4\x80\xbf\x00\
\xfe\x22\x22\xbeQ:\x8c$\xe9\xe0,\xb0$iLd\
\xe61\xc0\xffS\xaf\xd3\x0b\xc7\x91$i\x9c]\x09\xfc\
%\xf0\x97\x11\xb1\xb3t\x18I\xd2\xa1Y`I\xd2\x18\
\xca\xcc\xa7\x00/\x06\x9e]8\x8a$I\xe3\xe4o\x81\
wF\xc4\xdf\x97\x0e\x22I:<\x16X\x924\xc62\
\xf3d\xe0E\xc0\xaf\x03\xa7\x15\x8e#I\xd2(\xfaW\
\xe0\x1d\xc0\xbb\x22\xe2\xc7\xa5\xc3H\x92\x8e\x8c\x05\x96$\
M\x88\xcc<\x1b\xf8U\xe0y\xa5\xb3H\x924\x02\xfe\
\x06\xf8_\x11\xf1\xb1\xd2A$IG\xcf\x02K\x92&\
Lfn\xa2*\xb2^\x01\x9cZ6\x8d$I\xab\xea\
Z\xe0\x22\xaa\xe2\xea\xa6\xc2Y$I\xcb\xc8\x02K\x92\
&Xf>\x1ex\x01\xd5\x1b\x0c%I\x9aT\x7f\x01\
\xfcuD|\xaet\x10I\xd2\xca\xb0\xc0\x92\xa4)\x90\
\x99\xb3TE\xd6\xf3\x81\x9f+\x9bF\x92\xa4e\xf1\x19\
\xe0=T\xc5\xd5b\xe1,\x92\xa4\x15f\x81%IS\
&3\x1fDUd=\x0f\xb8G\xe18\x92$\x1d\x8e\
\x1fR\x95V\x7f\x13\x11W\x94\x0e#IZ=\x16X\
\x924\xc52\xf3\x5c\xaa\x22\xeb\xbc\xd2Y$I\xba\x03\
\x97P\x95V\x1f)\x1dD\x92T\x86\x05\x96$\x89\xcc\
\xdcHUd=\x17xL\xe18\x92$\x01|\x11x\
/Uq\xb5\xbdt\x18IRY\x16X\x92\xa4\xdb\xc8\
\xcc\x07S\x15Y\xe7\x01?S8\x8e$i\xba\x5cC\
5m\xf5\xde\x88\xf8v\xe90\x92\xa4\xd1a\x81%I\
:\xa8\xcc\xfc%\xe09\xf5\x9a+\x1cG\x924\x99\xe6\
\x81\xf7\x01\x97D\xc4\xc7K\x87\x91$\x8d&\x0b,I\
\xd2!ef\x87\xaa\xc4z6pN\xe18\x92\xa4\xc9\
\xf0Q\xe0o\x81\xf7ED\xb7t\x18I\xd2h\xb3\xc0\
\x92$\x1d\x96\xcc<\x99\xaa\xc8z6\xf0\xa8\xc2q$\
I\xe3\xe5KT\xa5\xd5\xdfF\xc4\x8fK\x87\x91$\x8d\
\x0f\x0b,I\xd2\x11\xcb\xcc\x07R\x15Y\xcf\x02N/\
\x1cG\x924\x9a\xae\x04\xdeOUZ}\xa7t\x18I\
\xd2x\xb2\xc0\x92$-\x8b\xcc|4\xf0L\xe0\xd5\xa5\
\xb3H\x92F\xc2\x9f\x02\x1f\x88\x88\x7f*\x1dD\x924\
\xfe,\xb0$I\xcb.3\x9f\x0c\xfc\x0a\xf0[\xa5\xb3\
H\x92V\xd5\xdb\x81\xff\xeda\xec\x92\xa4\xe5f\x81%\
IZQ\x99\xf94\xaa2\xeb\x85\xa5\xb3H\x92V\xc4\
\xbb\xa9J\xab\x0f\x97\x0e\x22I\x9a\x5c\x16X\x92\xa4U\
\x91\x99\x0d\xe0\x97\xebu\x1e\xde\x83$i\x5c%p\x09\
\xf0A\xe0\x83\x111,\x9cG\x924\x05\xfc\xf0 I\
Zu\x99\xd9\xa1*\xb2~\x05x\x06\xd0*\x9bH\x92\
t\x08}\xe0C\xc0\xff\xa6*\xad\xba\x85\xf3H\x92\xa6\
\x8c\x05\x96$\xa9\xa8\xcc\x9c\xa5*\xb1\xf6\xae\x99\xb2\x89\
$I\xb5%\xaa\xd2\xeaC\xc0\xff\x1f\x11K\x85\xf3H\
\x92\xa6\x98\x05\x96$iddf\x1b8\xbb^\xbf\x04\
\xdc\xbbl\x22I\x9a:W\x03\xff\x00|\x0c\xf8XD\
\xf4\x0a\xe7\x91$\x09\xb0\xc0\x92$\x8d\xb0\xcc|0\xf0\
d\xe0\x1c\xe0\xe7\xca\xa6\x91\xa4\x89\xf5\x19\xe0\xa3\xc0\xc7\
#\xe2\xdb\x85\xb3H\x92t@\x16X\x92\xa4\xb1\x90\x99\
sTe\xd6/\x02\xcf\x04N,\x9bH\x92\xc6\xd6\x16\
\xe0\x03\xc0'\xa8J\xab\xf9\xc2y$I:$\x0b,\
I\xd2X\xca\xcc\xd3\x81'Q\x15Z\xe7\x16\x8e#I\
\xa3\xee#\xc0?\x02\x9f\x88\x88+K\x87\x91$\xe9p\
Y`I\x92&Bf>\x11\xd8\xbb\xce,\x1cG\x92\
J\xbb\x0c\xf8\x14\xf0\x8f\x11\xf1\xc9\xd2a$I:Z\
\x16X\x92\xa4\x89\x93\x99'\x02\xbf\xb0\xdf\xf20xI\
\x93\xeej\xe0\xd3\xc0'\x81OE\xc4\x96\xc2y$I\
ZV\x16X\x92\xa4\x89\x97\x99\xf7\xa3*\xb2~\x9e\xea\
0\xf8ME\x03I\xd2\xd1\xbb\x89\xea\xf0\xf5O\x03\x9f\
\x8e\x88\xef\x95\x8d#I\xd2\xca\xb2\xc0\x92$M\x9d\xcc\
|8U\x91\xf5s\xc0\x13\x80u%\xf3H\xd2\x9d\xb0\
\x87\xaa\xb0\xfa\x0c\xf0\x99\x88\xf8Z\xd14\x92$\xad2\
\x0b,I\xd2\xd4\xcb\xcc\xc7R\x15Y\x8f\xaf\xaf3e\
\x13I\x12K\xc0\xe7\x80\xcf\x02\x9f\x8d\x88/\x14\xce#\
IRQ\x16X\x92$\xddNf>\x01x\x1cU\xa1\
\xf5\x8b\x85\xe3H\x9a\x1e\x9f\x00>OU\x5c}.\x22\
\xb2p\x1eI\x92F\x86\x05\x96$I\x87\x90\x99\x8f\x03\
\x1eKUj=\xa5p\x1cI\x93\xe3\xef\xa9\x0a\xab/\
D\xc4\xe7K\x87\x91$i\x94Y`I\x92t\x982\
\xf3L\xe01T\xa5\xd6/\x17\x8e#i||\x10\xf8\
\x22UauY\xe90\x92$\x8d\x13\x0b,I\x92\x8e\
Rf>\x80\xaa\xd0z4\xd5\x96\xc3\xbb\x95M$i\
\x04\xdc@\xb5%\xf0\x9f\x80/F\xc4w\x0b\xe7\x91$\
i\xacY`I\x92\xb4\xcc2\xf3d\xe0Q\xf5z,\
pV\xd9D\x92V\xc1W\x80/\x00_\x02\xbe\x14\x11\
?.\x9cG\x92\xa4\x89b\x81%I\xd2\x0a\xcb\xcc6\
\xf0\xc8z\x9d\x05\x9c\x09\x9cR4\x94\xa4\xa3\xf1#\xe0\
2\xaa\xd2\xea\xcb\xc0\x97#\xa2W6\x92$I\x93\xcd\
\x02K\x92\xa4\x022\xf3n\xc0\xcf\xee\xb7\xce\x02\xeeR\
4\x94\xa4\x03\xd9LUT]\xbewE\xc4\x0de#\
I\x924},\xb0$I\x1a\x11\x99y\x12\xf0\xd0z\
\x9dQ\xaf\xd3\x8b\x86\x92\xa6\xcb\x95\xc07\xeb\xf5\x0d\xe0\
\x1b\x11qc\xd9H\x92$\x09,\xb0$I\x1ai\x99\
9\x07<\x04xp}}P\xfd\xf5\xf1%sIc\
n\x1b\xf0m\xe0\x0a\xe0[\xf5\xd7\xdf\x8a\x88\xf9\xa2\xa9\
$I\xd2AY`I\x924\x862\xf3\x14\xe0\x81\xfb\
\xad\x07\xd4k}\xc9\x5c\xd2\x88\xd9\x05|\xb7^\xdf\xa9\
\xd7\x15\x11q}\xd1T\x92$\xe9\xb0Y`I\x924\
A2\xf3T\xe0\xfeT[\x0f\xef_\xaf\xfb\xe1\xf9Z\
\x9al\x9b\x81\xef\x01\xffR_\xaf\x04\xae\x8c\x88\xeb\x8a\
\xa6\x92$I\xcb\xc6\x02K\x92\xa4)\x90\x99\xc7\x03\xf7\
\xad\xd7}\xf6[\xa7\xe1\xd4\x96\xc6\xc3.\xe0_\x81\xef\
\xef\xb7\xae\x02\xae\x8a\x88m%\x83I\x92\xa4\x95g\x81\
%I\xd2\x94\xcb\xcc\x93\x81{\xef\xb7\xee\x05\xfcL}\
urK\xabi3\xf0\x03\xe0\x9a\xfaz\xf5\xde\x15\x11\
?.\x19L\x92$\x95e\x81%I\x92\x0e*3\xd7\
\x01\xa7\xd6\xeb\x9e\xf5\xf5\x1e\xf5\xd7g\x00\xb3\x85\xa2i\
<-R\xbd\xdd\xef\x87\xf5\xba\x16\xb8\xae\xbe^\x1b\x11\
\xbb\x8b%\x93$I#\xcd\x02K\x92$\x1d\xb1\xcc\xec\
\x00\xa7\x00w\xdfo\xdd\xad\xbe\x9e\x5c\xaf\xbb\x02\xadR\
\x19\xb5*\xfa\xc0O\x80\x1f\xd7\xebz\xe0\x86\xfaz=\
\xf0#\xe0\xfa\x88\xe8\x16K(I\x92\xc6\x9a\x05\x96$\
IZq\x99y\x17\xe0$\xaa2\xeb$\xaa\xad\x89{\
\xd7\x89\xf5\xdaT\xff\xbeF\xc7\x8d\xc0\x96\xfd\xd6\xe6\xfd\
\xd6\x8d\xf5\xfaIDl.\x96P\x92$M\x05\x0b,\
I\x924R2\xf38\xe0\x84z\x1d_\xaf\xe3\xf6[\
\x1b\xebul\xbd6\xd4kM\x89\xbcc`\x11\xd8\x01\
\xdc\xb2\xdf\xda^\xaf\x9b\xf7[\xdb\xea\xb5\x15\xd8\x1a\x11\
7\x17I+I\x92t\x00\x16X\x92$i\x22d\xe6\
\x0cpL\xbd\xd6\xef\xb7\xd6\x01k\xeb\xeb\x5c\xfd\xf5\x1c\
U\xe15Gu\x8e\xd7\x9a\xfa:\xb3\xdf\xea\xd4\xab\xbd\
\xdfZ\xeeC\xed7Sm\xbf\xeb\x01\xdd\xfd\xd6\xd2~\
k\xb1^\x0b\xf5\x9a\xdfo\xed\x01v\xefw\xdd\xb5\xdf\
\xda\x09\xec\x8c\x88\xa5e\xce,I\x92\xb4\xea\xfe/\x11\
\xb2\xba7\xb19\x99\x8c\x00\x00\x00\x00IEND\xae\
B`\x82\
\x00\x00\x0d\x0d\
\x00\
\x00F-x\xda\xed\x5c]o\xdbV\x12}_`\xff\
\x03\xa1b\x81\xe6\xc1\xf4\x9d\xb9\xdf\x8b\xb8\x80D\xdb\xc1\
\x02\x0e\x0al\xb7/y1\x04\x8b\xb6\x85\xc8\x92!\xc9\
q\xfa\xefwf./I\xcb\xb2\x1d\xbbN\xd04j\
\x8aP\x87\xbc\x1fs\xe7\x9c\x99;\xa4\xa8\xbc]}\xba\
(n\xa7\x93\xf5\xe5\xc1\x00\x94\xfa\xd7\xa0\xb8\xac\xa7\x17\
\x97\xeb\x8c>M\xeb\xdb\xd1\xe2\xf3\xc1@\x15\xaa\xd0H\
\xff\x0f\x8a\xf3\xe9lv0\x98/\xe6\xf5\xa0\xf8|5\
\x9b\xaf\x0e\x06\x97\xeb\xf5\xf5\xbf\xf7\xf7ooo\xcb[\
].\x96\x17\xfb\xa8\x94\xda\xa7\xc1\x07\xbf\xfc\xf3\x1fE\
\xf1\xf6z\xbc\xbe\x94\x8e{\xcb\x9bY}0\xa8?\xd5\
\xf3\xc5d2(\xcef\xd3\xeb\xcds\x93\x83\xc1{\xc0\
2x\x1d\x0bW:\x88\x00\x15cT\xa6\xf0%Z\xa3\
}AXYm\x09[\x0f\x8e0\x94\x96\x0e\xbe\x04\x1b\
=5We\xd4\xcaqwT\x81.+\xeag=a\
\x155\xea\x22\x96\xde\x1a\xc4\xc2\x96\x01\xc0\x9a*\x94:\
\xa2f\xac\x8c\xb3Z\x86\xb5\xc6\x15\xa6\x0c\xd1k\xa0~\
h\xbd\xe6\xf1 \xd0t'\x84\x11,c\x04\xefb\xc5\
G\x0b\xc8\x18\x8d\xb2|\xa4iy>Lf\xa0B\xa3\
\x05\x92\xb9'<\x8c\x9c\xb5:\x9a\xca\x94Q\x8132\
)\xaf\x91\x8c\xb0\xca@AF\x85`\xac\x18I\xd6\x8a\
\xd1J[\x9a\x8c\xc8!\xa3dQ\x9e's\xda\xf9\xc0\
8\x1a\x04vB\x80\x18\xc4'\xc1\x84\x8a\xc6\x8d&\x04\
\xf1\x99\x07\xf6\x19z\xe7\x81q\xd0\x91\x8dtd\xb3\x5c\
\x0f\x11+\x9aN\x018\x86\xd1\xa9H>\x88:\xd8X\
\x80.\x95\xb3\xec\x13\xedC\x04\xc6\x88\xe8+f\xcaD\
\xcb\xd8\x19\xe3\x0b,\x89\xb1\x80\x05\x98\x92\x86\x09\x8c\x9d\
\xa7i\xc0\x96\xd1\xfa\x13\x86\x01t\x01\xc4\x85\xf2\xa1\x12\
\xac\xbc`pQ\x9a\x07\xa2\x861\xba\x04u\xba\xac-\
\xa4\xee.]\xb6\xc1q\xf7\x884+x2>\xf0l\
\x8d5\xe4=/\xd67\xd6\x86\xd2G\xcd\xbe\xd6\x8a\x98\
 \x18\x0d\x11dK\xefy\x91\x10i8\x10_(\xcd\
\xbe\x8a%\xa0r\xe4;\xd4\xb4\x1a\xc1,\x00\xf2\xa5u\
<\x5c\xa4\xfe\x8a\x85\x02\xc6\x9a\x02Ui\xd0c\xc5r\
EZ\x03\xd0h\x1e\x93\xdc\xa2a\xec\x91\x16\x93\x99D\
$\xbd\x04Se\xa6Q\x13S4ZV\x02\x92\xd5\xd1\
\xf9\x22\xe9\x04\xc9H0\xe1$\xa9\x08\x05kpU\x12\
YH8\x88HI\x84 \x98\x89\xc8\x22eL\xe7O\
\xb2\x88\x19\x07\x0a\x92,r\xf4\xac\x0bS\xe4 @W\
Fb\xb6\x0d\x12\xc2@\xab\xe1\xa0B\x87\x86\xfbS\xf7\
Fo\xc12\xd6Z'\xbd\xd1\x00l=\x8d\xef*\xd1\
[\x94\xc5x#z\x0a\xc6\xcbe\x17\xb1\x91[L\xdd\
1V\x227\x1e\x8dfs\xe43\x96\x9bgk\xc8:\
\xad\x05S,Y\xc6\x96\x04Y\xb1\xdc,\x12&\xe6\x22\
1\xc9rC^\x0d\x99\x1dT\x10\xb99\x13\x18\x07e\
\xfc\x89\xe8\xcb\xba\x06\xdbJ\x04\xc5\xab\x11\xecDP&\
f,\xd0\xb9\x0c+\x92W$\xdc\x8c\x8eI^\x94X\
\xda\xd9\x035\xa3Y[\xebH_V\x0bV&\x98\xa4\
/\x8a9\x14\x92L\xd2\x97\x13\xae\x88i\xb2\x86\xf5\x15\
\x9d\xf8\xceqt\xb0\xbe\x9celL\xd2\x97\x16\xd7\x05\
kc\xc5\xfab\x1fIo^#0\xe3\x9a11g\
D_\x86\x22\x9ag#}U\xa4/\xa7\xc8Jf\x96\
\xd5\xcb\xa3R\x03\xb6\x0e \xe8\xa4\x18\x14e\x04mN\
\x18\xfa \xc3S\xe0F\xc1Q%L\x99 a\x9f\x84\
D\xed\x18\x07H\x97\x1dPB\xa05\xc7`\x92\xed\xac\
7\x9a\xd5\xf0\xda\xc8\x0a\x0a\x12a80Sd%%\
\xdb\x8a\xbbGJ\x10\xbc\x0a\x1b\x92O\x1c3\x0f\xac\x00\
\xf1A \xb9\x89\x0f\x14%\x0c\x1a\x96b5\xb9\xc8\xc8\
b<j\x9dB\x94\xf2\x14w\xb7\xb1q\xb1&sh\
\xba\x98BZY\xceOd\x9e#s\x85\x22F\x0e\xa1\
\xcd\x0f\xc8\x9d\xba\xec!\xecs.\xcb\xd9\x85\xb0n\x93\
\xcf\x89@\x88].\xcb\x98xh\x9bC\xd2b\x88\xae\
\xc1.ae\x9b\xfe\xa6I\x8d\xd2]QBo3g\
cLN\xac\xd9\xd4\x9cxy!4\xaa$f\x0e4\
\x0ex\xda3%\x92\x1aq\xb8\x94\xe6\xa3\xadDY*\
\x85\x1d\xef\x12\x89\x1dH\xbb\x825I[\x1c\x07\xbck\
\x04\xcb\xac\xe8\xe0e\x97\x896\x89\x81\x22 \xed:Q\
C\xcbbd- V\x99\xe5@,\xd9&nY\x05\
d4p\x02nD\xe2JMq\x82\xad\x86\xc8\xe6@\
tV\x82\xd3\x0e\xea\xbdII-\x98(X%\xa9\x8b\
&\x09;c\xddI\x96,\xaf\x99\xec\xae\xb2\xa4\x8d\x88\
\x22\x14Y\xf2\x96S0\xab\xa4\x09\x09\xb2\x82V\x83\x1c\
B^\xcb\xfc`t0)e\x83l\xa6Yl\xdc\xdd\
\xf3\xf0\xb4\x0f\xb0\xd8dku\x06x\xb3\x22f,\xf2\
eM\xd7\x9d`\xa5Ro\xe7\xa49\xed\xd0\xb2u\x1b\
GV\xb2\xd6\x90\x18%\xebho\x13}Q\xd9\xc0\xd6\
\x12\x15A\xd2\x856\xc4<1Gi \xe9MH\xa1\
\x9cg|lv?d\x0c\xe4\x8d\x13\x11\x90\x91\xeb\xc0\
\xd5\x11AOe\x8b@\x95\xf4\xe4\x1c6\x97c\xa3/\
HXk\xe9\xae92\x19S>!\xc1\xb1\x97d:\
k$\xd7\x92\xd2tg\x8e\xa6\x10\xa2ck\xae\xe6:\
\x891\xedR\x94oXq\x86\xf6=.\x1d\x14&\xc9\
\xf5\xaa\xb7\x0f\xef% 8\xddAi\x80\x12\x12\xfb\x83\
j\x94\x8c\xe5\xa80m\xcb\x91\x0d\xcb8\x07V\xc64\
1J\xf6\x95\xee\xa4E\xa7\x9ax\x8aI\x9b\x8c\xc5>\
\xa0\xfd\xb4\xbd\xaeH\xd3\x5c\x115\xdd3lFoq\
3{\xee\x9e\xad\xdb\xb0\xfeC\xae\x81o\x96\xb3\x9f\x7f\
\xba\x1eO\xe7ku:\x9b\xce\xeb\xf1\xf2\x14\xc2)\x1a\
c\xf5\x9bA\xb1\x9fJ\xdf\x0bn\xbc\xae\x97M\xf3\x04\
\xd4\xe9t:\xed5\x96\xa6\xbb:yW'\xef\xea\xe4\
]\x9d\xbc\xab\x93wu\xf2\xaeN\xde\xd5\xc9\xbb:y\
W'\xff\xcd\xeadx\xb8N\xde\xbfx\xa4^\x86\xd3\
\xf3W\xa9\x96e\xe3\xa0\x1a\x81\xe2\x80\x84\x1bm\xcc8\
\x1d\xa9\x04\xa5\xf3T<\x86\x16\xb7\x9e\xcd\x98\xc2\x9e\xa5\
\x92\xfb\x93\x00\xa9Fd\xe5\xe5\x8f\x157\xe1j%_\
\xa2#\xefum\xd7\x167Cg\x9c\xa7\xce\xfd\xb3i\
\x9d\xd5\x1fd\x05\xc0^w\x95\xc4\x86\xceP\x8e\x0a\x85\
\x1c\xefU\xe8p'\x8d\x84)+\x1a\x93\xdaQw\xe0\
\xd3\x96\xe7H\x9f*\xa9\x1f|{\x9e\xb2\x1a\xa5\xad\xae\
W\xc6\x9d$\x12nfmzg\xa3:s\xb7\x88\x01\
\x1f\x14\xc3\x8e\xdb\xef\x9d[}\xba\x1cO\xa6\xe3\xd9s\
\x03\x1dO\xa7\xaf\x15\xe8\x9a\xf6a\xd4,\x06\xdd\x22>\
\x86\xc8\x15\x1d\x9f\xf5\xa1\xc5\xad'3\x06\xda\xc1|H\
\xedh\xaf\xa6\xed@\xfc\x9d?V\xd2\xa0\xbd@G\xa9\
\x99r\xb7\x167\xc3f\x9c\xa7M\xbd\xb3Q\x9d\xb5I\
\x04\x8aEcX\x04T\xae\x98\x8c\xd3\x11d\x93t\x81\
o\x102\xce\xb6g\xaci\xb7\x0dR\xb8I\x7f\x9a\x8c\
\x0azlt\xc0\x1f+i\xa2\x5cw\x09\x1a9\xe6\xae\
\x19g)d\xdcL\x9d\xfbg\xd3:\xab\xb7h\xc1\xbc\
P\x0b\xfa\xf5\x92>G\xa7M\xe5\x86I\xdb\xa9\x95{\
\x1c\x8eF\x9fJ^\x93*\xeb\x84\xbb\xb8J\x98+E\
\x9b\xee~M\xdaOSX\xd1Qn\xc8\xb8\x1cO'\
9u\xf0\xd6\x99{d\xdc\xc5T\xc2\xcd\x8c\xb9s\xb6\
\xa83\xf6\xc3\xfb\x07\xf9\xcd$l\xe8\xa3/\x9dM~\
6\xf9{\x88\xdf\xcc\xff\xa6>z\xd2\xd9P\xd5\xa6\xea\
6\xac\xde\xa2\x07\xfbt\x11\xf0B\x92\x8dojJl\
\xaa\x12\xef\xd2y\xd7\xdc\xd7`ru\xc2\xbd\x9a\xc9\xa5\
\xc7>1\xf0]E\xd3\x9f\xf9\xd4\xfc\x08\xc3\xe5\x8fB\
\xb5<\xa2\xc9\x97\xf8\x08\xd8u\xcd\xb8W0\x09n\xa6\
\xce\xfd\xb3i\x9d\xd59\xf0\xb5\xe62\x93\x9f0(\x93\
\xb1\x1c\xa5;\x9f\x0f\xd8\xe1N\x18\x09S9\x0a>\xdd\
\x95q\x7f\xce2b\xae\xcb\x1f\xe5i\x80\x8a\xae\xbb\xc4\
G\x88]\xd7\x8c;a$\xdcL\x9d\xfbg\xd3:\xab\
\xb7\x10\xed\x1e\x0e\xfc\x1d\xc1\x7f\x07\x82\xfd+\x13\xcc\x0f\
\xca\xac\x96\xea\x07]\xccX\x8e:-\xdb\xeb\xb4\x8b&\
\xdc\xb9'a*P\x82\x92\xb5H\x7f\xaes\xbc\xd2\xb9\
\x00\xa2\x8fR\x01\xf1\x83\xea\xf6\x12?!\xc2^\xd7\x8c\
;\xf7$\xdcL\x9d\xfbg\xd3:\xab%_og-\
\xbbv\x83\xf5\xbe 6\xbd\xbe\xc9\xcaC\xaceV7\
Y\xef\x09bC+\x9bZ\xda\xb0z\x0b\xcba\xc7\xf2\
\x0f\xc0r\xdc\xb1\xfc\x03\xb0\x0c\xeaa\x9a\xb7\x16\xe1\xe6\
\xf5\x8a\xf0\xefZ\x11\x83b\xb5^.>\xd6w\x9c\x09\
[\x9c\x99\x9a\xed5/U\xaa\x12\xee\x15\xb7\x93\xfa|\
\x95\x1d\x99\x9c\x5cL\xc9G\xdb\xbe\x19\x1e\x14\x9f\x0f\x06\
\xc0O\x0f\xa3\x1f\x14\x7f\x1c\x0c\x90o\xb8\xa3\x19\xe4\x97\
61\xd0\x0a\x0ct\xefm\xa2\xe7gsa\xd0p\xf9\
\xfb|\xba^\x91\xcd\xabz\xf9\xdb\xf5\xf8\xac\xfeu\xfe\
\xfb\xaa&\x9a\x16\xb3\xc5r\x8f\x96P/\xaf\x17\xb3\xf1\
z\xba\x98\xef\xa5\x0e\xd4x\xf5\xdfw\xa3\xcc4\x9bX\
\x1f\xcf\x16\x8bIq\xce\x7f\xef-h\x94\xe9\x9a,Q\
\x83bY\xafnf4\xe7h|\xf6\xf1b\xb9\xb8\x99\
O\xfes5\xbe\xa8\x8f\xa7\x9f\xbb\x0792\xc0hV\
\xcf'\xc5\xd5bR\xf3\x8b\xa3\xcb\xab\xf1lPL\xe7\
\x07\x83\xdf\x167\xcb\xb3\xfa\xddr|}9=\xe3S\
\xb8}\xb0<\xd1\xear|]o\x8c]\xf1R\xde\x8f\
\xd7\xcb\xe9\xe7\xde\x98\xc3\xd9\xf5\xe5xP\xac\xff\xb8\xa6\
)\xaf\xe4\xea\xa0\xf84\x9e\xdd\xd4\xab\xf42\xebS\x7f\
\x00}\xd1[\xe2\xe5x9i\xc6\xbc3\xfb\xaf\xe7\xe7\
\xabz]L\xf8\x15\xd9\x12I\xeb\xe4\x99=\xf9t\xa7\
\xd9\xbb\xf1\xcdj5\x1d\xcfG\xb3\x9b%)drX\
\x7f\x9a\x8a\xd7\x9bn\x1b+\xba\xba^\xac\xa6\xeb:9\
\xa47\xf5\xe2\xba^\x8e\xd7\x0b\x8a\xd0\xf1r\xba\xbe\xbc\
\xaa\xd7\xec\xb6\x8f\xd4h\x8f$\xf0Q\x93V\x1e\xf1\xce\
\x13\xce\xa0\x14b]p\x9d\x0f\xa8\xb4\xe5\xffz'<\
xGa\xd2x\x88\xfd\xf3\x054c\xcb[vf}\
~^\x9f\xad\xe1t:\x9f\x93,/\xc7\x93\xc5mO\
\xf1\x7fMv\xf7Zz\xbfSv\xa3\x01b\xafx\xec\
\x84S\xfc\xcd\xd1\xb3\xd9}\x9c\xce\xbb\xa4\xe3wEz\
\x8fs\xf8.#\x9a\x09\xed\x07p\x9fn\xa7A{\xfd\
R\xba\xf1\x8b\xe8\xd6O\xd0\xfdv?\xed:\x0fn\x87\
\xfd/~d3\xf4\xfc\xa55\xefo\x7f\xc8g\xae\x9c\
\xda\xcd\x10<m\xf3\x80\xbd\x1f1\xe4\x13?\xcaf\xf8\
\xb8*\xed\xfd\x14|\xbeX\xd6i\x02\xee\xf2\x12\x86\xfa\
O\xec\x85\xa1\xe6Yw\xc3PpT\x91v\x0c\xf1\xf7\
\xb3\xb1W\xae\xb4'v\xe5\xca\xb7\xcfm\xb6\xabW\xec\
s\x85\xf4\x97\xc8oV\xb6\xac~\xc5\xc2/r\xc5~\
\x92\x0b\xa8\xad\xfeF\x15\xcb\x93\xb1\xa27\xb3\x19(~\
\x97\x0c%V\xf8\xab\x81.P\x80\xdf\x7fr\xbd@\xc9\
'v\xa9\x8c\x14\xa8\xbeJ*3[\xe8\x89\xc0jO\
\xf4DT\xbacH\xf1kT\xfd\x1f\xcc%\xbc\xe3\xe7\
\xb5\xf8I\xdf\x12\xbd\xe3[\xecz\xbe\x16\x9e\xb6\xbfl\
M\x5c\x01\xdd\xf9\xf2\x8bSB\x16\x01'7\xf6t\x01\
\xf9s:\x8d\xd2\xc6\x05f\xe9\xa2\x19u;O\xdd:\
W\xeb\xc5u\xc1\x7f\xed\x09u\x07\x83\x9f\x0e\x8f\x0e\xfd\
\xd1\xe8\x8e3\xa4\xd1BR\xab\xe4\xb3;\xed+\x18\x99\
C\xd7_\xe5\xddu=\xb5Z\xf8\xa1V\x8b\x0f\xac\x96\
\xdfXP\x98V\x1bK\xba\xa0 -\x17t\xd9\xd4\x83\
\xbc`-\x8f\x8a\xfe\xd4\x82UU\x1d\xc6\x87\x17\xac\xca\
\xa0=\xea\xb8\xb1\xee\xa1\x0eG\xa3\xa3\xa7\xd7\x9d\x9e\x17\
\xdd_\xf7\xbd\xf7%(W|\x96`?kb^|\
\xfd\xf8\xba\xda\xcb\xff[\x8e\xe7+\x8a\xb7\xab\x83\xc1\x9a\
?R\xa6\xa9\x7f\x8e\xa5\x96\xb7$\xa1$\xad\xbc)\x96\
\x8b5\x9fEW\xd2=\xfd\x9bbu6\x9e\xd5?\x9b\
R\xa1\xbc\x15\xce\xdf\x07k\xf7\xe6QWE\x15Fq\
\xf8\xe5\xda\xc8\xed\xe5d?\x9fuN\xbb\xeb\x9e\xa7\x9c\
f\xbe\xbe\xd3\xf8\xf1\x9f\x0b>\x7f\xdb\xdd\xba\x0d\xb4\xa6\
\xf8\xcbn\x03\xfe\xfd\x83\x93\xd7\x1d\x8d6\xfa\x9e\xdb:\
\xf1(\x8d\x1e\xec\x86c\x8e\xec\xe1\xf1\xb1z\x86#G\
a4<z\xdao\x0f\x05\x99\xdd\x1ed\xfcZ\x1f\xe5\
\x91\x14d\x90\xe3\xcb5\xa1\x95\xdeJ\xf83\xa15<\
\x1a\xc6\x91\x7f\xc62C\x08\xc3\xea\xe51\xe5\xbe\x89<\
\x8c<\x9b\xc6\xd2\x07\xd0\x9d<0\x94\xbe\x93\x87D\x13\
>\x1eMG\xeeH\x1d\xc3\x97{g\x18\xe2p4|\
y\xf0\xf8\xaf\xef\x1d^wH\xde\xe1 j\xbd\xa3\xb1\
\xb4\xde\xb4\xee\xb1%\xfflAq\x1e\x8aOf\x9c\xf8\
\xcc\x8c\x13_5\xe3\x84o\xe0\xb4\xc8\x1bZz3\x88\
\xa4\xd5\xcb8\xae\xd4:d\xa7Q\xa6q\x0a\xf8\x17Z\
F\x19\x1d\x1fI9h\x1c\xc2\xe6~U\xc5\xd1\xf1\xe1\
3bqx84\xa3\xd1\xcb\x1d\x17\xbf\x81\xe3\xb0\xf9\
2'J\xd5\xd3:n\xcfXJ]\x9c\xbb\xf3\x1e\x17\
\x15\xff\x1c\xcc\x97>\x06\xeb\x1e\xf1\x9c6\xe8\xbd\xde\xf0\
\xc4\xa8\x1a\xb9\xca|\xb9\xe7r\xfbW\xd3\xe0\xfd\xaf\xf0\
\xbe\x8a/)\x9f\xa5\xef*\xad\xeb\xf2\x9a\x89t\xf3\x1f\
b\xe7Jp\xc9\x95:\xdaGE\x08Q;0\x9b\xa2\
\xc2hF\xfa\x19\x22l\xda\xbf\x9e+\xe1\x1bl\x11\x90\
~\xf2\x00\xa2\xc2\xde\x16a\xd9\xc7\xad+\x9d\xbc\xa8\xc7\
\xbf\xdb\xf0\xd1{|\xc4\x956\x04\xd4\xf7\xea\xee\xaa\xd2\
\x87\xcf\xc8\x8cC\x88~x\xfc\x84\xe7\xde\xee7_U\
\xbe\xe5\x7f\xca\xe5\x97\xff\x03,\xb9\x0c}\
\x00\x00\x02c\
\x00\
\x00\x088x\xda\xcd\x96Kn\xdb0\x10\x86\xafB0\
\x9bv\xa1\x11\xdf\xa4\x0a\xcb@\xdaE\x91E\xd1E\x90\
\x03\xc8\x12e\x0bP%\xc3Rl\xa7\xa7\xefP\x92\x13\
'\x05\xd2\xf8\xb1( \x93\xc3\xe1x\xf8\x7f\x1c\x91\xd0\
\xac\xdb.\xc9\xfeW\xddt)]\xf5\xfd\xfaK\x1c\xef\
v;\xd8Ih7\xcbX0\xc6b\x8c\xa0dW\x15\
\xfd*\xa5\x5c8JV\xbeZ\xae\xfai\xb0\xad\xfc\xee\
k\xbbO)#\x8c\x08\x85\x0f\x9d\xcf\x96\xa4\xac\xea:\
\xa5M\xdbx\x1c\xae\xb3~5y\x1e7\xf5\xa7\x9b\xbb\
\xbcm\xaa\xf2\xe9\xae\xe0I\xa9\x8c\xf5\x0bk\x93\xccg\
~\xe1\x15S\xfc3%EJ\x7fpE\x14\x08\xe92\
\x01B\x93\xa1\x09K\xb0H\x02\xe3&\x12\xc0\xb9\xae#\
\x03\x0e\xd7\x04e\xf5\xad\x0c!\xf29\x8e\x08b\xc1h\
\xb55\xc0\xd9_Y\xc8\x90\x85\x84,\xa6\xb6\xe0$&\
tR\xddr\xb0\x9a\x0c\xcd\x18\x86*8\x07\xf5\x9b\xc6\
'b\x88\x03\x86C\x19\x97`\x18\xc2\xd9\x158\x1c\xa2\
\x9c\xc3!'\x0e!\x82\x8eK@8>\xf2r\x92 \
\xc4\x9eC\xa2\x0e$\x92\xf0\x04\x9c\xd5\xdf\xd0\x12X\x5c\
\xc9Cg\xb1\xd4a\xca\x01\xaa\x92\xf7a\x14\xe6\xec\xf0\
\x0a\x0c\xf1\xdb\x08u\xcb\x9cE\x908\xb0\x89\x8a\xf0O\
V\x04mV\x8e\xf6J\x83\xd2*\xc7\xf9\xc0\x1b\xfc\x18\
'Gkh\xc5\xe9\xb2\xf5A6\x0f\x15\xd4\xb8ma\
\xd7\xc2n\xa0#\xc2\xfe\xc8\x13|\xd8\x875\x0a_v\
\xf3Y]5>\xdb|\xdfdE\xe5\x9b\x9eT\x98\xe8\
\xfd\xc3G\xc9\x9e\xa7\x14\x0b(\x124E8\xe4\xc04\
%O\xe8U`\xb8E3x%p\x83\xf6r\xca\xfc\
\xd0T=\xde \x8f\x9d\xdf\xdc\xaf\xb3\xdc\xffl\x1e\xba\
p\xf2\xbb\xbe]\x93\xd0Dy[\xb7\x9b\x94\xde0f\
]\xa1\x82\xc2a\xae-\xcb\xce\x87\xbb\x84\xbe\x0e\xe3\x0b\
\xa5\x16<\x84\xc5\xaf\x19Ng\x12#\x939b2\xc0\
T2B\xd9#(s6T\x99\x95e\xf9O(a\
\x8d\xf2\xf6*Pr\x84\xc2#\xf9L%\xd8\x0bU\xb8\
2\x9e\xb1\x92s\xb1L\xee\xd9\x07\xb0\xb4\xcb\xb2\xd2_\
\x05KMXX\x095\xd5\x0a\xaf\x82\xc4MT\x0e\x8c\
\xd1#\x95\xc0\xa3\xc5\xdd\x07\xa9\x0e\xca\x81\x0b\xfdF|\
\x92\x9b|\x14\xff.\xa3\xcd\x14/\xf2\xab0\xea\x89\xd1\
\x02w\x87\x172\x01+\xed\x04)^ q\x1f\xacT\
\xff\x03d<\xde'\xf1\x12\x7f\xf8A0\xff\x03d\xc3\
B\xd0\
\x00\x00\x04\xd5\
\x00\
\x00\x13\xd6x\xda\xddXMs\xe2F\x10\xfd+S\xf2\
\xc5>h\x98\xee\xf9N-{\x88\x0f\xc9\x1eR9$\
\xfb\x03di\x84\xa9b\xc1\x0b\xd8\xd8\xff>o\x90\xf0\
\xc6\x82l,\x87T\xc5\xa920\x8cz>\xde\xeb\xee\
\xd7\x8d?l\x1ef\xe2\xf1\xcbb\xb9\x99\x16\xb7\xdb\xed\
\xdd\x0f\x93\xc9n\xb7\x93;-W\xeb\xd9\x84\x95R\x13\
X\x14b7o\xb6\xb7\xd3\x828\x14\xe26\xcdg\xb7\
\xdb\xfe\xcb\xc3<\xed~\x5c=N\x0b%\x940\x01\x7f\
\xc5\xc7\x0f3\xd1\xce\x17\x8bi\xb1\x5c-\x13\xbe\xd6\xf3\
u\xbdH\xa2\x86\x15S!\xea'\xac\x8d\x85X\xe7-\
\x8a\xde\xf4~\xbd\xb8\xbc\xf8T\xaf\x96\xf3\xf6\xe9SC\
\xb15\xce\xa7\x1b\xefc\x95\xaat\x93t\xf4\xfe\xaa\x98\
\x9ck\xafp\xd5\xd9\x96\xab\xbb\xaa\x9eo\xb1\x89t\xe7\
\xdb=\xfe\xc5\xee\xebTo\x0fL\xb2\xfeFd\x1e\xe7\
\x13U!\xf2\x81\xe1\xd5'\x05\x85\x93\xd6X\xba\xdf\xfe\
\xae\xda\xde\xbez\xa59\xdcq}\xbfH\xd3\x22=\xa4\
\xe5\xaai\x0a\xd1L\x8b_\x98\x84\xa6\xdaI\xc7\x1eN\
%.\xad\xd4^\xe7\x01\xf1WUJ\xabl)\x95\xa1\
\x92~fW9\xe1Dv\xbe*1zp2\xda\xf8\
U\x9aha!Hd;\x10\xb9\x98\xdf\x0dN\x1a{\
a\xfb\xde.\xec\xae\xba\xcb\x91\x13\xecq\x88\xbb\xc6H\
{\x19p\x8a\x96\xca#WpE%->\xaf\x83d\
\xe7\xf2\x84\x15:HO\x1e\x83nU\xad\xca()x\
\xc1\xd28\x00R\xd2Y\x12V\xda~X\xb3\xf4*\xc3\
\xc6\x94\xf4.\xe4O\xd1=\x1a}e:\x0e\x5c\xfb\xee\
@\xf8\xf7\xc7;\x1f\xf3\xee\xffc .\xda\xb6=\xba\
$\xf5\xd1a%1.j\xa4\x0b\xa1\x96V\xc7\xd2I\
\x0e\x1a\xa7zSz\xa91\xcc\x19\xd9\x8fq\xa8\xf6\x9c\
\xcb\x85\x0c$m\xdc?\xf3\x22?3u\x89\x19\xd62\
*WjL;A\xd2h\xbfOh\xd3\x8d\xeb\x12k\
\xf10X\x8d\xcc\xd6]\xb2\xfb2?\x8b\xa3\x99\xd7\x87\
`a\xdc\x85\x05\xae\xcd\x5c\x91d\xb0\x90\xdf:\x99`\
hB(e\xd4\x06TkP\xed%\xc3\x03P\x0ee\
E\x90y\xa4\x5c\xa6\x8db\xb8\x06\x17\xe0\x91H:\x97\
\xfd\x80\x8dcv\x0c\x19\xc9\xc6W\x99\xdf\xfc\x82J\xe5\
\x17\xde\xe0\x22\x92>B\xa0B\x04*\x05\xe0\x99\x14\x0c\
\xa3\xf5\x8bR\xb2\x02L\x1cW\x97\xd2\xb3\xc13\xa5\xf2\
\xbb\xb66\xdfK\x85<\xc6j\x8d=\xf6>kR\xbb\
A\xa9\xa9\x9ay\xb5\xf8)\x7f\xa4\xe5V\xcc\x81\xf1\xfb\
\xc5\xb5\xd8\x17=\xd5\xd5<\xd5\x95\xbcB\xcc\xfa\x0d~\
_W\xcbM\xbbZ\x7f\x99\x16\xeb\xd5\xb6\xda\xa6\xcb\xd2\
\x83\x8a\xc0\x82\x11|\xf0=\xf0Z\x13\xaf6u\xb5H\
\x97:G\x9b\xcfbrX\xffy9\xdf\xa2\xc3\xb8\xdf\
\xa4\xf5o\x88\x9e\xf4\xeb\xf2\xf3&w\x06\x9b\xed\xeaN\
\xac\xdav\x93P\x063\xf7\x85\xc8Se\xbdZ\xacp\
\x83\x0b\x93\x8cK\x9ca\xbd\xb4\xb4>\x0c,\x1d\xdb\xa6\
u\xc7\x96\xd1\xda\x81e\xd2\xbeA,\xc3r\xf2\x92\xa5\
\xf1\xac\x85\xd1\xac\x11B\x07\xac\x05'\x09\xf1\x8c4\xb1\
\xd0\xab\x8e5\xe45)\xc4\x0cL\xc8:;\x9a=\xeb\
\xdc\x00)[jo\xaa#Nh`f\x93\xa5d\xfa\
\xc9\xe7\xe4Vga(\x8ee(k\x99(\x09\xf1D\
\x8a\x85A$\x85\x03?\x08w\xebL\xce(\xcd\xe6\x7f\
AOPc\xe91{!\x07A\xd0?\xa8\x87\x8eR\
\x1b\xdd\x13\x04\xc9\xa7h\xbc\xd0\x10&\xbdoq_\xc5\
\xd0\x0b\xb0\xb5\xb6\xa6K\x8e\x97\xec\x91\x1d&\xdc\x8d\xd6\
\xb1U\xc7\x96\x86\xe3\xc0\xb2eS\xc5\xe6\xd8\xd2\x9b#\
\xcb6h[\xff\xadG\xda\xb66\xfe<\x0e\xa0\xd1\xf1\
\x99\x8b#\x1c`:\xd9\x83\xec:s\xe0\x1f\xc2\xee)\
\x0a\x87J\x16C\x1c\x1f\xa1\x03\x98M\xa3\xeb\xc4'\x03\
\xef\xbb\xf4\xf4\xeb\xceA\x0f\x8f\x168\x80g\x16\x84B\
j\xa2\xd0\x92\xff,n\x1a=\x82\x93\xc6{7\x9a\x1b\
r\xc3XQ\x1cB8\x11U\xecN\x1b\xfe+\xf9\xab\
\xc7\xf2C\x0ae3\x1atF\x01\xbdMD\xff\xf2,\
o\xa8\xe3\xb9\xb7\x80\xbc\x19\xed\xe2\x9b\xb2\xb7m#\x1a\
\xa2\x13\x9cXzc\xa6=\xa7\xee\x11U\x8b\xf92U\
\xeb\xd7S\x05\x05}\xa4i\x81\xde\x80-\xba\x8dG\xc6\
\x0f\xde\xdc\x08b\xfe)\xcf\x03\xbeC\xb8=a\x1e\xd1\
\x13t\x18\x1d\x22q\x98@\xaeA\xb7xJx\xdcQ\
OPyJ]O\xf0\x12\xd7x\x9c\xb6\xc7i\xa0\xcc\
\xa1\xc3I\x01e>\xf48\x8d\xf4\xb9\xdb\xda\xe3\xe4N\
\x03\xff)N\xef4\x9d\x12\xed\x10\x86\xb9\x90\x9cVA\
\x9d\x05\xa7\xebp\x22Zs\xd7\xb6\x87\x89\x965\xff\x9b\
$\xc3\xccm!\xf5\xee4\xa8\xe5!\xbc%\x9eU[\
\xb5'\x80\x0d\xa3\x94\xa1\xc1\xc9\x9f\x05\x95\xefQ\xa1\x97\
g\xdb\xc1B\xa6\xda\x1eT\xc4//\xdb\x81:\x8c\xc7\
\xf9N+?T\xa7&R\xa2S1z\xd4\x87\xf0\x8d\
\xf1t\x12\xe5\xa4k\xfa'3\xbc6\x0f\xb3\x8f\x7f\x00\
\xdc\xa9\xaf\x96\
\x00\x00\x03)\
\x00\
\x00\x0c\xa9x\xda\xd5\x97\xdfo\xda0\x10\xc7\xff\x15+\
\xbc\x8c\x87\x18\xdf\xf9\xf7T*m/\xdb\xa4M{\x98\
\xfa\x07\x04\x88!RJ*\xc8\x06\xdd_\xbfs\xed\x8d\
\xc0\xaa\xb1\xd1J\xd5d \x8es\xc9\xf7>\xbe\xf39\
\x5cm\xbf-\xd9\xfe\xb6]o\xa7\xc5\xaa\xef\xef^O\
&\xbb\xdd\x8e\xef$\xef6\xcb\x09\x0a!&dQ\xb0\
]\xb3\xe8W\xd3\x02\xd0\x15lU7\xcbU\x9fO\xbe\
5\xf5\xeem\xb7\x9f\x16\x82\x09&\x91>\xc5\xf5\xd5\x92\
\x85\xa6m\xa7\xc5\xba[\xd7tzW\xf5\xab<22\
\x8b\xd8\x0a\xb6\x98\x16\x9fPs\xe7\x15S\x5ck\xf9\x06\
\x180\xf1\xd0P3\xb5*M\xf5k\xa4\xe4\xde2\xe0\
\xa8d\x0b\xdc\x93\x88\xe5\x16m[r0\x86k\xb9\x02\
\xc1\x85=\x983.\xd0\xd1=\xca~/&G\xea_\
7\xed\xab\xd1\x87y\xb7n\xc2\xfd\x87\x05\xf8\xa0\x8c\xad\
g\xd6\xfa\xaa\xae\xeaY\xad\x84\xf5\xe3\x17rmT\xbb\
\xd8\x92\xba\xe1 \xcc\x8980K\xda\x07i`\x07\xe9\
r\xa8\x9d\xa5\xdf#\x07\xa9\x0e\xe6\xe5\xe5\xb3\xe2\xc4\xf8\
%\xfc\x1a\xcdLlI\x1a\x90\x0bI\xd2V\xdb\x814\
\xc8\xdf\xb5\xa3I\x8b\xcc\x1dI\x80\xe6Z\x01\xc5E\x18\
\xc5Q\xe0{\x0a\x0c\xa4sY\xc6\x81ckS\x92\xf9\
\xbf\xcf\x13\x8c\xff#g19{\x0b\x9e{\x8d\xe4]\
[*\xee)\xbe$o\x07\x1a\xa4\xc2\xad\xe4\x1e}\x0b\
\xb2\x043X\x0e\x92\xae\xc9\xdf\xc26\xafb\xcb\xeb\x88\
\x0c\x86\xe9\x8f\xa8\xb8\xa1\xb5\x22\x19\x98\x13\x05\xca\x01t\
\x1f\xe3\xd4)\xff\xc8c\xcf\x03\xc9\xf1sk\x8e\xbc\x89\
-\x07U\x9c<W(\xc3\xd1\xbbV\x9f>\xd7\x0b\xcf\
D\xab\x8f\xe7\x0a\xf1\x22(5~IuM\xea\xd1\xb6\
\xec\xee\xaay\xd3\xdfO\x0bn\x93?\xb4\xe8\x87U\x90\
\x8ae\xac\x0a\x94B\x83\x5c&/\x01\x1c\xb9$\xac{\
d\xfa5e\x9dH9urK\x99n)U\xe9N\
\x8a\xef\x03\xc2\xa2\x0e\xdb\xeb\xab\xb6Y\xd7\xd5\xe6\xdd\xa6\
Z4\xf5\xbag\x0dy\xf5\xe7\xd2^\xb0=L\x0bD\
\x8e\x8eB\xbaG\xea;\xeaC\xc1\xeei\x5c\xd1\x81\x86\
\xc0q#\xa8\xbf\xcc\xcf\xbdY7=\xed\x8d_\xb7\xf5\
\xe6\x0b\xcdA\xfdy}\xb3\x8d{\xda\xb6\xef\xeeX\xfc\
)\xe7]\xdbm(WD\xa8B\x08\xd1\xbf\x87k]\
\x08\xdb:\xee\x92\xc5\xb1\x19\x08\xb4NE\xb3\xc91\xc1\
?\x139\x91\x88`@d\xa9\x9a\xfa\x04D\x19\x82\x99\
\x89\x0c\xa4\xbd\x84\xc9\x87 \x82?\xcb\x84~.\x13\xfa\
\x93\x99 3e\x9ex\x1cF\x87\xb6e\xab/!\x91\
\xb3\x85\xfe\x8b\xe8Hc\xab\x80\xcfB\x82\x89DJ\xae\
cH\xf6)\xb9\x94U\x99\x88\xeb\xc4DI\xe8\x00/\
a\x82\x99R38\x1f\x1d\xa1q>{\x16&\x99\x98\
\xa8\x9e*\x9b\x91\xa8\x0f6!yn\x12\x92\x14\xb14\
]\xb4\x88\x84WA\x9cE2\xf3Z<S\xc2\xa9\x9c\
p\x9a{\x8f\x99)\xf7#\x13-(\xfd\x13\xea\x12\xa0\
\xc3\xe4\xff\x11\xe8P<\x9e\x0c\xa4\x13\x10\xd5d\xa5r\
\x99\x83\x94\x82\x91\xa7D\xc1U\x8c\xe3\x03\x12\xc6\x17\xba\
\xbf\xc4\xfa\xe9:\xbd\xc3\xc9\x13\xefC\xa0\x80\xb8<\xf8\
k\xab8\x1f\xc6|\xdfc\xd4\x93T\xe4'K\xfa\xd2\
?\x90\xeb\x1f\x18\xc7n\xdf\
\x00\x00\x02\x9a\
\x00\
\x00\x0c]x\xda\xdd\x97KO\xdc0\x10\x80\xff\x8ae\
.\xcb!\x8e\xc7\xcf\xb8b9\xf4R8T=\xb4\xf4\
\xee\xcd:\x9bH!Y%a\x1f\xfd\xf5\x1d\x87\x05\xb1\
\x15*\x1b\x04\x12B\xda\xf81\x99\xcc\xe3\x8b=\xf1^\
\xf4\x9b\x15\xd9\xdd\xd6M?\xa7\xe50\xac\xbf\xa4\xe9v\
\xbbe[\xc9\xdan\x95\x0a\xcey\x8a\x1a\x94l\xab\xe5\
P\xce)\x88\x8c\x922T\xabr8L6U\xd8~\
mws\xca\x09'*\xc3\x1f\xbd\xbcX\x91\xa2\xaa\xeb\
9m\xda&\xe0t\xed\x87\xf2 \xb9\xeb\xea\xd9\xd9u\
\xde6U\xb1\xbf^\x82+\x94\xb1aa\xad\xf3\xc1\x87\
E\x90N\xdasJ\x96s\xfa]\x08f\xd1\x1ed\x1b\
}\x05\x9a\x09\xed%\xb3\x9a\x8cM\xf4\xc5\x93\xc7\xf9o\
\xc9\xaf@mP t\xce\x13f\x1c\xd3&\x01\x9c\x91\
\xd8\x8c\xa3\x12,S\xce\xe5x\x13\x1f\x8e\x12\xd4!\x8f\
:h\xa2\x14L\xdf\xdbx\xd6\xd3\xd8\x94\x89\x8dJ\xfa\
\x0fM'\xa6\x05\x9f3-\xf19\xd3\x92\x9f3-\xf5\
\x90\x16\x8f.\xa5\xc1`\x8cGc$^\x18\x10\x81\x04\
p\xf0D4\x0aq0\xd9\x95>\xb8R\x91\xe0\xe8K\
\xbf\x93's\xf0$\x01\xed\x000\x95\xa9\xd3=-C\
\xd1_^t~Y\xf9\xfa[\xecB3\x90\x0a\xcd\xfd\
\x7f3S\x92\xc7\x92\x87\xdd~\xec:\xac\x86\x94\xac\x0e\
\x06~u\xbe\xe9\x8b\xb6\xbb\x9d\xd3\xae\x1d\xfc\x10f\x99\
c.\xd3D1\x5cK\x8e\x89\xf3>\xf7u\x98\x19f\
\xb8\x01E\x00\xdf\xaa\xe1q\xcd=X\xb8i\xaa\x01+\
\xf2]\x1f\xba\x9fk\x9f\x87\x1f\xcdM\x1f+i?\xb4\
k\xd2\x16E\x1f\xb0\xfe2#\x0d%Q\x94\xe4m\xdd\
b\x0cg\x96[k\x971\xb1#Mx^\xed^\xd8\
\xa2\x83j\x18\xf3\xc0\xe7\xd2c\x16\xd3\xd9\x88\x93\xd9\xdc\
\xfa\xa1\xabv3N\x12\xcd\xacs\xda\x11\x10\x8cg\x1c\
\xe2\x1b\x12\xe3\xea\x17,\x9bLE\x09\xfd\xf1\xa8\xc8\xd7\
Q\xc1\x90\xd4H\x05\x9cA*\x12K\x10\xcf\x22\x16k\
\xa7s\x01\xfb\xf1\xb8\xa8\xa9;IKf\xc0\x90\x04\x14\
\xe3Z\x11\xc1\xa41\x87\xed\xa48VSE\xa4\xc2\x8a\
\x030\x99\x8f\x16\xee\x9f\xc4!\xe4\xd9\x82\xbf\xc8\x07\xbc\
-l\xfe&8\xf4kq\xe0F\x01 B1#\xec\
{\xe1\xb0\x0b\xbb(\x8a\x17q(\xafd\xbex\x13\x1c\
\xe6\x958\xc00)\x08sN\xbc\x17\x0b^\xf8\xe2\x04\
\x16\x9c\x1bd\xf6,\x8b\xbaj\x82\xefNg\x81\x9bw\
\x07\xe8\x01\xe2\x09\x02\xc7\x02\xc7\xf14\x80\x8c\xf6Q\x8e\
g\xf1=\xca\xf0+\xa8b\xb4'%x\x14\xeb\xc2\xe5\
<\xb7\xa7V\x83\x98\xd2q\x0a(\xb8\xff\x9a\xa6+\xbc\
\xf0_\xc3\xe5_\x0a%\x81\xbf\
\x00\x00\x08\x02\
<\
svg xmlns=\x22http:\
//www.w3.org/200\
0/svg\x22 width=\x2212\
8\x22 height=\x22128\x22 \
viewBox=\x220 0 20 \
20\x22><g fill=\x22non\
e\x22><path fill=\x22u\
rl(#IconifyId19f\
467eb779aeaebe39\
42)\x22 d=\x22M16 5.11\
7V10.5h-3V5.117a\
20 20 0 0 1-.29-\
.554a8 8 0 0 1-.\
148-.313A.6.6 0 \
0 1 12.5 4q0-.08\
6.07-.312q.071-.\
228.157-.493t.17\
1-.5q.087-.234.1\
25-.351a.46.46 0\
 0 1 .18-.242A.5\
5.55 0 0 1 13.5 \
2h2q.164 0 .29.0\
94a.57.57 0 0 1 \
.187.25q.03.109.\
117.344l.18.5q.0\
93.265.156.492q.\
062.225.07.32a.7\
.7 0 0 1-.062.24\
2q-.063.15-.141.\
32a3 3 0 0 1-.16\
4.313a2 2 0 0 0-\
.133.242\x22/><path\
 fill=\x22url(#Icon\
ifyId19f467eb779\
aeaebe3943)\x22 d=\x22\
M17 11.5h-5v4.05\
5q0 .507.203.953\
t.547.781A2.5 2.\
5 0 0 0 14.5 18q\
.5 0 .953-.195a2\
.7 2.7 0 0 0 .79\
7-.524q.345-.327\
.547-.773a2.3 2.\
3 0 0 0 .203-.95\
3z\x22/><path fill=\
\x22url(#IconifyId1\
9f467eb779aeaebe\
3944)\x22 d=\x22M17 12\
v-1.5a.6.6 0 0 0\
-.07-.273a.37.37\
 0 0 0-.172-.149\
a1 1 0 0 0-.235-\
.062a2 2 0 0 0-.\
257-.016h-3.532q\
-.14 0-.265.016a\
.7.7 0 0 0-.235.\
07a.44.44 0 0 0-\
.171.148a.5.5 0 \
0 0-.063.266V12z\
\x22/><path fill=\x22u\
rl(#IconifyId19f\
467eb779aeaebe39\
45)\x22 d=\x22M5.78 2.\
126a.5.5 0 0 1 .\
22.415v3.457a1 1\
 0 0 0 2 0V2.541\
a.5.5 0 0 1 .688\
-.463A4.501 4.50\
1 0 0 1 9 10.282\
v5.716a2 2 0 1 1\
-4 0v-5.716a4.5 \
4.5 0 0 1 .312-8\
.204a.5.5 0 0 1 \
.467.048\x22/><defs\
><linearGradient\
 id=\x22IconifyId19\
f467eb779aeaebe3\
942\x22 x1=\x2215.833\x22\
 x2=\x2212.81\x22 y1=\x22\
.38\x22 y2=\x2216.965\x22\
 gradientUnits=\x22\
userSpaceOnUse\x22>\
<stop stop-color\
=\x22#2bdabe\x22/><sto\
p offset=\x22.853\x22 \
stop-color=\x22#006\
7bf\x22/></linearGr\
adient><linearGr\
adient id=\x22Iconi\
fyId19f467eb779a\
eaebe3943\x22 x1=\x221\
6.999\x22 x2=\x2210.44\
6\x22 y1=\x2218.145\x22 y\
2=\x2213.592\x22 gradi\
entUnits=\x22userSp\
aceOnUse\x22><stop \
stop-color=\x22#ff6\
f47\x22/><stop offs\
et=\x221\x22 stop-colo\
r=\x22#ffcd0f\x22/></l\
inearGradient><l\
inearGradient id\
=\x22IconifyId19f46\
7eb779aeaebe3944\
\x22 x1=\x2213.376\x22 x2\
=\x2214.043\x22 y1=\x2210\
.484\x22 y2=\x2212.151\
\x22 gradientUnits=\
\x22userSpaceOnUse\x22\
><stop stop-colo\
r=\x22#ffa43d\x22/><st\
op offset=\x221\x22 st\
op-color=\x22#fb593\
7\x22/></linearGrad\
ient><linearGrad\
ient id=\x22Iconify\
Id19f467eb779aea\
ebe3945\x22 x1=\x2210\x22\
 x2=\x224.8\x22 y1=\x22-1\
\x22 y2=\x2218.48\x22 gra\
dientUnits=\x22user\
SpaceOnUse\x22><sto\
p stop-color=\x22#2\
bdabe\x22/><stop of\
fset=\x221\x22 stop-co\
lor=\x22#0067bf\x22/><\
/linearGradient>\
</defs></g></svg\
>\
\x00\x00\x02N\
\x00\
\x00\x084x\xda\xd5\x96Ko\xdb0\x0c\x80\xff\x8a\xa0\
^\xb6\x83e\x89zz\x88\x03l\x97\xad\x87a\x87\xa1\
\xbd\xbb\xb6\x14\x1b\xc8\xec v\xf3\xd8\xaf\x1fm+[\
\xda\x02kS\x14\x18\x06?@R4\xa5\x8f\xa4\x04/\
\xfa\xdd\x8a\x1c~\xac\xdb>\xa7\xf50l>\xa4\xe9~\
\xbfg{\xc9\xba\xed*\x05\xcey\x8a\x1e\x94\xec\x9bj\
\xa8s*\xc0QR\xfbfU\x0fQ\xd95~\xff\xa9\
;\xe4\x94\x13N$\xe0M\x97\x8b\x15\x09\xcdz\x9d\xd3\
\xb6k=\xaa\x9bb\xa8\xa3\xe5~\xbb~wu]v\
m\x13\x8e\xd7\x95\xc8\x822\xd6\xdfY\x9b\x15\xbe\xf0w\
^q\x0d\xef)\xa9r\xfa\xd51M\xe0\xa3\xc4\xf7\xf8\
\xf0\xe9\xd2D3}\x0b\xa2\x06\xb8E\xe9\xd1(\x8c\x22\
\xfc\xa4\xe9\x853\xca8\xa3\xc0\x10b\x97\xa8\x02\x08L\
\x01\x05\x81\x04jw\xae\x13\xd8\xa9\xcbgPq\x06\xc0\
\x18\xbcPDM\xc1D\xe2\xc8I\x1bu\xd4.\x8e\xac\
O\x91\xa7T\xf0\xe2aFPJ\xe4\x981\xfeE\xef\
\xcc\x93\x84\xb9\xe9\x9b\xcbq\x0cN:\xfa&\xdd\xa6(\
\x9b\xe1\x98Sf\xff\xc12\xecY\xddT\x81\xf9\x9c\xb2\
8uB-\xe0\xdc\x90\xcc]Q\xf9\xd0/\x17\xeb\xa6\
\xf5\xc5\xf6\xf3\xb6\xa8\x1a\xdf\x0e\xa4\xc1\x10\x7foHJ\
\x0eb\xecv\xe64b\x1e\x00\xe5\x8cI\x8b\xf2\x11\xed\
8|D\x13pf\x94\xa4d\x15\xe3\xde\xb4\xcd\x80{\
\xea\xbe\xf7\xdb\xef\x98%\xff\xad\xbd\xe9\xc7\xbd\xd0\x0f\xdd\
\x86\x8c\xaf\xa4\xec\xd6\xdd6\xa7Ww\xd2\xf3\x10\xc6\xf5\
Mc]\x08\xbd\x1fw\x17}\xe8\xe6\xca*\xba\xa5\x0f\
\x09.'\x92gD*\x12)f3\x98\x89\x84F\xd9\
E,\xc12\xe7^\x88uZ:\x13\xa0\x1f\xad>+\
M\x19\xfc\xb3\x90\xb6P\xa2*\xdf\x04REH\xc92\
\x0e\x11\xd2\xb2\x89\x0b\xcd\x96q#gD\xf4\xd0V\xfd\
\x8f\x88zFL\x98\x9e\xf9\xc02k\xe5\x0c\xc8\xf8\xa9\
13&\x9czMcJS\x85 \x9e\x05\x02k\x94\
\xb7o\x02db\xcdL\xac\x97c`\xe26\x13\x9c9\
\x19+&\xb1Y\xe5\xc5\x153\x22{\xb4\xf2\x10L\xe9\
]4\xfe>\xcb\xf8\xb3\xc4\xf1\xbb\xb7 \xb6\x91X0\
\x93\x9d\xba\x14\xb7\x9c<\x1d.\x8a\x89\xb1\x93\xa7B:\
&\xb9yM!\xc3\x0b\x8e\x97?\xa7\xd0\x13\xa6t>\
7\xd3\x15>\xf83\xb0\xfc\x05\xc1\xb9h\x07\
\x00\x00\x06\x17\
<\
svg xmlns=\x22http:\
//www.w3.org/200\
0/svg\x22 width=\x2212\
8\x22 height=\x22128\x22 \
viewBox=\x220 0 48 \
48\x22><g fill=\x22non\
e\x22><path fill=\x22u\
rl(#IconifyId19f\
467eb779aeaebe40\
71)\x22 d=\x22M9.685 2\
4.003L7.727 18l2\
4.496 5.023c1.06\
5.218 1.065 1.74\
 0 1.96L7.726 30\
.004z\x22/><path fi\
ll=\x22url(#Iconify\
Id19f467eb779aea\
ebe4069)\x22 d=\x22M7.\
262 4.244c-1.787\
-.893-3.765.812-\
3.146 2.711L8.13\
 19.26a2 2 0 0 0\
 1.573 1.352l15.\
86 2.643c.835.14\
.835 1.34 0 1.48\
L9.704 27.378a2 \
2 0 0 0-1.573 1.\
352L4.116 41.042\
c-.62 1.9 1.359 \
3.605 3.146 2.71\
2l35.494-17.742c\
1.659-.83 1.659-\
3.197 0-4.026z\x22/\
><path fill=\x22url\
(#IconifyId19f46\
7eb779aeaebe4070\
)\x22 d=\x22M7.262 4.2\
44c-1.787-.893-3\
.765.812-3.146 2\
.711L8.13 19.26a\
2 2 0 0 0 1.573 \
1.352l15.86 2.64\
3c.835.14.835 1.\
34 0 1.48L9.704 \
27.378a2 2 0 0 0\
-1.573 1.352L4.1\
16 41.042c-.62 1\
.9 1.359 3.605 3\
.146 2.712l35.49\
4-17.742c1.659-.\
83 1.659-3.197 0\
-4.026z\x22/><defs>\
<linearGradient \
id=\x22IconifyId19f\
467eb779aeaebe40\
69\x22 x1=\x224\x22 x2=\x223\
8.255\x22 y1=\x22-12.2\
49\x22 y2=\x2233.27\x22 g\
radientUnits=\x22us\
erSpaceOnUse\x22><s\
top stop-color=\x22\
#3bd5ff\x22/><stop \
offset=\x221\x22 stop-\
color=\x22#0094f0\x22/\
></linearGradien\
t><linearGradien\
t id=\x22IconifyId1\
9f467eb779aeaebe\
4070\x22 x1=\x2224\x22 x2\
=\x2234.402\x22 y1=\x2214\
.781\x22 y2=\x2242.925\
\x22 gradientUnits=\
\x22userSpaceOnUse\x22\
><stop offset=\x22.\
125\x22 stop-color=\
\x22#dcf8ff\x22 stop-o\
pacity=\x220\x22/><sto\
p offset=\x22.769\x22 \
stop-color=\x22#ff6\
ce8\x22 stop-opacit\
y=\x22.7\x22/></linear\
Gradient><radial\
Gradient id=\x22Ico\
nifyId19f467eb77\
9aeaebe4071\x22 cx=\
\x220\x22 cy=\x220\x22 r=\x221\x22\
 gradientTransfo\
rm=\x22matrix(14.5 \
0 0 1.9375 6 24)\
\x22 gradientUnits=\
\x22userSpaceOnUse\x22\
><stop stop-colo\
r=\x22#0094f0\x22/><st\
op offset=\x221\x22 st\
op-color=\x22#2052c\
b\x22/></radialGrad\
ient></defs></g>\
</svg>\
\x00\x00\x02g\
\x00\
\x00\x08\x12x\xda\xd5\x95\xcdn\xdb0\x0c\x80_EP\
/\xdb!\xb4\xfe\x7f\x86\xba@\xb7\xc3\xd6\xc3\xb0\xc3\xd0\
\x07pl96\xe0\xdaA\xe26m\x9f~\x94\xad\xa6\
kW,\xcb\x90\xc3\x868tD2$?S\x94\xcf\
\xb7w+r\x7f\xd3\xf5\xdb\x9c6\xe3\xb8\xfe\x90e\xbb\
\xdd\x0ev\x12\x86\xcd*\x13\x8c\xb1\x0c=(\xd9\xb5\xd5\
\xd8\xe4\x94\x0bGI\x13\xdaU3\xa6\xc5]\x1bv\x1f\
\x87\xfb\x9c2\xc2\x087x\xd1\x8b\xf3\x15\xa9\xdb\xae\xcb\
i?\xf4\x01\x97\xebbl\x92\xe6v\xd3\xbd;\xbb*\
\x87\xbe\xad\x1f\xae*\xeekelXZ\xeb\x8bP\x84\
eP\xcc\xf3\xf7\x94T9\xfd\xca\x89\x02\xab?q\x22\
\xc1:E\xf8$%\x11\xa8$\xb2\xe1\x0ct\x09\xde\x98\
\x98\x15UO>z\x12w\x06\xf4\xe5~E\xa6\xd2\x08\
\x97 P!\xbf\xc4\x10\xbfZ\x09\xe7h\x7f\xa4\xd9\x91\
\xf5\x0a\xac7\xfa.\x86uQ\xb6\xe3CN\xc1\xfe_\
\x042=q\x0f\x9a\x98\x024\xcc\x11\xa7\xa8\x8d|\xa1\
X\xf0\xc7\x1bF\xe4A\xa7\xa3kP\xa9\x06\x09N;\
\xe2@zq\x09\xce\xe0\x95\xa2J\xe2\x11\xae\xe0`,\
\x99D\xca\x0d\xc2\xc4\xa7`D\x07LK`\x5c\x95\xb8\
\x00\xae\xf5d\xb3\xe9\x97\x8b\x81\xa2\x8bZ\xa0\x8f|;\
\xce\x22\xc6)~N\xbb\x88\xe5D\xe1\x8fG\xd2\x09I\
chN,X\xae0\xad\xd41o\x94\xb1g1\x85\
x\xc32\x7f&K\xcc[\x85z{q\xde\xb5}(\
6\x9f7E\xd5\x86~$-\x06\xff\xfd$Qr\xcf\
sj\xf0&r\xea\xc0KO\xc9\x03j$\xdeP\x83\
\xdb\x89\x1bA\xc9*E\xbc\xee\xdb\x11\x8f\x81\xdbm\xd8\
|\xc7\xbd\x1c\xbe\xf5\xd7\xdb8\xbe\xdbqX\x93(\x16\
\xe5\xd0\x0d\x9b\x9c\x9e-e`u\x1d+\x9blC]\
oC<\x10\xe8K7WV\xc9-{Y\xfb\xf1,\
bf\xc1\xa1\xe1\xc6\xce@\x5c\x80\x91r&R \xe2\
a4Q9\xd0\xde\xfd!\xd5S\xe5\xa0\x94}U|\
]\x9b2\xb8\xa4\xdc\xcf6;\x08\x9d\xfew\x0ah\xb9\
\x876\xd2<C\xeb\x04\x8d#'\xdds+\xbd\xff\x9b\
V2f]\xa5\x0eR1f\xec\xf24\xadT3\x95\
\x9c\x81$x\x9f\xb6%\x8e\x1d\xf3\x89\x07\x07\xc1\x89c\
\x9b\xc8\x85~U\xb6/MY\x87\x83t\xb6P\xbc*\
OB\xa7\x13\x1dx\xa6gB\x8d\x83\xb7\xdf\xa6\x93C\
$\xb4\xa0\x8d\xff\x17\x00\xb3\xf9p\xc9V\xf8\xc5W\xfd\
\xc5\x0fB\x95BY\
\x00\x00\x04(\
\x00\
\x00\x17\xa2x\xda\xed\x97Ko\xe36\x10\xc7\xbf\x0a\xa1\
\xbdd\x0f\xa4\xc9\xe1\x0c\x1fE\x9cC\xf7P\xec\xa1\xe8\
\xa1\xdd\x0f\xa0\xe8a\x1bp\xac\xc0\xd6\xc6\xc9\xb7\xef\x8c\
\xac\xa4\x88\x134V6\xb9\x19\xb0\xad\xd7\xdf\x14\xe7\xc7\
y\xf1rw\xb7P\xf77\xeb\xcdn^,\xfb\xfe\xf6\
\xb7\xd9l\xbf\xdf\x9b\xbd7\xddv1\x03k\xed\x8c\x15\
\x85\xda\xaf\xea~9/\x1c\xa4B-\x9b\xd5b\xd9\x8f\
\x17w\xabf\xff{w?/\xac\xb2\xca\x03\x7f\x8a\xab\
\xcb\x85jW\xeb\xf5\xbc\xd8t\x9b\x86/o\xcb~9\
\xde\xf9\xb9]_|\xf9^u\x9bU\xfb\xf0\xbdv\xb9\
\xc5\x10\x9b\xeb\x18s\xd9\x94\xcdu\xe33\x85\xaf\x85\xaa\
\xe7\xc5\x9f\x90\x0c(\x07\xc6b,\x93JJ\xc6\xb7\xda\
dml\xf6\xdf\x00L\xceY9\xa7\xd0D\xe7\x95\xcb\
O'kVX>1\x96\xfcR\xce\xe3\xb7`|@\
\x05hB\x0a\xcaY\x133)H\xca\x05\xfe\xad\x88\x85\
\xc8\x83g\xe3c\xd6\xde8 \x1e\xd78\x8c:\x1a\xc2\
T\xf1\xb9K\xda\xb8\xe0\x14\x18\x8fA\xf3\x8bHy\x03\
\x81\xb43d\xe3\xa0\x88<\xb7\x00\xac\xb0\xa4\x81\xef:\
\x9e\x81\xf7\xa0\xd1x\xeb+m\x82\x1f\xd49h\xb1)\
k\x19*\xf1\xeb\x08Q\xf4\x99\x8a\xd9DR\xf1L\xea\
DR\xe9L\xeaDR\xf9L\xea4R\xc12)\xd1\
\xea\xee\xb6\xacV\xfd\xc3\xbc0tfw\x1a;w\xf6\
\xb2\x13I\xc1H\xca\x1b6%\x9bL\xfe?P\xcad\
\xe1T\xa1\xb1\x09\x04\x82S\x91\xa7\x0d\xf2r\xae\xc4N\
\xe6\x16xn6T\xde\x04\xe7\xe4>\x88\x06\xdcp\xdb\
\x0b[\x03D\x87\x8b\xe5\x80\x11\x88\xad\x08,\xf2\x8ei\
\xf2cK\x0a\x85\x22Vz\xa4\xa8\x07\x8aj\xa0\xa8\x0f\
\x14\xd5\x81\xa2\x1e0\x0a\xc5\xc1\xf4 \x10\xf5\x00Q\x1d\
 \x0e\x82\xc8\x10\xbdL\x86x\x85\x0c\xf9\xa8e\xa6\x89\
\x17\xd7c%\x0cE,\xab7*<{\x003\x1c\xc4\
\x94&#\xf4g\x84\xbf\x8a\x10\xcf\x08\x7f\x15!\x9d\x11\
\xbe\x82\xb0n\xda\xdd\xd5\xe5\xb6\xacW\xe5\xfa\x0f94\
\x9b^\xad\x98\xd3\xffo\x11\x0aU\xc9\x8e\x83\x0f\x0f\xc3\
a\xcb\x9b\x91B-\xc6\x01\xfe\xd9\x96\x9b]\xdbmo\
\xe6\xc5\xb6\xeb\xcb\xbe\xb9\x00\xcf6r)\x01k(9\
\xc5U\xc7\x7f\xddU\xe5\x9a\x9f\x900\xe7\x94N\xb2\x02\
\xb2\xf7x\x1c\xe5\xc7f\xd5\xf3\xa6\xe8\xe7\xae\xd9\xfe\xcd\
\x15\xbe\xf9k\xf3c'\x9b\x99]\xdf\xdd*\xf9\xd1U\
\xb7\xee\xf8\xcd_R\x1bc\xdb\x8a9\xc3\xb3\xaemw\
\x0do\x8f\x0cR,\x9e+c$6\xe0\xa52\x88I\
\xcf\x94\x81\x08\xea,\xca\xd9s:\xd3i\xc5\xa9\xb4x\
\xd5y\xc1\xd8Mq\xa8\xcdyDE\xbch\xc4\xf5\xd1\
\xf1\x12\x86H\xa7\xa2z2\x12\xd0\x1d\x1b\xd9x[\xa5\
\x178^\xc8\x22\xcb\x1e\x01=u[\xf6C\xe0\xa4\xe9\
\xae\x84\x06\xdd\xe0J\x0e\xa2\xc4]z\xf4%\x89\xc1\x94\
\xb8I\xf1&R\x84w\xf9R\xeb\x03$|\x13\xc9(\
\xfb\x14$\xf9d$7e\xbf]\xdd_h\xce.\x91\
\x0e\xb9L\xd2H\xca1*\x898N?ry\xba\xaf\
<\x0f\x96\x1aO\xf1\x8e\xd8\x22\xd5\xf0)(\x82\x9d\xea\
\x1d\xc4\x0d*z\xa6\x108\xc33\x04\xc9\xca\x8f\x99\x86\
S7\xda\xa4\xa24\x8e)O\x0f\x9f@G\x96\xdb\x12\
\xc25\xbdj\xf9\xf3\xbfr\xce;\xfe+\xb9:\xc3\x87\
0r\x93\xd3K$\x93\xb8\x8bvd\x86\xba\xe5,>\
e\x98\x90\xac\xe5\x9b\xc8\x02?\x1d\x91\xcb\xc7\x88\x1a\x17\
}\x13_\x12\xc9\xd6\xbd\xae\xfc\x147\x82\xa9\x88<\x99\
\x08Yq\xc5\xe5Hb\x1a\x91+\xd3\xe8E\xc8s\xa7\
<\xecs\x02\xb9w\x05\x96\xafk_Wo\x06\x16B\
\xb6\xed\xc7\x00\xf0S\x01h\xe2\xce\x81\xcb2\xd7\x1a\xb4\
\xa8\x82\xc18\x02H\x86\x9c\x0dQ\xf2oB\x80\xe9a\
\x94\x8e}\x84\x1b1\xdb\xb8\xb7q\xa4T6\xf49\x0e\
\x82SS.r;\x87\x89\x13\x0d\xbb\x86cO\x01\xf1\
}\x0aR\xaf\x03 p\x22\xe6\x1d0\xbe\x83\x8e\x87\xe2\
]\xce2\xca>\x85\x0eM\xf5\x9e M,*n_\
\x89\xfb\xd9\x14\x1f\x83\x87\xb32:\xce/dM\xf6\xce\
O\xa6C\xf1\xb8M\x83P\xb5\xf5\xf5\xdb)\xf8\x18\x97\
\xcbu>\xe4\xa5\x17tf\x87\x9ex\xb6\xe0\xef\xeen\
q\xf5/5\xda2\xef\
\x00\x00\x01\xfa\
\x00\
\x00\x06\xb1x\xda\xcdU\xc1n\x9c0\x10\xfd\x15\xcb\xb9\
\xa4\x07\x8cm\x8c\x81jY\xa9\xbdT9T=\xb4\xf9\
\x00\xefb\x83%\x16\xaf\xc0Y\xa0_\xdf\xf1B*m\
\x125\xdd\xb4\x87H\x18{\xc6\xf6\xf0\xde\xf3\x8c\xd9\x0c\
\xa7\x1aM\x87\xb6\x1bJ\xdcx\x7f\xfc\x18\xc7\xe38\x92\
1!\xae\xafcN)\x8da\x05F\xa3\xad|Sb\
\xc6s\x8c\x1am\xeb\xc6\xaf\xc6\xc9\xea\xf1\xb3\x9bJL\
\x11E\x22\x87\x07o752\xb6mK\xdc\xb9N\x83\
yT\xbeY=\x0f}{{s\xb7w\x9d5\xf3]\
\xc5\x0a#d\xa6wYV(\xad\xf4N\x0b*\xc5\x07\
\x8c\xaa\x12\x7f\xcd\x11c$\xfd$H\x8aB\x0b\xe1\x19\
b\x1c\x86Y\xc3\x13u\xe9_\xad\x13\xcf/'\xa2\xd5\
j\x22\x9e<\x09\x95\xa3\xa4 \xe9O\x1c_\x89\x8f\x03\
\xbe\xb06rG\xb5\xb7~.1\xc9\xde7\xe2\xe49\
b\xf1\xbe\x11\xa7k\x0e0\x89r\xc2\x03@\x1e\xc2\xf2\
\xc7\xb8\x9c\x9e\x1dMFR\xf5t\x8e\xc2\x16\xc0\x92\x91\
\xe7\xdb\xd6p\x01N\xa5\xcd\xb0\xdd\xf4\xaa\xb2\xaa\xfd\x12\
:\xddyd\xe1\x9b\x7f>{\x8c\xf6!\xd5\xa1\x9b\xcf\
]\x0fU\x80Q\xbd\x06\xf8\xd1\xabn0\xae?\x94\xf8\
\xa0|o\xa7[\x1a\xd4\x949\x95(\x82A\x92\x05$\
\x5c\x00\xa6B\x84<\x7f\xdcx\xdfY\x0f\x05\xf80\xe8\
\xfe;\x9c\x91\xfe\xd6\xdd\x0f\xa1p\x06\xef\x8e(\xbc\xa2\
\xbdk\x1d|\xec\x86*\x96\xa7<08\xcf9c\x06\
\x0d\xa5H\x0a\xc8\xc1\x97\x16.\xce\xdf\x07O\xc3\xce\xf8\
\x92\xf6\xf52$\xd7\xcb\x90\x82\x0a\xc0>*H\xce\xf8\
\xaaB\x0e\xe3\xe4\x7f\xaa\xc0\xfeA\x83\xd6vZ\xf5\x7f\
\xaf\x01T\xd0\xc4J\x0c7\xe0\xc4K\x9cd\x84\x0b\x90\
e\x06\x17\xa3\xe1B\x98\xc1+$\xe1R\xbe\x85`\x22\
+c\xd8\xeb\x04i!\xcc\xc2\xe7\x12\xff\xf5|\xd2\x85\
\x0f\x17\x0b\xa1\xd0\x072ba\x12\xee\x84\xb7\xf00F\
S\xb9{\x95\x87Q\xbb\x94\xbe\xcc#^*5\xae\xa1\
\xc1\x9fh\xfb\x0bk\xf5\xe5\xa4\
\x00\x00\x06*\
<\
svg xmlns=\x22http:\
//www.w3.org/200\
0/svg\x22 width=\x2212\
8\x22 height=\x22128\x22 \
viewBox=\x220 0 32 \
32\x22><g fill=\x22non\
e\x22><path fill=\x22u\
rl(#IconifyId19f\
467eb779aeaebe39\
21)\x22 d=\x22M3 7.5A4\
.5 4.5 0 0 1 7.5\
 3h17A4.5 4.5 0 \
0 1 29 7.5v17a4.\
5 4.5 0 0 1-4.5 \
4.5h-17A4.5 4.5 \
0 0 1 3 24.5z\x22/>\
<path fill=\x22url(\
#IconifyId19f467\
eb779aeaebe3922)\
\x22 d=\x22M3 7.5A4.5 \
4.5 0 0 1 7.5 3h\
17A4.5 4.5 0 0 1\
 29 7.5v17a4.5 4\
.5 0 0 1-4.5 4.5\
h-17A4.5 4.5 0 0\
 1 3 24.5z\x22/><pa\
th fill=\x22url(#Ic\
onifyId19f467eb7\
79aeaebe3923)\x22 f\
ill-rule=\x22evenod\
d\x22 d=\x22M14.704 9.\
021a1 1 0 0 1 .7\
75 1.183L15.105 \
12h3.457l.459-2.\
204a1 1 0 0 1 1.\
958.408L20.605 1\
2H22a1 1 0 1 1 0\
 2h-1.812l-.833 \
4H21a1 1 0 1 1 0\
 2h-2.062l-.459 \
2.204a1 1 0 0 1-\
1.958-.408L16.89\
5 20h-3.457l-.45\
9 2.204a1 1 0 0 \
1-1.958-.408L11.\
395 20H10a1 1 0 \
1 1 0-2h1.812l.8\
33-4H11a1 1 0 1 \
1 0-2h2.062l.459\
-2.204a1 1 0 0 1\
 1.183-.775M14.6\
88 14l-.833 4h3.\
457l.833-4z\x22 cli\
p-rule=\x22evenodd\x22\
/><defs><linearG\
radient id=\x22Icon\
ifyId19f467eb779\
aeaebe3921\x22 x1=\x22\
3.929\x22 x2=\x2224.35\
7\x22 y1=\x227.875\x22 y2\
=\x2224.125\x22 gradie\
ntUnits=\x22userSpa\
ceOnUse\x22><stop s\
top-color=\x22#36df\
f1\x22/><stop offse\
t=\x221\x22 stop-color\
=\x22#2764e7\x22/></li\
nearGradient><li\
nearGradient id=\
\x22IconifyId19f467\
eb779aeaebe3922\x22\
 x1=\x229.339\x22 x2=\x22\
23.598\x22 y1=\x223\x22 y\
2=\x2229\x22 gradientU\
nits=\x22userSpaceO\
nUse\x22><stop offs\
et=\x22.028\x22 stop-c\
olor=\x22#e67eea\x22/>\
<stop offset=\x22.4\
38\x22 stop-color=\x22\
#ad64d7\x22/><stop \
offset=\x221\x22 stop-\
color=\x22#794dc5\x22/\
></linearGradien\
t><linearGradien\
t id=\x22IconifyId1\
9f467eb779aeaebe\
3923\x22 x1=\x2212.319\
\x22 x2=\x2222.933\x22 y1\
=\x229.538\x22 y2=\x2227.\
853\x22 gradientUni\
ts=\x22userSpaceOnU\
se\x22><stop stop-c\
olor=\x22#fdfdfd\x22/>\
<stop offset=\x221\x22\
 stop-color=\x22#f9\
dcfa\x22/></linearG\
radient></defs><\
/g></svg>\
\x00\x00\x06\xb6\
<\
svg xmlns=\x22http:\
//www.w3.org/200\
0/svg\x22 width=\x2212\
8\x22 height=\x22128\x22 \
viewBox=\x220 0 24 \
24\x22><g fill=\x22non\
e\x22><path fill=\x22u\
rl(#IconifyId19f\
46eb43b033f74432\
05)\x22 d=\x22M12 22c5\
.523 0 10-4.477 \
10-10S17.523 2 1\
2 2S2 6.477 2 12\
s4.477 10 10 10\x22\
/><path fill=\x22ur\
l(#IconifyId19f4\
6eb43b033f744320\
4)\x22 fill-rule=\x22e\
venodd\x22 d=\x22M9.11\
5 2.422a9.6 9.6 \
0 0 0-.85 1.704c\
-.48 1.23-.838 2\
.723-1.049 4.374\
H2.63q-.271.725-\
.43 1.5h4.87a29 \
29 0 0 0 .088 5h\
-4.7q.246.78.61 \
1.5h4.297c.215 1\
.255.52 2.397.9 \
3.374c.246.63.53\
 1.205.85 1.704A\
10 10 0 0 0 12 2\
2a10 10 0 0 0 2.\
885-.422a9.6 9.6\
 0 0 0 .85-1.704\
c.38-.977.685-2.\
119.9-3.374h4.29\
8q.364-.72.61-1.\
5h-4.7a29 29 0 0\
 0 .088-5h4.87a1\
0 10 0 0 0-.43-1\
.5h-4.587c-.21-1\
.651-.57-3.144-1\
.05-4.374a9.6 9.\
6 0 0 0-.849-1.7\
04A10 10 0 0 0 1\
2 2a10 10 0 0 0-\
2.885.422M8.73 8\
.5c.2-1.47.522-2\
.774.934-3.829c.\
36-.92.77-1.612 \
1.194-2.062C11.2\
78 2.163 11.663 \
2 12 2s.723.163 \
1.143.609c.423.4\
5.835 1.142 1.19\
4 2.062c.412 1.0\
55.734 2.36.934 \
3.829zM12 22c.33\
8 0 .723-.163 1.\
143-.609c.423-.4\
5.835-1.142 1.19\
4-2.062c.316-.81\
.58-1.765.775-2.\
829H8.888c.196 1\
.064.46 2.02.775\
 2.829c.36.92.77\
 1.612 1.194 2.0\
62c.42.446.805.6\
09 1.143.609M8.5\
 12c0 1.048.058 \
2.055.166 3h6.66\
8a27 27 0 0 0 .0\
94-5H8.573a27 27\
 0 0 0-.073 2\x22 c\
lip-rule=\x22evenod\
d\x22/><defs><radia\
lGradient id=\x22Ic\
onifyId19f46eb43\
b033f7443204\x22 cx\
=\x220\x22 cy=\x220\x22 r=\x221\
\x22 gradientTransf\
orm=\x22rotate(224.\
662 12.654 4.738\
)scale(16.0089 1\
6.0078)\x22 gradien\
tUnits=\x22userSpac\
eOnUse\x22><stop st\
op-color=\x22#25a2f\
0\x22/><stop offset\
=\x22.974\x22 stop-col\
or=\x22#3bd5ff\x22/></\
radialGradient><\
linearGradient i\
d=\x22IconifyId19f4\
6eb43b033f744320\
5\x22 x1=\x226.444\x22 x2\
=\x2220.889\x22 y1=\x225.\
333\x22 y2=\x2218.667\x22\
 gradientUnits=\x22\
userSpaceOnUse\x22>\
<stop stop-color\
=\x22#29c3ff\x22/><sto\
p offset=\x221\x22 sto\
p-color=\x22#2052cb\
\x22/></linearGradi\
ent></defs></g><\
/svg>\
\x00\x00\x02\x89\
\x00\
\x00\x0d\x95x\xda\xdd\x97_o\x9b0\x10\xc0\xbf\x8a\xe5\
\xbe4\x0f\x18\xff7\x9eJ\x1f\xf62\xf5a\xda\xc3\xd6\
\x0f@\xc0$H\x14\x22\xa0M\xf2\xedw\x06\xaa\x86m\
jC\x94-\xd1\x14\x88\xe3\xe3\xcew\xbf\xf3YG\xee\
\xda\x97\x15\xda=\x95U\x1b\xe3u\xd7m>\x85\xe1v\
\xbb%[A\xeaf\x15rJi\x08\x1a\x18m\x8b\xac\
[\xc7\x98\xf1\x08\xa3\xb5+V\xebn\x9c\xbc\x14n\xfb\
\xb9\xde\xc5\x98\x22\x8a\x04\x87\x0b\xdf\xdf\xadP^\x94e\
\x8c\xab\xbar0\xdd$\xddz\x94\xdc\xc0\x8a\x18e1\
\xfe\xca%a\x881\xc2\x13\x18\x90\xb7f\x88p\xc4\x88\
,\x03\x81\xe4(\x85\xef\x80\x11\x0d7/E \x0ft\
A1 \x1c\x87\x93\xe5\x9f\x9b\xf2\xf6\xe6!\xad\xab\x22\
\xdf?d\xcc\xe6R\x1b\xb74\xc6&.qK',\
\x93\x8b\x8b\xbag\x97u\xcf/\xeb^\xfcM\xf7o\xa5\
\xc54\xb1\xd2\x22f\x89\x8e\x0e\xcc\x02\xa2\x85\x00[\xae\
U\x19h\xc4\xa7O8\xf8\x89lT\xea\x80O<\x81\
\xb6\xb7;\xb9\xd0\xae\x22\x18vM\xc1\xf0k\x0aF\xfc\
\xbb`\xde\x0a\xd4\x80\x9fD\x22\xd9\xab{\xa3h\x9c\xf5\
\x9f \x9aM\xa1\x16'-|pd\x00]\x9d5$\
\xbd8m\xe5\x83\x0e\xa1\xd0yC2\x8b\xe3\x17\xce\x5c\
\xde\xde\xdf5IV$\xe5\x17?\xb8\xaaC\x05X\xbf\
\x7f\xce0J}/\x84a\xdf\x0f\x0d\xb4I\x8cV\xe3\
\x02?\x9a\xa4j\xf3\xbay\x8a\xf1S\xd25\xc5\xeeV\
\x11\x051@\x19Q+M\x844\xa1\x9c\x09\x89\x0c\xe2\
\xbe0_\xed\x1e\xab\xa2\x83\x06\xfd\xdc\xba\xe6\xfb&I\
\xdd\xb7\xea\xb1\xf5\x8d\xb5\xed\xea\x0d\xaa\xf3\xbcu\xd0\x8e\
\x89\x92\x16#/\x0a\xd2\xba\xac\xc1\xf3\x8d\xa1\xc6\x98\xcc\
\xe3L4\xd9\x9f\xd5\x06a\x0d\x0e\x8a\xae\x8f\x1e\xec\xc2\
i\x06\xe6g\x84\xcf\xcd\x08E>'\x81!4\xd2V\
\xc0\x86\xc0n\xd9\xff#\x17bn.t_\x91\x8aH\
f\xb4?\xdap]g&\xca\xa2rIs|&$\
F;\x16c\x88l\xc7c\x0c\xaf\x03V\xc3\xef=\x88\
\xfc\x11\xda{YD\xa82G\xc2N\xe2^\xda\x94\xa6\
\xe6X<O3\x8d~>\x8d\x1ah\xe4@\xc38\xd1\
T\x8d4\x96\x08\xe8\x03\x03\x91%\xca\x97\xc0|\x22\xa1\
\xb3<g\x1f\x12Qj\xa2L\x9e\x85H\x0fD\x5c\x8c\
H\x14\xde\xb6z >\xc2\x0c\x92\xf9(:\x13&\xfd\
\xbd\xf6\x88\x96\xbf\xd2\xb8\xc40\x97\x9f\x85\xc6\x8c4\xd1\
\xb0\x19}\xc9\xc1&\xbd\x16\x1cQ\xaf[\xa4NAr\
\x5c\xa4K\xf9\xe1\xee\xbc\xc3\x13\x0e\xcd&\x5c\xc1\x0d\xff\
\xb6\xee\x7f\x02\x07\x82\xbc0\
\x00\x00\x037\
\x00\
\x00\x0a\xe9x\xda\xedV\xd1n\x9c:\x10\xfd\x15\xcb}\
i\x1f\xf0\xdac3\xb6\xabl\xa4\xb6\x0fW}\xa8\xfa\
\xd0\xdb\x0f ,\xec\x22\x11\x88\x80v\x93\xbf\xbf\xc7\xc0\
\xeeM\xda\xa8m\xa2<V\x80\xd7\x1ef<\xe7\x9c1\
\xf6^\x8c\xdf\xf7\xe2\xf6\xba\xed\xc6\xad<L\xd3\xcd\xdb\
\xcd\xe6x<\xaa\xa3U\xfd\xb0\xdf\x90\xd6z\x03\x0f)\
\x8e\xcdn:l\xa5\xa1 \xc5\xa1j\xf6\x87i\x1d|\
o\xaa\xe3\xfb\xfev+\xb5\xd0\xc2\x12nyy\xb1\x17\
u\xd3\xb6[\xd9\xf5]\x85\xe1M1\x1dV\xcb\xb7\xa1\
}\xfd\xeac\xd9wM}\xf7qgb\xed\xd8WW\
\xde\xc7\xa2*\xaa\xab\xca\xc6h\xdfH\xb1\xdb\xcaO\x86\
\x05}\x08\x8a8\x08\xc2u\xea\x19\x1ey\xee\x1a\xb7\xdc\
\xa3q\xd9\xc9\x92\x19\xf7\x85\xac\xf2\x96fOAr\xf3\
\xc4\xec~\xcdN\xa4\x22c\x16\xa3\x02\xc7\xc2\x08#\xf4\
|\x19e\x9d\xcb\x94-\x8cV\x1a\xe6\xb9]^)\x9b\
a\xc8\x9c\xaf\xeex2\xa3<\x80(M\xa6\x08\xc93\
\x9c\xdcM\xa6\xc8a\x98S\xb87\xbb\xb2\x00m\x943\
|\x0d*\xca\x91S\x86\xed\xd9\x01A\xc1f\xca\xb9w\
\x06\x83\x15\x900^E\x17\x04+\x13\xcf\x99\xe1i\x83\
\xc7T \xf1\x0eIu\x10K\xbb\x04A+.\x10\xc6\
bn\xce\xd4\x98\x05\xb2\xfa\x87\x19\x09\xde*\xcf\xe3\x93\
\xb5t\x7f\xb5|1-\xf3\xbfZ\xbe\x98\x96|\xd2\x12\
\xe1& U\xf0\x5c`>\xdcK\xca\x0c\xf4\x01\xdb\xfb\
\x16B\xe9\x9cUpTf\x8a-t\xd1\x1e6\x17\xb1\
\xf3\x80\x17e\x04p\x09G\x1c\x93\xa6\x89\x99\xb3\x1eV\
\x17rAJ[\x8f8\x9b{\xd4@\xb1\xb7*\xe7\x90\
\xa9H\xca\x07\xf0\x14\xfe\x9c\x8e\xf1\xca\x86\x02ql\xc5\
\xd2.\xe4\xb1\x99\xb9\x1c-\xfd\xef. t\x9a\xce\x95\
\x80\xc8\xa8\x97\x0f\xca\xc6d\xb1\x94\x9e\x84\xd9R\x09\x08\
\x10)\x15\x99M\xc2\x16S\x9f\xc9\x02\x9c\xf7v\x04|\
\x1d`\x8f\x94@\xe7\xe8\xa7`n\x11\x86u\x14r\xdb\
*\x13\x08\xe0\x89~\xd0&\x09@\xe4\x92\xec\xbb\xaa\x1e\
//\xda\xa6\xab\x8a\xe1\x9f\xa1\xd85U7\x89\x06\xda\
\xfez\x87\x97\xe2\xd6\xa4\xe3\x03\xbf\xb4\x95X\xd2>\x9d\
$w\xb0\xc1t\x97L\x01\x12\x1b)\xf6\xeb\x9c_\xbb\
f\xc2\x01\xf5m\xac\x86/7EY}\xee\xbe\x8e\xe9\
`\x19\xa7\xfeF\xa4&+\xfb\xb6\x1f\xb6\xf2U\xed\xd2\
\x95\xb0\xcd\xef\xfa\xba\x1e\xabtT\xc9\x87n\xe5U\xba\
\x92\xdb\xe6!\xfa\xa7\xb3q+\x1b\x88\xb8\xf0\xc1I\x95\
\xa8%:&$\xe3\xcc\x08\x0b#\xf0s\x189\xba\x0a\
^\xaf\xf8{\xf86\xd3\x1dN\xdb\x9f(*oX>\
\x1a\xfa\x12,\xf3\x85%i,\xa4\xb8\xd6\x0dk\x93\xfd\
\x99(\xf9{T\x93\xfd\xe9T\xab@\xa53\x7f@\x15\
\xdf\x8b|4\xf4%\xa8\xf2ZP\x8b=qaj\xa2\
\xca\x13\xae\xc44\xed\x16+Q\xc3\xd0\xfc9<u]\
\xd4u\xfd\xdbEJ\x9e]\xe5\x1f\xe5\x94:E\xfb\xe7\
\x9cP\x8e2\xfdG\xc3\xcf\xac\xa8\x18\xe6t'\xe8\xff\
\x0eE7\xd6\xfdp\xbd\x95\xd7\xc544\xb7\xafQD\
\xd6:.{\x90V\xc6\xe2\xfb\xcfU\x8eM\x04o\x96\
\xe3\xe8\xd9K\xf9\xa7r\xba\xf8c9\xeb:\x92\xf9\xbd\
B\xf7\xaa\xfeP\x11\x18\x96\xbdi\xb3\xc7\x83\x7f\xb0\x97\
\xff\x01\x0d\xd7\xcfg\
"

qt_resource_name = b"\
\x00\x03\
\x00\x00hp\
\x00a\
\x00p\x00p\
\x00\x05\
\x00o\xa6S\
\x00i\
\x00c\x00o\x00n\x00s\
\x00\x06\
\x07\x03}\xc3\
\x00i\
\x00m\x00a\x00g\x00e\x00s\
\x00\x08\
\x05\xe2Y'\
\x00l\
\x00o\x00g\x00o\x00.\x00p\x00n\x00g\
\x00\x0b\
\x00\xfd\xcd\xa7\
\x00S\
\x00e\x00t\x00t\x00i\x00n\x00g\x00.\x00s\x00v\x00g\
\x00\x0c\
\x0e\x0d/\xc7\
\x00F\
\x00e\x00e\x00d\x00b\x00a\x00c\x00k\x00.\x00s\x00v\x00g\
\x00\x07\
\x0f\x9eZG\
\x00H\
\x00s\x00k\x00.\x00s\x00v\x00g\
\x00\x0b\
\x04\x1b#\xc7\
\x00A\
\x00d\x00v\x00a\x00n\x00c\x00e\x00.\x00s\x00v\x00g\
\x00\x0a\
\x0b|\x05\xc7\
\x00T\
\x00h\x00r\x00e\x00a\x00d\x00.\x00s\x00v\x00g\
\x00\x0c\
\x05\xb7\xed\xc7\
\x00M\
\x00a\x00x\x00T\x00r\x00i\x00e\x00s\x00.\x00s\x00v\x00g\
\x00\x0f\
\x06\xb2j\xa7\
\x00I\
\x00n\x00f\x00o\x00r\x00m\x00a\x00t\x00i\x00o\x00n\x00.\x00s\x00v\x00g\
\x00\x09\
\x0b\x9e\xc9\x07\
\x00C\
\x00h\x00e\x00c\x00k\x00.\x00s\x00v\x00g\
\x00\x0a\
\x0b\xd1\x0f\xc7\
\x00S\
\x00t\x00a\x00t\x00u\x00s\x00.\x00s\x00v\x00g\
\x00\x0a\
\x08v\x9cg\
\x00G\
\x00l\x00o\x00b\x00a\x00l\x00.\x00s\x00v\x00g\
\x00\x08\
\x06|S\x87\
\x00C\
\x00o\x00p\x00y\x00.\x00s\x00v\x00g\
\x00\x0a\
\x08\xcf\xe2\xa7\
\x00N\
\x00u\x00m\x00b\x00e\x00r\x00.\x00s\x00v\x00g\
\x00\x0a\
\x03\x00\xad\xe7\
\x00P\
\x00u\x00b\x00l\x00i\x00c\x00.\x00s\x00v\x00g\
\x00\x0c\
\x03\x9a\xce\x07\
\x00S\
\x00a\x00v\x00e\x00P\x00a\x00t\x00h\x00.\x00s\x00v\x00g\
\x00\x0e\
\x05\x87\xcf\x87\
\x00S\
\x00y\x00s\x00t\x00e\x00m\x00I\x00n\x00f\x00o\x00.\x00s\x00v\x00g\
"

qt_resource_struct = b"\
\x00\x00\x00\x00\x00\x02\x00\x00\x00\x01\x00\x00\x00\x01\
\x00\x00\x00\x00\x00\x00\x00\x00\
\x00\x00\x00\x00\x00\x02\x00\x00\x00\x02\x00\x00\x00\x02\
\x00\x00\x00\x00\x00\x00\x00\x00\
\x00\x00\x00\x0c\x00\x02\x00\x00\x00\x0f\x00\x00\x00\x05\
\x00\x00\x00\x00\x00\x00\x00\x00\
\x00\x00\x00\x1c\x00\x02\x00\x00\x00\x01\x00\x00\x00\x04\
\x00\x00\x00\x00\x00\x00\x00\x00\
\x00\x00\x00.\x00\x00\x00\x00\x00\x01\x00\x00\x00\x00\
\x00\x00\x01\x95\x9f\x81s\xc0\
\x00\x00\x00D\x00\x01\x00\x00\x00\x01\x00\x02q\x88\
\x00\x00\x01\x9fF_\xfe\xb9\
\x00\x00\x01\x86\x00\x00\x00\x00\x00\x01\x00\x02\xaa\xda\
\x00\x00\x01\x9fF\xeb\xad\xdd\
\x00\x00\x01\xa0\x00\x01\x00\x00\x00\x01\x00\x02\xb1\x94\
\x00\x00\x01\x9fF\x80\xa7\x1b\
\x00\x00\x00\x92\x00\x01\x00\x00\x00\x01\x00\x02\x85\xd9\
\x00\x00\x01\x9fF\x94\xf7;\
\x00\x00\x01\xbe\x00\x01\x00\x00\x00\x01\x00\x02\xb4!\
\x00\x00\x01\x9fF\x87[\x80\
\x00\x00\x00\xc8\x00\x00\x00\x00\x00\x01\x00\x02\x8b\xa4\
\x00\x00\x01\x9fF\x84\xc6<\
\x00\x00\x01V\x00\x01\x00\x00\x00\x01\x00\x02\xa2\xae\
\x00\x00\x01\x9fF\x93\x0e\x09\
\x00\x00\x00\xe6\x00\x01\x00\x00\x00\x01\x00\x02\x93\xaa\
\x00\x00\x01\x9fF\x8a^\xc7\
\x00\x00\x01<\x00\x01\x00\x00\x00\x01\x00\x02\x9e\x82\
\x00\x00\x01\x9fF\x85[\xc5\
\x00\x00\x01l\x00\x00\x00\x00\x00\x01\x00\x02\xa4\xac\
\x00\x00\x01\x9fF\x81\x84y\
\x00\x00\x00\xae\x00\x01\x00\x00\x00\x01\x00\x02\x89\x06\
\x00\x00\x01\x9fF\x83C\xbf\
\x00\x00\x01\x0a\x00\x00\x00\x00\x00\x01\x00\x02\x95\xfc\
\x00\x00\x01\x9fF\x94Q\xeb\
\x00\x00\x01\x22\x00\x01\x00\x00\x00\x01\x00\x02\x9c\x17\
\x00\x00\x01\x9fF\x95\xd9\x96\
\x00\x00\x00`\x00\x01\x00\x00\x00\x01\x00\x02~\x99\
\x00\x00\x01\x9fF\x89\xd4\xad\
\x00\x00\x00~\x00\x01\x00\x00\x00\x01\x00\x02\x81\x00\
\x00\x00\x01\x9fF\x86\x06\xb9\
"

def qInitResources():
    QtCore.qRegisterResourceData(0x03, qt_resource_struct, qt_resource_name, qt_resource_data)

def qCleanupResources():
    QtCore.qUnregisterResourceData(0x03, qt_resource_struct, qt_resource_name, qt_resource_data)

qInitResources()
